APOGEE_ID,2MASS,RA,DEC,m_R,em_R,a_R,ea_R,g_R,eg_R,t_R,et_R,v_R,ev_R,m_DR1,em_DR1,a_DR1,ea_DR1,g_DR1,eg_DR1,t_DR1,et_DR1,v_DR1,ev_DR1,m_DR2,em_DR2,a_DR2,ea_DR2,g_DR2,eg_DR2,t_DR2,et_DR2,v_DR2,ev_DR2
2M05200250-0229098,05200250-0229098,80.010435,-2.48608,0.08,0.04,0.17,0.040000003,3.88,0.09000015,5626.0,75.75,10.08,0.58500004,-0.05,0.095,0.12,0.055000003,3.8,0.09000003,5302.0,157.0,10.31,0.91499996,0.18,0.055,-0.03,0.075,3.91,0.12500012,5708.0,142.0,10.09,0.66499996
2M05201480-0225456,05201480-0225456,80.061696,-2.429343,0.03,0.060000002,0.17,0.125,4.46,0.1650002,4818.0,127.5,21.9,1.6899996,0.03,0.05,0.1,0.045,4.52,0.07500005,4677.0,91.0,20.75,1.3299999,0.04,0.02,0.03,0.035,4.34,0.06499982,4588.0,44.5,20.83,0.83500004
2M05201885-0149010,05201885-0149010,80.078555,-1.816954,-0.12,0.065,-0.02,0.045,4.01,0.11500001,4365.0,138.5,19.38,1.7349997,-0.03,0.065,0.1,0.07,4.17,0.109999895,4615.0,130.0,19.14,1.9099998,-0.1,0.044999998,0.0,0.04,4.13,0.125,4401.0,81.0,19.2,1.5450001
2M05203382-0155237,05203382-0155237,80.140926,-1.923255,-0.26,0.04500001,0.01,0.024999999,3.91,0.04000008,3701.0,38.0,87.41,2.9350014,-0.24,0.029999994,-0.09,0.025,3.9,0.05000007,3741.0,37.0,90.17,2.449997,-0.34,0.054999992,-0.08,0.04,3.83,0.08500004,3777.0,65.0,93.75,5.095001
2M05204202-0128109,05204202-0128109,80.175115,-1.469696,-0.1,0.085,0.06,0.09,4.11,0.21499991,4418.0,166.0,52.32,4.4799995,-0.1,0.06,-0.04,0.065,4.19,0.119999886,4313.0,120.5,53.0,3.625,-0.18,0.024999999,0.05,0.02,3.82,0.09000003,4340.0,34.5,51.41,1.4050007
2M05205008-0253313,05205008-0253313,80.208702,-2.892034,-0.35,0.205,-0.0,0.11,3.83,0.255,3672.5,192.5,38.61,11.375,-0.2,0.11,0.18,0.099999994,4.44,0.125,3749.0,71.5,26.64,5.464999,-0.1,0.045,-0.06,0.015000001,3.85,0.07000005,3458.0,44.5,19.61,1.6999998
2M05205489+0102022,05205489+0102022,80.228738,1.033969,0.03,0.055,-0.0,0.049999997,4.32,0.16499996,4427.0,109.0,24.01,1.6199999,0.04,0.040000003,0.11,0.05,4.06,0.08499992,4487.0,82.0,24.23,1.1700001,0.06,0.02,0.01,0.02,4.2,0.06000018,4412.0,41.5,23.58,1.1350002
2M05210656-0053297,05210656-0053297,80.277357,-0.891585,-0.21,0.08,0.05,0.114999995,3.88,0.29000008,4109.0,150.5,15.82,3.255,-0.18,0.09,0.23,0.13,4.29,0.17499995,4292.0,117.5,14.52,3.3049994,-0.1,0.019999996,-0.01,0.02,4.28,0.024999857,3998.0,53.5,11.05,1.5999999
2M05213256-0250066,05213256-0250066,80.3857,-2.835189,-0.26,0.080000006,0.09,0.1,4.4,0.16999984,6422.0,148.25,14.61,1.31,-0.13,0.030000001,-0.07,0.02,4.32,0.049999952,6443.0,41.5,14.65,0.59000015,-0.17,0.06999999,-0.1,0.07,4.28,0.17499995,6413.0,161.0,14.59,0.62999964
2M05213596-0021273,05213596-0021273,80.399856,-0.357608,-0.06,0.08,0.18,0.155,4.28,0.21999979,4414.0,138.0,19.56,3.2749996,-0.04,0.035,0.07,0.045,4.44,0.08500004,4356.0,48.5,18.55,1.915,-0.09,0.03,-0.04,0.010000001,4.06,0.06500006,4148.0,49.75,16.28,1.165
2M05213799-0027396,05213799-0027396,80.40833,-0.461007,-0.41,0.125,0.2,0.11000001,3.83,0.16000009,3530.0,170.0,85.62,20.935001,-0.25,0.09,0.26,0.07,4.32,0.13999987,3655.0,76.0,61.32,6.0350018,-0.22,0.024999999,0.08,0.024999999,3.65,0.06999993,3367.0,36.5,61.12,2.6350002
2M05214888+0103326,05214888+0103326,80.453681,1.059079,-0.22,0.11000001,0.04,0.15,3.91,0.17999995,6209.0,221.5,47.9,6.254999,-0.23,0.060000002,0.2,0.095,4.07,0.109999895,6355.0,116.75,46.75,3.2350006,-0.33,0.019999996,0.05,0.035,3.7,0.059999943,5999.0,45.5,44.15,1.9749985
2M05214914+0035156,05214914+0035156,80.454765,0.587694,-0.07,0.075,0.04,0.055,4.15,0.120000124,4691.0,132.0,36.74,1.8500004,-0.01,0.015,0.05,0.01,4.14,0.01999998,4785.0,39.25,35.44,0.9449997,0.03,0.024999999,0.05,0.015,4.12,0.049999952,4647.0,40.5,35.13,0.78499985
2M05215424+0155020,05215424+0155020,80.476008,1.917224,-0.15,0.11,-0.03,0.085,3.91,0.19000006,3899.0,145.0,33.47,4.885001,-0.19,0.125,0.14,0.075,4.07,0.1450001,4075.0,109.5,32.21,3.4799995,-0.1,0.095,-0.06,0.035,3.9,0.13000011,3786.0,110.0,26.41,2.63
2M05215426-0217257,05215426-0217257,80.476114,-2.290473,-0.44,0.030000001,0.16,0.044999998,3.6,0.07000005,4451.0,51.0,29.32,1.4200001,-0.45,0.030000001,0.17,0.054999996,3.44,0.07999992,4494.0,51.0,29.46,1.1449995,-0.46,0.019999996,0.03,0.024999999,3.48,0.06499994,4392.0,38.5,28.82,0.6800003
2M05215828-0257493,05215828-0257493,80.492855,-2.9637,-1.42,0.050000012,-0.0,0.015,3.09,0.03000009,5658.0,30.5,198.06,4.215004,-1.42,0.125,0.17,0.13000001,3.39,0.15999997,5839.0,110.0,178.48,9.534996,-1.33,0.06999999,-0.49,0.15500002,3.03,0.10500002,5606.0,62.0,193.9,5.255005
2M05215832+0112140,05215832+0112140,80.493005,1.203896,-0.35,0.029999986,-0.09,0.025,3.78,0.029999971,3538.0,38.0,19.97,7.839999,-0.33,0.17,-0.06,0.07,4.06,0.19500005,3804.0,129.5,63.16,9.98,-0.34,0.075,-0.08,0.015000002,3.79,0.07499993,3547.0,50.0,34.46,7.424999
2M05220209-0236148,05220209-0236148,80.508735,-2.604135,-0.44,0.049999997,-0.18,0.030000001,3.94,0.049999952,6890.0,53.0,132.55,4.3950043,-0.49,0.040000007,-0.02,0.035,3.97,0.045000076,6927.0,49.5,125.84,3.579998,-0.47,0.059999987,-0.12,0.07,3.94,0.055000067,6882.0,66.0,132.44,4.715
2M05220307+0107141,05220307+0107141,80.512798,1.120588,-0.07,0.045,0.03,0.04,4.28,0.06500006,4325.0,70.5,15.51,1.4299998,-0.1,0.044999998,0.18,0.06,4.19,0.09000015,4352.0,52.5,16.23,1.5600004,-0.01,0.035,-0.01,0.024999999,4.22,0.06500006,4150.0,46.5,14.91,0.8699999
2M05221705-0202120,05221705-0202120,80.571045,-2.036678,-0.56,0.195,0.05,0.075,3.34,0.21500003,3513.0,97.0,79.32,8.720001,-0.35,0.135,0.17,0.09,4.13,0.119999886,3639.0,84.0,84.25,7.7249985,-0.2,0.024999999,-0.02,0.02,3.68,0.059999943,3375.0,41.0,74.67,1.8149986
2M05222112-0029129,05222112-0029129,80.588031,-0.486917,-0.12,0.055,0.02,0.07,4.23,0.09500003,4308.0,94.0,22.84,2.7849998,-0.16,0.025000002,-0.03,0.02,4.14,0.049999952,4212.0,69.0,20.09,1.2799997,-0.15,0.025000002,-0.02,0.015,4.13,0.055000067,4198.0,38.5,19.75,0.8199997
2M05222181-0216503,05222181-0216503,80.590887,-2.280651,-0.23,0.085,-0.01,0.065,4.09,0.1500001,3958.0,113.0,16.61,3.37,-0.07,0.025,-0.06,0.025,4.21,0.024999857,3864.0,42.5,16.26,1.9249997,-0.15,0.030000001,0.0,0.03,4.12,0.03999996,3874.0,43.0,15.65,1.7900004
2M05222204+0139294,05222204+0139294,80.591838,1.658191,-0.05,0.08,-0.18,0.09,3.86,0.120000005,5362.0,144.75,94.76,4.0649986,-0.05,0.045,0.13,0.030000001,3.94,0.059999943,5314.0,78.5,90.75,3.2949982,-0.02,0.05,0.02,0.03,3.71,0.06499994,5385.0,96.0,91.24,1.7699966
2M05222405-0024229,05222405-0024229,80.600235,-0.40638,-0.23,0.049999997,0.1,0.05,4.22,0.06500006,4114.0,46.5,20.84,2.04,-0.1,0.040000003,-0.07,0.03,4.65,0.059999943,4103.0,49.5,15.84,1.9649997,-0.19,0.04,0.02,0.06,4.21,0.08000016,3941.0,79.0,17.27,1.7650003
2M05222482+0002342,05222482+0002342,80.603452,0.042836,-0.07,0.05,0.18,0.05,4.26,0.07999992,4266.0,85.5,15.13,1.5200005,0.1,0.074999996,-0.08,0.045,4.31,0.06500006,3951.0,134.5,14.18,2.1400003,-0.12,0.04,-0.01,0.035,4.04,0.08499992,4103.0,41.5,14.88,0.9699998
2M05222970+0208054,05222970+0208054,80.623776,2.134841,-0.21,0.035000004,-0.04,0.044999998,4.08,0.05499983,4129.0,60.0,24.79,1.6700001,-0.15,0.030000001,-0.1,0.02,4.12,0.03999996,3956.0,109.0,24.03,1.4899998,-0.12,0.034999996,-0.1,0.025,4.14,0.055000067,3931.0,86.5,23.93,1.2549992
2M05223465-0231282,05223465-0231282,80.644381,-2.524506,-0.16,0.09,0.24,0.19,3.94,0.25,4318.0,131.5,18.49,2.5700002,-0.07,0.080000006,0.26,0.11000001,4.46,0.09500003,4347.0,87.5,15.62,1.6050005,0.04,0.02,0.02,0.025,4.3,0.029999971,4101.0,37.5,14.97,1.0149999
2M05223796-0006011,05223796-0006011,80.658199,-0.10033,-0.11,0.045,0.06,0.04,4.15,0.07999992,4384.0,67.75,15.63,1.4299998,-0.02,0.09,-0.06,0.11,4.25,0.17000008,4320.5,182.375,15.26,2.2549996,-0.09,0.025,0.0,0.01,4.14,0.06500006,4314.0,36.5,15.05,0.9050002
2M05223808-0021336,05223808-0021336,80.65869,-0.359352,-0.01,0.07,0.09,0.065,4.33,0.125,4337.0,82.0,43.39,6.165001,-0.07,0.045,0.05,0.060000002,4.3,0.11000013,4291.0,78.25,38.18,3.4750004,-0.16,0.015000001,-0.03,0.015,3.81,0.03999996,4131.0,41.0,34.15,0.92500114
2M05223881-0102338,05223881-0102338,80.661744,-1.04274,-0.67,0.120000005,-0.4,0.22500001,3.14,0.06500006,6271.0,72.5,175.0,10.68,-1.19,0.3,0.39,0.34,2.97,0.06499994,6205.0,62.0,160.5,22.955002,-0.63,0.030000001,-0.13,0.030000001,3.1,0.03000009,6192.0,34.0,188.8,4.199997
2M05224282-0053065,05224282-0053065,80.678423,-0.885157,-0.13,0.04,-0.03,0.03,3.81,0.060000062,3539.0,46.5,14.9,2.2250004,-0.07,0.145,0.05,0.12,4.23,0.18999982,3783.0,164.0,23.55,8.165001,0.18,0.12,-0.03,0.04,4.35,0.11000013,3621.0,44.0,14.58,1.2050004
2M05224327-0113384,05224327-0113384,80.680317,-1.227346,-0.21,0.065000005,0.08,0.085,3.74,0.19500005,4388.0,99.5,68.09,7.9400005,-0.11,0.055,0.05,0.09,4.26,0.19499993,4423.0,96.5,69.94,5.6150017,-0.2,0.014999993,0.06,0.014999999,3.88,0.05000007,4326.0,26.5,63.19,1.2850018
2M05224489-0102322,05224489-0102322,80.687073,-1.042283,-0.28,0.13,0.17,0.14999999,4.03,0.17500007,4044.5,168.5,20.56,4.09,-0.11,0.11,0.14,0.125,4.5,0.22000003,3952.0,127.0,17.86,3.2399998,-0.06,0.035,-0.1,0.04,4.14,0.049999952,3784.0,48.0,15.98,2.065
2M05224790+0241315,05224790+0241315,80.699613,2.692093,0.0,0.055,-0.01,0.049999997,4.59,0.08000016,4378.0,62.0,18.86,2.6599994,-0.05,0.07,0.03,0.095,4.41,0.18000007,4556.0,202.25,19.27,3.6299996,-0.04,0.04,-0.03,0.03,4.62,0.16499996,4382.0,37.0,15.12,1.7399998
2M05225160-0050322,05225160-0050322,80.715012,-0.8423,-0.1,0.26,0.13,0.215,4.35,0.24499989,3911.0,242.375,16.47,4.5950003,0.07,0.065,-0.04,0.05,4.28,0.08500004,3746.0,78.5,13.75,2.3300004,0.15,0.08,-0.06,0.024999999,4.21,0.034999847,3643.0,54.0,10.65,1.7049999
2M05225965+0120089,05225965+0120089,80.748562,1.335829,-0.28,0.13,-0.04,0.05,3.87,0.22000003,3937.0,95.0,18.57,3.1999998,-0.03,0.105000004,0.17,0.14,4.64,0.16499996,4204.0,156.875,24.11,5.8500004,0.01,0.02,-0.07,0.02,4.24,0.035000086,3832.0,51.0,16.23,1.9250002
2M05230195+0026205,05230195+0026205,80.758141,0.439053,-1.33,0.19999999,0.26,0.31,3.01,0.110000014,6078.0,67.5,183.46,10.885002,-1.96,0.245,0.24,0.035000004,2.92,0.059999943,6058.0,28.25,187.37,5.885002,-1.37,0.044999957,0.64,0.049999982,2.95,0.034999967,6032.0,24.0,189.24,4.0049973
2M05230242-0159061,05230242-0159061,80.760103,-1.985044,-0.9,0.15,-0.08,0.27,3.57,0.055000067,6409.0,54.5,150.61,14.784996,-0.86,0.09,-0.35,0.24,3.55,0.060000062,6406.0,50.0,185.08,8.145004,-1.51,0.06999999,0.88,0.044999987,3.5,0.029999971,6379.0,23.5,198.72,4.3799973
2M05230324-0129167,05230324-0129167,80.763501,-1.487996,-0.22,0.054999992,0.17,0.055,3.82,0.13000011,4169.0,65.0,23.03,2.335,-0.26,0.085,0.1,0.045,4.0,0.15499997,4205.0,74.5,23.26,2.8450003,-0.17,0.035000004,-0.07,0.030000001,4.0,0.07500005,3936.0,92.5,22.59,1.6950006
2M05230470+0137148,05230470+0137148,80.769587,1.6208,-0.18,0.16499999,-0.02,0.085,3.62,0.17999995,3561.0,102.5,21.26,6.2649994,0.09,0.120000005,-0.02,0.075,4.43,0.19499993,3710.0,107.5,18.78,4.1549997,-0.12,0.055,-0.05,0.02,3.62,0.110000014,3449.0,42.5,15.24,1.935
2M05230686+0118237,05230686+0118237,80.778621,1.306605,-0.77,0.14500001,0.4,0.27499998,3.59,0.055000067,6289.0,46.5,133.31,10.474998,-0.66,0.044999987,0.02,0.04,3.57,0.05000007,6260.0,52.5,95.21,6.915001,-0.52,0.040000007,-0.18,0.050000004,3.57,0.04000008,6219.0,45.5,110.55,3.4249992
2M05231014+0108225,05231014+0108225,80.792288,1.1396,-1.54,0.21499997,0.1,0.215,2.94,0.08500004,5639.0,37.0,172.93,13.185005,-1.42,0.07499999,0.23,0.060000002,3.17,0.060000062,5769.0,50.0,127.41,14.5,-1.41,0.01999998,0.15,0.025000006,2.86,0.04000008,5573.0,25.5,173.44,1.9749985
2M05231408-0034555,05231408-0034555,80.808694,-0.582088,-0.1,0.035,0.08,0.035,4.49,0.08500004,4407.0,47.5,15.16,1.0649996,-0.14,0.015000001,0.02,0.015,4.3,0.035000086,4372.0,32.5,15.38,0.9300003,-0.17,0.019999996,0.01,0.024999999,4.07,0.07000005,4334.0,35.5,15.55,1.0249996
2M05231479-0050586,05231479-0050586,80.811641,-0.849619,-0.13,0.06999999,0.04,0.049999997,4.23,0.08500004,4160.0,65.0,16.27,1.9249997,-0.18,0.08,0.27,0.135,4.3,0.18999982,4253.0,94.5,16.03,2.1800003,-0.07,0.03,-0.03,0.02,4.17,0.034999847,3953.0,46.875,14.37,0.9250002
2M05232286-0133286,05232286-0133286,80.845278,-1.557954,-0.26,0.11500001,0.25,0.14500001,3.97,0.18000007,4092.0,117.5,39.64,4.135,0.08,0.25,-0.05,0.12,4.57,0.29500008,3915.0,151.5,39.09,4.0,-0.16,0.019999996,-0.05,0.02,3.92,0.034999967,3828.0,39.5,37.7,1.3250008
2M05232293-0126272,05232293-0126272,80.845543,-1.440896,-0.99,0.120000005,-0.01,0.19,3.2,0.07000005,5880.0,63.0,161.21,14.330002,-1.04,0.099999994,-0.59,0.20500001,3.04,0.07000005,5796.0,62.0,146.06,11.010002,-0.88,0.03999999,-0.43,0.19,3.05,0.044999957,5787.0,35.0,189.51,8.305
2M05233090+0151185,05233090+0151185,80.878754,1.855158,-0.09,0.055,0.05,0.045,4.0,0.10500002,4105.0,39.5,61.22,3.459999,0.04,0.085,0.05,0.07,4.59,0.17999983,4144.0,66.375,61.2,3.4299984,-0.15,0.05,-0.08,0.045,3.99,0.099999905,3993.0,98.0,59.11,2.2649994
2M05233281+0000301,05233281+0000301,80.886722,0.008374,-0.41,0.065,0.11,0.030000001,3.81,0.08500004,4500.0,78.0,19.96,1.1799994,-0.29,0.055,0.19,0.059999995,4.03,0.10500002,4702.0,150.0,20.38,1.8200006,-0.36,0.019999996,0.12,0.024999999,3.92,0.055000067,4407.0,44.0,19.34,0.6350002
2M05233418-0248187,05233418-0248187,80.892434,-2.805203,-1.61,0.09499997,0.12,0.05,3.33,0.04000008,6057.0,29.5,189.73,5.4800034,-1.05,0.089999974,-0.37,0.225,3.61,0.07500005,6226.0,64.5,156.16,8.635002,-1.33,0.110000014,-0.17,0.195,3.3,0.06500006,6031.0,39.5,194.12,5.7699966
2M05233430-0157097,05233430-0157097,80.89292,-1.952712,-0.05,0.11,0.12,0.175,4.09,0.19999993,4125.0,190.375,24.42,5.99,-0.16,0.11,0.25,0.099999994,4.09,0.19999993,4160.0,58.0,21.0,2.6949997,0.01,0.030000001,-0.05,0.024999999,4.12,0.05499983,3832.0,46.5,16.36,1.9499998
2M05233436+0225251,05233436+0225251,80.893178,2.42364,-0.17,0.044999998,0.15,0.049999997,4.41,0.05499983,6133.0,55.5,11.45,0.9299998,0.13,0.155,0.04,0.07,4.59,0.17000008,6694.0,269.5,12.24,1.6100001,-0.17,0.035,0.05,0.02,4.14,0.10000014,5955.0,78.0,11.1,0.8199997
2M05233550+0135409,05233550+0135409,80.897925,1.594722,-0.28,0.089999996,0.22,0.115,4.18,0.11500001,3799.0,103.0,15.84,2.3999996,-0.28,0.059999995,-0.0,0.03,4.12,0.06999993,3845.0,52.0,15.31,1.7699995,-0.12,0.065,-0.07,0.044999998,4.26,0.045000076,3803.0,52.5,14.77,1.3600001
2M05234159+0001547,05234159+0001547,80.923298,0.031877,-0.1,0.055,0.14,0.04,3.93,0.18499994,4783.0,102.5,19.46,1.3700008,-0.07,0.030000001,0.08,0.025,4.32,0.05499983,4666.0,86.0,17.46,1.3299999,-0.12,0.06,0.09,0.024999999,3.91,0.18500006,4669.0,95.5,19.33,1.29
2M05234591+0150334,05234591+0150334,80.941294,1.842615,-0.46,0.08999999,0.12,0.155,3.79,0.110000014,6329.0,106.0,163.72,19.185005,-0.53,0.045,-0.01,0.044999998,3.73,0.049999952,6271.0,43.0,111.7,6.3549995,-0.56,0.054999992,-0.12,0.055000003,3.61,0.045000076,6188.0,37.5,105.46,14.964996
2M05234607+0032281,05234607+0032281,80.941996,0.541157,0.05,0.035,0.06,0.04,4.55,0.17000008,4805.0,104.5,34.46,1.3349991,0.01,0.044999998,0.16,0.085,4.27,0.125,4665.0,85.0,35.07,1.6599998,0.05,0.015,0.03,0.015,4.29,0.03999996,4614.0,32.0,33.44,0.664999
2M05234655+0145158,05234655+0145158,80.943998,1.754396,-0.1,0.075,0.16,0.19,4.29,0.17000008,4589.0,210.0,16.36,2.7299995,-0.04,0.07,-0.02,0.065,4.45,0.120000124,4588.0,158.75,15.86,1.8900003,-0.11,0.02,-0.01,0.015,4.0,0.05000007,4317.0,44.0,14.93,0.76500034
2M05234715-0043587,05234715-0043587,80.94646,-0.732984,-0.17,0.055000003,0.04,0.02,3.89,0.14999998,4389.0,45.75,15.8,0.79000044,-0.05,0.02,-0.04,0.025,4.42,0.03999996,4404.0,39.0,14.72,0.9050002,-0.1,0.02,0.0,0.015,4.02,0.059999943,4329.0,43.0,14.87,0.7149997
2M05234760-0207482,05234760-0207482,80.948353,-2.13007,-0.23,0.055,0.05,0.035000004,4.01,0.07999992,4127.0,59.0,24.24,2.33,-0.2,0.075,0.17,0.099999994,4.29,0.2249999,4307.0,135.0,23.54,3.6099997,-0.19,0.024999999,0.01,0.03,4.17,0.03999996,4085.0,43.0,20.09,1.1350002
2M05235036+0204557,05235036+0204557,80.959844,2.08216,-1.41,0.07499999,0.25,0.050000004,3.08,0.055000067,5487.0,46.0,189.09,5.9850006,-1.3,0.045000017,-0.39,0.16,3.22,0.06499994,5600.0,42.0,170.12,5.1800003,-1.65,0.01999998,0.3,0.015000001,2.86,0.045000076,5373.0,25.5,199.13,5.1550064
2M05235147+0037007,05235147+0037007,80.964495,0.616868,-0.39,0.16499999,0.08,0.080000006,4.22,0.21000004,3645.0,168.0,18.38,3.0549994,-0.16,0.225,-0.01,0.11,4.19,0.17999983,3598.0,119.875,22.7,6.8,-0.18,0.085,-0.03,0.04,3.86,0.09500003,3461.0,60.0,15.77,1.4049997
2M05235154+0103250,05235154+0103250,80.964774,1.05696,-0.09,0.085,0.13,0.18,4.41,0.27499986,4226.0,137.5,17.79,3.1,-0.15,0.06999999,0.14,0.065,4.42,0.10500002,4271.0,76.5,15.86,2.1050005,-0.12,0.055,-0.05,0.049999997,4.17,0.099999905,4000.0,98.5,15.25,1.4949999
2M05235850+0021053,05235850+0021053,80.993761,0.351482,0.04,0.085,0.14,0.145,4.17,0.27999997,4637.0,160.0,23.64,2.62,0.04,0.015,0.02,0.02,4.22,0.03999996,4531.0,50.5,21.75,1.125,-0.03,0.055,0.03,0.025,3.91,0.16499996,4482.0,69.0,21.95,1.3150005
2M05240075-0212416,05240075-0212416,81.003145,-2.211556,-0.11,0.065,0.22,0.09,4.14,0.13000011,4353.0,87.5,21.23,2.795,-0.09,0.04,-0.01,0.03,3.89,0.09000015,4155.0,76.5,19.93,1.2150002,-0.06,0.055,-0.02,0.03,4.14,0.13,4112.0,42.5,19.13,1.0500002
2M05240156+0137047,05240156+0137047,81.006522,1.617992,-0.3,0.105000004,0.2,0.13499999,4.03,0.21999991,3939.0,147.5,104.5,12.725002,-0.15,0.089999996,0.21,0.10000001,4.41,0.22000003,3944.5,146.0,117.53,10.334999,-0.18,0.020000003,-0.04,0.04,3.98,0.06499994,3829.0,32.5,103.71,3.0499992
2M05240229+0153213,05240229+0153213,81.009549,1.889264,-0.22,0.245,0.18,0.14,4.15,0.25,3776.0,161.375,19.34,4.34,-0.22,0.21,0.09,0.21,4.44,0.23000002,3840.0,202.5,16.38,3.4299998,-0.13,0.065,0.09,0.05,4.08,0.08500004,3627.0,66.0,14.89,1.2849998
2M05240425+0148303,05240425+0148303,81.017725,1.808425,-0.12,0.185,0.04,0.095,4.29,0.21499991,3842.5,244.875,17.53,4.2400002,-0.02,0.125,0.05,0.07,4.21,0.11000013,3666.0,104.5,16.76,3.1349998,0.08,0.060000002,-0.02,0.03,4.23,0.11000013,3608.0,50.0,14.58,1.2849998
2M05240756+0138416,05240756+0138416,81.03153,1.644913,-0.07,0.22,0.05,0.145,4.11,0.25999987,3845.0,222.875,20.65,6.3100004,-0.13,0.17999999,0.22,0.22,4.39,0.18500018,3889.5,193.0,20.3,3.87,0.37,0.16,-0.07,0.025000002,4.27,0.11000013,3488.5,86.0,15.16,1.5750003
2M05240773-0020180,05240773-0020180,81.032211,-0.338347,-0.13,0.049999997,-0.05,0.04,4.15,0.0849998,6181.0,122.0,28.18,1.9499998,-0.12,0.185,-0.2,0.19999999,4.16,0.24000013,6248.0,311.5,27.2,2.8200006,-0.22,0.035000004,-0.07,0.020000001,3.82,0.03999996,5937.0,56.0,25.53,0.9250002
2M05240873+0108109,05240873+0108109,81.03641,1.136366,0.08,0.125,-0.1,0.14,4.39,0.25,4904.0,300.75,27.95,2.2649994,0.1,0.1,-0.1,0.165,4.49,0.20000005,5021.0,273.75,27.43,2.0250006,0.02,0.024999999,-0.02,0.02,4.18,0.06500006,4533.0,61.25,25.45,0.8100004
2M05240895+0143534,05240895+0143534,81.037304,1.731502,-0.3,0.25,-0.02,0.075,3.91,0.22000003,3494.0,177.875,21.33,5.96,-0.12,0.245,0.1,0.14500001,4.24,0.20000005,3519.0,116.0,23.55,5.4349995,-0.07,0.034999996,-0.05,0.02,3.76,0.054999948,3347.0,38.5,16.46,2.1750002
2M05241035+0144074,05241035+0144074,81.043147,1.735392,-0.13,0.105,0.2,0.22,4.01,0.24000001,4183.0,156.0,18.56,2.835,0.09,0.035,-0.06,0.03,4.38,0.029999971,3898.0,58.5,14.91,1.4749994,-0.05,0.07,0.0,0.045,4.25,0.07500005,3974.0,93.0,14.96,1.0800004
2M05241048-0131503,05241048-0131503,81.043669,-1.530654,0.05,0.114999995,0.1,0.1,4.36,0.26999998,4726.0,319.5,16.64,1.75,0.01,0.055,-0.01,0.06,4.17,0.13000011,4526.0,117.5,16.74,1.6300001,0.04,0.02,0.06,0.02,4.27,0.049999952,4429.0,47.0,15.4,0.8300004
2M05241054+0111386,05241054+0111386,81.043951,1.194056,-0.06,0.12,-0.01,0.095,4.23,0.2299999,3802.0,141.0,21.65,5.585,-0.2,0.09,-0.09,0.044999998,3.8,0.14499998,3719.0,94.5,32.43,5.365,-0.08,0.075,-0.08,0.025,3.82,0.060000062,3538.0,44.5,17.46,3.0599995
2M05241184+0122021,05241184+0122021,81.049357,1.367254,-0.03,0.105000004,-0.05,0.08,4.31,0.18000007,4600.0,280.0,23.49,2.835,0.02,0.055,0.15,0.065,4.36,0.07999992,4619.0,96.0,23.67,2.3400002,0.0,0.035,0.01,0.024999999,4.21,0.089999914,4408.0,56.5,21.8,1.1099997
2M05241392+0115432,05241392+0115432,81.058035,1.26201,-0.44,0.09,0.1,0.115,4.09,0.23500001,5741.0,170.0,65.24,4.1949997,-0.55,0.03999999,0.16,0.049999997,3.68,0.07000005,5625.0,68.0,61.18,2.4799995,-0.56,0.054999992,-0.03,0.04,3.56,0.10500002,5535.0,72.0,61.53,1.5950012
2M05241556+0155515,05241556+0155515,81.064852,1.930983,-0.45,0.23499998,0.01,0.11,3.76,0.18000007,3349.0,88.5,32.82,22.935001,0.13,0.15,-0.08,0.020000001,4.35,0.120000124,3285.0,46.0,19.45,2.8899994,-0.31,0.11,-0.07,0.035000004,3.63,0.14499998,3308.0,62.5,19.25,4.3500004
2M05241618+0138357,05241618+0138357,81.067419,1.643261,-0.08,0.11,-0.17,0.07,4.2,0.089999914,5946.0,163.0,85.75,4.799999,-0.3,0.065000005,-0.1,0.050000004,4.08,0.100000024,5578.0,149.5,89.85,4.285,-0.36,0.019999996,-0.01,0.02,3.75,0.07000005,5377.0,43.5,83.37,2.25
2M05241749+0138300,05241749+0138300,81.072893,1.641692,-0.17,0.14,-0.11,0.215,4.02,0.2349999,5068.0,284.75,95.83,7.424999,-0.13,0.115,-0.12,0.11,3.85,0.125,5111.0,214.5,92.06,6.1899986,-0.32,0.02000001,0.05,0.015,3.56,0.060000062,4641.0,46.0,91.36,1.4349976
2M05241761+0222045,05241761+0222045,81.073383,2.367917,-0.92,0.054999977,-0.58,0.19000001,3.45,0.089999914,5673.0,67.0,28.43,4.59,-0.73,0.10500002,-0.26,0.12499999,4.08,0.2299999,6047.0,207.25,33.78,5.6900005,-0.88,0.01999998,-0.58,0.07000001,3.29,0.05000007,5535.0,29.0,25.09,2.0100002
2M05241763+0102157,05241763+0102157,81.07346,1.037717,-0.12,0.049999997,0.14,0.099999994,4.07,0.100000024,4731.0,135.0,23.12,1.7000008,-0.09,0.03,-0.01,0.03,4.43,0.059999943,4937.0,73.0,22.48,1.1800003,-0.1,0.035,-0.04,0.04,4.21,0.08000016,4838.0,91.0,23.66,0.6350002
2M05241778+0124411,05241778+0124411,81.074088,1.411444,-0.12,0.07,-0.3,0.075,4.04,0.11500001,5670.0,111.5,55.46,2.5549984,-0.15,0.040000003,-0.2,0.04,4.05,0.055000067,5654.0,68.5,56.79,1.6749992,-0.32,0.02000001,0.0,0.02,3.73,0.059999943,5243.0,38.0,56.48,0.7800007
2M05241815+0222060,05241815+0222060,81.075657,2.368334,-0.63,0.060000002,0.24,0.054999992,3.6,0.05000007,6083.0,48.5,174.76,5.114998,-0.63,0.04000002,0.18,0.034999996,3.66,0.049999952,6102.0,82.0,167.76,4.079994,-0.65,0.06999999,0.29,0.095000006,3.52,0.03999996,6015.0,35.5,158.66,12.860001
2M05241919+0017385,05241919+0017385,81.079979,0.294028,-0.47,0.114999995,-0.04,0.135,3.99,0.20000005,5621.0,176.5,61.17,4.6800003,-0.47,0.049999997,0.03,0.08,3.73,0.1049999,5527.0,95.0,59.76,1.7350006,-0.46,0.049999997,-0.01,0.04,3.72,0.08499992,5441.0,88.0,57.82,1.0450001
2M05242074+0135266,05242074+0135266,81.086418,1.590734,-0.53,0.124999985,-0.22,0.245,3.69,0.09500003,6417.0,114.875,113.2,24.300003,-0.63,0.055000007,0.11,0.04,3.69,0.03999996,6462.0,52.0,137.9,4.6849976,-0.61,0.04000002,-0.16,0.06,3.58,0.035000086,6298.0,32.0,138.1,12.495003
2M05242087+0124052,05242087+0124052,81.086975,1.401462,-0.27,0.11,-0.03,0.095,3.93,0.20500016,3955.0,137.5,15.52,3.205,-0.11,0.08499999,0.17,0.135,4.68,0.24500012,4124.0,142.0,14.05,2.7400002,0.04,0.065,-0.05,0.024999999,4.59,0.10500002,3933.0,47.5,12.04,1.7549996
2M05242421+0141333,05242421+0141333,81.100907,1.69259,-0.59,0.11,0.03,0.19,3.73,0.16500008,6236.0,155.75,136.84,12.765003,-0.71,0.044999987,0.34,0.045,3.67,0.06500006,6177.0,56.5,132.15,3.5650024,-0.66,0.03999999,0.04,0.044999998,3.56,0.08000004,6100.0,61.0,131.37,3.8999977
2M05242526+0008517,05242526+0008517,81.105278,0.147709,-0.15,0.065,0.1,0.049999997,3.81,0.20499992,4288.0,60.5,16.65,1.7249999,-0.02,0.04,-0.06,0.024999999,4.46,0.045000076,4187.0,78.5,14.22,2.2599998,-0.01,0.024999999,-0.03,0.015,4.25,0.055000067,4133.0,39.0,14.44,0.6600003
2M05242664+0118138,05242664+0118138,81.111025,1.30386,-0.19,0.114999995,0.03,0.120000005,3.8,0.20499992,3893.0,224.0,17.5,3.2900004,-0.19,0.15,0.14,0.165,4.07,0.18999994,4091.0,174.0,15.6,3.6400003,-0.06,0.049999997,-0.05,0.030000001,4.29,0.08000016,3901.0,38.0,12.16,1.7000003
2M05243017-0143174,05243017-0143174,81.125723,-1.721521,-0.1,0.105000004,0.15,0.105,4.14,0.20000005,4240.0,149.5,18.87,2.5800009,-0.12,0.034999996,-0.03,0.024999999,4.01,0.07500005,4086.0,59.75,16.43,1.8349991,0.04,0.030000001,-0.04,0.025,4.31,0.06000018,3993.0,76.0,15.26,1.435
2M05243160+0148134,05243160+0148134,81.131699,1.803737,0.03,0.125,-0.01,0.07,4.3,0.20499992,4809.0,408.5,33.81,2.210001,0.01,0.065,-0.01,0.065,4.38,0.1500001,4581.0,134.0,35.28,3.6849995,-0.08,0.020000001,0.0,0.01,3.87,0.07500005,4424.0,56.0,33.21,0.62999916
2M05243267+0000129,05243267+0000129,81.136144,0.003603,0.03,0.09,-0.09,0.120000005,3.98,0.20000005,4012.0,207.0,19.72,2.62,-0.1,0.085,0.2,0.13499999,4.13,0.11500001,4240.0,94.0,20.04,2.2650003,-0.03,0.065,-0.02,0.055,4.1,0.13499999,4096.0,82.5,19.46,1.0349998
2M05243409+0046208,05243409+0046208,81.142066,0.772458,-0.63,0.15999998,0.17,0.13,3.64,0.265,3392.5,75.0,159.02,23.725006,-0.45,0.040000007,0.09,0.03,3.86,0.08500004,3525.0,40.375,140.7,3.540001,-0.44,0.08499998,0.14,0.045,3.8,0.09000003,3328.0,51.5,166.31,19.07
2M05243566+0110191,05243566+0110191,81.148594,1.171975,0.06,0.075,-0.2,0.14,4.37,0.13000011,5326.0,269.5,23.66,1.6099997,-0.01,0.075,-0.15,0.095,4.29,0.119999886,5095.0,150.25,23.79,1.9899998,-0.06,0.020000001,-0.05,0.044999998,4.29,0.06999993,4808.0,87.0,21.99,0.89500046
2M05243651+0046247,05243651+0046247,81.152166,0.773528,-0.31,0.074999996,-0.23,0.13,4.04,0.08499992,5408.0,131.0,42.66,1.9150009,-0.32,0.13499999,0.19,0.21000001,4.12,0.18000007,5532.0,223.5,42.6,3.0950012,-0.34,0.07,-0.03,0.045,3.86,0.12500012,5385.0,90.25,42.63,1.2799988
2M05243662+0148033,05243662+0148033,81.152584,1.800942,-1.14,0.155,0.36,0.205,3.27,0.054999948,5865.0,54.0,160.93,8.864998,-0.88,0.060000002,-0.19,0.04,3.43,0.06499994,5971.0,60.0,135.97,4.845001,-0.92,0.030000001,0.2,0.12,3.23,0.03999996,5806.0,36.5,157.53,6.840004
2M05243890+0154065,05243890+0154065,81.162118,1.901827,-0.33,0.059999987,-0.01,0.13,4.06,0.110000014,5542.0,132.5,70.62,4.5949974,-0.38,0.09,-0.2,0.085,4.07,0.13999987,5395.0,158.0,70.57,4.130001,-0.39,0.024999991,-0.2,0.035000004,3.77,0.07499993,5418.0,57.5,66.98,1.2700005
2M05243922-0214217,05243922-0214217,81.163418,-2.239383,-0.29,0.11500001,0.18,0.11500001,4.24,0.13999987,3988.0,112.5,19.92,3.005,-0.21,0.125,0.14,0.14500001,4.36,0.18499994,4132.0,169.5,22.89,4.4900007,-0.22,0.055,0.03,0.055,4.08,0.07500005,3863.0,64.0,19.19,1.5799999
2M05243993+0121408,05243993+0121408,81.166413,1.361338,-0.15,0.13000001,0.11,0.115,4.2,0.24999988,4170.0,117.0,18.31,3.9500003,-0.25,0.08,-0.05,0.044999998,3.97,0.125,3974.0,111.0,15.05,2.705,0.02,0.049999997,-0.03,0.02,4.36,0.07999992,3939.0,52.0,14.44,1.1449995
2M05244037-0229523,05244037-0229523,81.168244,-2.497867,-1.14,0.13,0.33,0.105000004,2.9,0.05000007,5848.0,50.5,183.33,8.235001,-0.91,0.035000026,-0.61,0.105000004,2.87,0.05000007,5812.0,40.0,192.74,5.5,-1.12,0.060000002,0.02,0.105000004,2.86,0.035000086,5815.0,25.0,166.81,10.074997
2M05244277+0134091,05244277+0134091,81.17824,1.569213,-0.07,0.055,0.21,0.114999995,4.12,0.125,4462.0,98.0,20.87,1.6999998,-0.04,0.095,0.07,0.085,4.32,0.16499996,4608.0,177.5,21.54,2.1800003,-0.08,0.020000001,-0.03,0.02,4.12,0.06499982,4308.0,47.0,19.51,0.6999998
2M05244353-0247129,05244353-0247129,81.181391,-2.78694,0.01,0.044999998,0.08,0.055,4.3,0.07500005,5818.0,89.5,15.22,0.98500013,0.15,0.085,-0.27,0.125,4.44,0.19499993,6062.0,193.75,15.34,1.1650004,0.03,0.03,-0.05,0.02,4.29,0.035000086,5799.0,47.0,14.87,0.6700001
2M05244498+0159465,05244498+0159465,81.187452,1.996267,-0.11,0.040000003,0.07,0.05,4.49,0.125,4329.0,79.5,31.29,1.9250002,-0.13,0.035,0.04,0.055,4.23,0.06000018,4291.0,64.5,30.4,1.625,-0.16,0.035000004,-0.04,0.02,4.18,0.089999914,4213.0,54.5,30.04,1.2449999
2M05244624+0131290,05244624+0131290,81.192671,1.524733,-0.04,0.075,0.05,0.045,4.07,0.089999914,5180.0,131.0,38.04,1.8799992,-0.14,0.040000003,-0.05,0.045,3.76,0.07500005,5055.0,92.0,38.51,1.1400013,-0.23,0.029999994,0.08,0.025,3.77,0.08499992,4741.0,85.5,38.44,0.7650013
2M05244767+0148280,05244767+0148280,81.198632,1.807789,-0.14,0.20500001,0.04,0.120000005,3.97,0.26999998,3530.0,95.5,30.31,9.919999,-0.04,0.11,0.05,0.075,4.63,0.2349999,3769.0,131.5,19.1,4.72,0.01,0.03,-0.05,0.015,3.86,0.07000005,3427.0,29.5,16.36,2.275
2M05244777+0136284,05244777+0136284,81.199045,1.607908,-0.39,0.045,0.01,0.045,4.04,0.07000005,3968.0,44.5,133.17,3.084999,-0.31,0.095000006,0.2,0.14,4.49,0.23500013,3981.0,114.0,128.82,10.3200035,-0.35,0.024999991,0.09,0.034999996,4.2,0.045000076,3962.0,27.0,119.05,2.4550018
2M05244862-0103063,05244862-0103063,81.202596,-1.051751,-0.12,0.11,0.23,0.15,3.83,0.2249999,4183.0,113.0,25.32,4.55,-0.19,0.08,0.09,0.04,4.02,0.06500006,4128.0,55.5,22.0,2.6450005,0.04,0.065,-0.05,0.024999999,4.19,0.109999895,3913.0,46.5,19.72,1.5599995
2M05244957+0250283,05244957+0250283,81.206556,2.841222,0.03,0.07,-0.01,0.115,4.26,0.14499998,4854.0,231.5,24.94,1.9100008,-0.05,0.025,0.06,0.02,4.11,0.03999996,4527.0,69.5,24.48,0.72999954,-0.07,0.045,0.07,0.030000001,4.11,0.11000013,4551.0,61.0,24.81,0.8699999
2M05245227+0138439,05245227+0138439,81.217796,1.645528,-0.14,0.065000005,-0.04,0.030000001,3.95,0.08500004,4267.0,83.375,17.3,1.7849998,-0.05,0.03,0.06,0.030000001,4.18,0.045000076,4352.0,43.0,18.87,1.3850002,-0.05,0.02,-0.01,0.024999999,4.16,0.044999838,4270.0,58.5,15.99,1.0849996
2M05245381+0124097,05245381+0124097,81.224245,1.402702,-0.14,0.044999998,0.02,0.049999997,4.07,0.109999895,4299.0,58.5,64.68,4.290001,-0.17,0.024999999,-0.02,0.02,3.89,0.08000016,4229.0,52.5,61.57,1.6799984,-0.19,0.015000001,-0.07,0.01,3.9,0.024999976,4139.0,30.0,58.38,1.25
2M05245425+0140026,05245425+0140026,81.226055,1.667405,-0.14,0.095,0.11,0.09,4.3,0.14499998,3929.0,97.375,18.45,3.6899996,-0.21,0.17,0.17,0.14,4.19,0.18499994,4099.0,186.5,18.64,4.255,0.04,0.065,-0.09,0.030000001,4.03,0.12499988,3664.0,54.5,14.39,1.6150002
2M05245456+0158083,05245456+0158083,81.227348,1.968985,-0.58,0.060000002,-0.22,0.049999997,3.88,0.09000003,6199.0,103.5,19.5,2.0249996,-0.42,0.045,-0.08,0.065,4.14,0.07499981,6484.0,88.5,20.25,2.33,-0.44,0.08,-0.19,0.07,4.17,0.22000003,6524.0,235.0,19.18,1.7250004
2M05245500+0139229,05245500+0139229,81.229181,1.656371,-0.24,0.060000002,0.19,0.11,3.87,0.100000024,5248.0,101.5,106.72,4.8999977,-0.06,0.025,-0.2,0.029999994,3.94,0.044999957,5556.0,40.0,107.63,2.8150024,-0.15,0.035,-0.15,0.055,3.86,0.06500006,5460.0,55.5,109.49,1.7550011
2M05245544-0253183,05245544-0253183,81.231028,-2.888437,-0.03,0.095,0.03,0.060000002,4.5,0.23000002,3951.0,59.5,14.47,2.7700005,-0.24,0.120000005,0.01,0.055,3.83,0.16500008,3801.0,71.5,16.59,2.5750003,-0.01,0.075,-0.05,0.055,4.22,0.11500001,3800.0,70.0,14.91,1.5900002
2M05245772-0237590,05245772-0237590,81.240512,-2.633082,-0.32,0.06999999,-0.14,0.1,4.42,0.125,6479.0,139.5,20.02,1.3500004,-0.23,0.15,-0.16,0.12,4.46,0.23000002,6613.0,300.0,20.23,1.8149996,-0.39,0.03999999,0.0,0.03,4.14,0.10500002,6189.0,86.0,19.86,0.80999947
2M05250016+0138297,05250016+0138297,81.250695,1.641606,-0.26,0.125,0.08,0.23,3.9,0.17499995,6345.0,186.0,103.94,13.77,-0.43,0.12500001,0.29,0.255,3.76,0.09500003,6197.0,124.0,99.81,8.900002,-0.39,0.024999991,0.0,0.03,3.7,0.049999952,6147.0,44.5,94.96,3.5499992
2M05250019+0024529,05250019+0024529,81.250814,0.41472,-0.33,0.13,0.08,0.155,4.01,0.20500004,5751.0,217.0,95.58,7.079998,-0.14,0.05,0.01,0.045,4.27,0.08500004,5999.0,106.5,95.13,3.5100021,-0.35,0.019999996,-0.07,0.030000001,3.67,0.06999993,5400.0,40.5,90.75,1.8250008
2M05250119-0248556,05250119-0248556,81.254992,-2.815469,-1.71,0.10500002,0.12,0.065000005,2.86,0.05000007,5375.0,34.75,192.72,8.919998,-1.49,0.08000004,0.37,0.08,3.08,0.07500005,5465.0,50.5,186.69,6.284996,-1.43,0.045000017,0.05,0.049999997,2.86,0.05000007,5343.0,38.0,188.28,3.875
2M05250126+0155384,05250126+0155384,81.25525,1.927348,0.03,0.16,-0.09,0.085,4.26,0.17000008,5852.0,293.5,32.93,1.8100004,0.12,0.125,-0.13,0.045,4.69,0.19999981,6091.0,223.25,31.98,1.1549997,-0.2,0.024999999,0.03,0.02,3.9,0.08500004,5386.0,60.5,31.31,0.97999954
2M05250192+0134563,05250192+0134563,81.258006,1.582317,0.32,0.145,-0.08,0.030000001,4.18,0.16499996,3343.0,64.0,13.58,2.5500002,-0.04,0.285,0.14,0.215,4.37,0.21499991,3543.0,115.0,15.02,3.87,0.22,0.075,-0.06,0.030000001,4.03,0.110000014,3344.5,54.5,13.06,2.1799998
2M05250205+0137210,05250205+0137210,81.258546,1.622525,-0.14,0.205,-0.07,0.044999998,3.77,0.16499996,3471.0,110.5,18.74,4.8900003,0.17,0.030000001,-0.09,0.015000001,4.15,0.025000095,3374.0,41.0,15.0,2.5749998,0.15,0.105,-0.09,0.020000001,3.95,0.10500002,3350.0,60.0,15.21,1.6650004
2M05250506+0136534,05250506+0136534,81.271093,1.614859,-0.05,0.165,-0.04,0.045,3.71,0.13500011,3322.0,82.5,109.6,21.630001,-0.26,0.14,0.12,0.105000004,4.13,0.15999997,3547.0,85.0,92.56,10.994999,-0.06,0.044999998,-0.02,0.01,3.83,0.055000067,3317.0,31.0,72.29,2.2849998
2M05250565+0121100,05250565+0121100,81.273555,1.352787,-0.1,0.045,-0.1,0.03,3.74,0.03999996,3656.0,94.5,56.93,2.5149994,-0.11,0.11,0.14,0.120000005,4.14,0.15500009,4074.0,159.0,71.65,10.175003,-0.24,0.029999994,-0.07,0.024999999,3.67,0.06999993,3827.0,35.0,57.71,1.7349987
2M05250746-0236437,05250746-0236437,81.281095,-2.612155,0.01,0.06,0.08,0.11,4.36,0.24499989,4363.0,141.5,33.64,2.96,0.06,0.035,0.03,0.045,4.3,0.06500006,4318.0,83.75,37.06,3.1000004,0.03,0.015,0.0,0.01,4.1,0.01999998,4168.0,33.0,31.02,0.9899998
2M05250755+0134243,05250755+0134243,81.28146,1.573429,-0.46,0.10000001,0.21,0.09,3.96,0.12500012,3468.0,83.0,100.85,8.014999,-0.5,0.07000001,0.21,0.04,4.05,0.089999914,3647.0,67.5,129.56,6.220001,-0.34,0.06999999,0.09,0.049999997,3.92,0.10500002,3431.0,59.0,92.2,6.959999
2M05250759-0029064,05250759-0029064,81.28164,-0.485129,-0.02,0.13,0.0,0.120000005,3.97,0.24000001,4063.0,170.0,52.75,8.84,0.14,0.08,-0.06,0.044999998,4.45,0.1400001,3883.0,44.0,45.69,4.3600006,-0.14,0.050000004,-0.05,0.055,3.81,0.09500003,3868.0,76.0,47.41,2.7600002
2M05250874+0145542,05250874+0145542,81.286433,1.765068,-0.14,0.029999997,0.01,0.03,3.95,0.08000004,4290.0,67.375,15.1,1.1899996,-0.07,0.014999999,-0.06,0.01,4.59,0.035000086,4379.0,34.5,14.15,0.875,-0.1,0.055,-0.03,0.06,4.33,0.21000004,4386.0,115.0,14.88,1.1600003
2M05251049+0135591,05251049+0135591,81.293745,1.599765,-0.1,0.05,0.07,0.05,4.58,0.17999983,4536.0,86.0,37.25,2.0299988,-0.21,0.024999999,0.05,0.03,4.04,0.055000067,4407.0,52.75,36.42,1.875,-0.19,0.015000001,-0.02,0.02,3.95,0.059999943,4312.0,36.5,34.96,0.8649998
2M05251139+0155242,05251139+0155242,81.297477,1.923407,-1.11,0.09000003,-0.45,0.225,2.93,0.059999943,5812.0,41.0,187.44,12.550003,-1.17,0.065,-0.08,0.06,2.91,0.049999952,5783.0,42.5,145.19,11.220001,-1.07,0.025000036,-0.12,0.015000001,2.85,0.03000009,5773.0,21.5,198.85,4.935005
2M05251164+0133296,05251164+0133296,81.298528,1.558226,-0.58,0.120000005,-0.22,0.25,3.7,0.110000014,6333.0,94.25,148.28,22.154999,-0.63,0.100000024,-0.12,0.13,3.7,0.110000014,6362.0,92.0,116.29,23.66,-0.61,0.030000001,-0.34,0.055000007,3.58,0.04000008,6226.0,39.5,130.98,3.4199982
2M05251341-0124370,05251341-0124370,81.305911,-1.410293,-0.01,0.105000004,-0.06,0.095,4.05,0.23000002,3772.0,158.0,21.46,4.3950005,0.15,0.040000003,-0.03,0.030000001,4.62,0.045000076,3872.0,22.5,17.06,2.1549997,-0.08,0.065000005,-0.03,0.055,4.12,0.100000024,3826.0,75.0,18.15,2.1850004
2M05251394+0143313,05251394+0143313,81.308116,1.725368,-0.27,0.095,-0.01,0.055,3.89,0.13500011,3927.0,90.375,15.26,2.1049995,-0.2,0.1,0.16,0.1,4.43,0.125,4148.0,82.0,16.29,3.6599998,-0.17,0.07,-0.07,0.035,4.03,0.14499986,3841.0,59.5,14.25,2.06
2M05251555+0133386,05251555+0133386,81.314804,1.560724,-0.21,0.030000001,0.04,0.035,3.95,0.05000007,4117.0,53.5,53.45,2.0149994,-0.21,0.049999997,-0.0,0.035,4.01,0.08500004,4177.0,79.5,51.84,2.9350014,-0.2,0.04,-0.05,0.04,4.0,0.089999914,4091.0,34.0,53.77,1.539999
2M05251613+0231412,05251613+0231412,81.317217,2.528124,-0.4,0.08,0.15,0.07,4.0,0.15499997,6959.0,185.0,42.51,6.5899982,-0.37,0.09,0.2,0.060000002,4.11,0.14999986,7123.0,202.0,42.54,6.7800007,-0.58,0.055000007,0.24,0.08,3.73,0.08499992,6658.0,110.0,39.82,3.2650013
2M05251672+0116158,05251672+0116158,81.319692,1.271074,-0.33,0.205,0.07,0.14999999,3.86,0.20000005,3513.0,120.875,82.11,13.275002,-0.17,0.035000004,-0.07,0.025,3.82,0.045000076,3529.0,32.0,74.49,2.6100006,-0.22,0.035000004,0.03,0.024999999,3.71,0.049999952,3348.0,42.0,68.78,2.005001
2M05251705+0148223,05251705+0148223,81.321054,1.806205,-0.09,0.03,-0.01,0.02,4.19,0.049999952,4450.0,78.0,19.12,0.72000027,-0.07,0.030000001,0.12,0.035,3.95,0.09500003,4522.0,61.0,19.2,0.75,-0.05,0.02,0.0,0.024999999,4.12,0.05499983,4428.0,51.0,16.64,1.0299997
2M05252037-0158368,05252037-0158368,81.334911,-1.97691,-0.15,0.05,0.23,0.075,4.23,0.07000017,4377.0,46.5,19.69,1.0100002,-0.17,0.024999999,0.07,0.02,4.26,0.0400002,4314.0,39.5,19.33,0.6750002,-0.17,0.030000001,0.07,0.060000002,4.2,0.11500001,4299.0,85.0,19.3,0.6899996
2M05252107+0011022,05252107+0011022,81.3378,0.183952,0.01,0.13499999,-0.1,0.155,4.27,0.30499995,5229.0,259.5,43.76,2.6900005,-0.17,0.040000003,0.09,0.044999998,3.93,0.06500006,4825.0,86.5,42.83,1.585001,-0.09,0.015000001,0.06,0.015000001,4.08,0.035000086,4901.0,29.0,42.93,0.5799999
2M05252125+0146555,05252125+0146555,81.338569,1.782086,-0.22,0.155,0.14,0.120000005,4.37,0.125,3964.0,175.0,16.84,2.65,-0.18,0.11500001,0.08,0.065,4.32,0.11000013,3889.0,75.5,20.53,3.79,-0.02,0.06,-0.04,0.02,4.21,0.05499983,3721.0,30.0,15.13,1.73
2M05252805+0137175,05252805+0137175,81.366885,1.621536,-0.11,0.035000004,-0.03,0.03,4.03,0.060000062,4143.0,58.0,46.89,2.165001,-0.1,0.04,-0.04,0.035,4.01,0.07500005,4163.0,74.875,49.31,3.1500015,-0.14,0.02,-0.07,0.015000001,3.98,0.01999998,4088.0,42.0,43.84,1.2150002
2M05253145-0021099,05253145-0021099,81.381065,-0.352758,-0.56,0.06999999,-0.08,0.05,3.62,0.055000067,6346.0,47.5,124.88,13.935001,-0.43,0.030000001,-0.43,0.034999996,3.57,0.045000076,6263.0,49.0,150.0,2.1399994,-0.46,0.044999987,0.04,0.05,3.58,0.035000086,6289.0,37.0,142.22,3.625
2M05253382+0020296,05253382+0020296,81.390954,0.341563,-0.31,0.125,0.02,0.195,3.8,0.16999996,6213.0,211.0,80.81,6.919998,-0.2,0.120000005,-0.22,0.185,3.89,0.245,6306.0,217.25,86.07,11.710003,-0.28,0.02000001,0.0,0.035,3.48,0.059999943,6001.0,30.0,77.14,2.209999
2M05253565+0128232,05253565+0128232,81.398555,1.473113,-0.23,0.075,0.19,0.19000001,3.92,0.19999993,4145.0,102.25,15.44,2.5500002,-0.15,0.060000002,0.04,0.044999998,4.3,0.06500006,4140.0,69.5,13.79,2.125,0.0,0.049999997,-0.01,0.03,4.65,0.119999886,4101.0,38.0,10.65,1.415
2M05253609+0021470,05253609+0021470,81.400398,0.363079,-0.91,0.08499998,-0.27,0.074999996,3.11,0.06500006,6045.0,43.0,174.53,6.6050034,-1.09,0.095,0.48,0.22,3.1,0.06500006,6057.0,44.5,186.54,5.725006,-0.69,0.030000001,-0.66,0.155,3.08,0.045000076,5986.0,38.5,186.76,4.455002
2M05253785+0026038,05253785+0026038,81.407727,0.434406,-0.06,0.085,-0.03,0.06,4.24,0.24000001,4696.0,259.0,34.03,2.5549994,0.03,0.04,-0.07,0.045,4.37,0.13499999,4899.0,101.5,33.51,1.2749996,-0.02,0.015,0.0,0.01,3.91,0.044999957,4562.0,45.0,33.12,0.51999855
2M05253888+0201299,05253888+0201299,81.412012,2.024977,-0.12,0.044999998,0.19,0.125,3.91,0.15499997,4339.0,67.5,21.28,1.9949999,-0.09,0.015000001,0.03,0.015,4.22,0.029999971,4327.0,40.0,20.73,1.1300001,-0.11,0.019999996,-0.02,0.015,4.07,0.059999943,4235.0,51.5,20.48,0.9250002
2M05253971+0125469,05253971+0125469,81.415469,1.4297,-0.42,0.14,-0.07,0.085,3.85,0.13,3628.0,105.0,86.22,18.409998,-0.45,0.125,0.06,0.085,4.21,0.10500002,3712.0,63.5,48.63,10.01,-0.43,0.030000001,-0.06,0.025,3.82,0.044999957,3526.0,24.5,37.85,4.615
2M05253978+0138183,05253978+0138183,81.415785,1.638427,-0.52,0.059999987,-0.39,0.21,3.57,0.07500005,5998.0,62.0,160.36,14.014999,-0.45,0.049999997,-0.34,0.06999999,3.62,0.08500004,6026.0,74.5,191.86,5.654999,-0.53,0.030000001,-0.02,0.03,3.53,0.03999996,5938.0,34.5,188.83,4.090004
2M05253994+0140211,05253994+0140211,81.416426,1.672528,-0.06,0.23,0.06,0.16,4.05,0.255,3704.0,277.0,48.88,7.2649994,0.22,0.17999999,-0.02,0.075,4.2,0.20499992,3480.0,157.0,18.77,4.355,0.03,0.095,0.02,0.07,4.07,0.12999988,3465.0,67.0,14.55,1.9450006
2M05254165-0122016,05254165-0122016,81.423576,-1.367119,-0.07,0.114999995,0.04,0.13,3.99,0.2249999,4298.0,186.0,26.75,3.1000004,-0.07,0.105,0.2,0.19999999,4.22,0.19499993,4340.0,115.0,26.78,4.125,-0.07,0.04,-0.04,0.035,4.12,0.05499983,4125.0,40.5,23.85,1.1599998
2M05254370-0211241,05254370-0211241,81.432101,-2.190028,-0.29,0.11,0.18,0.185,3.7,0.10500002,5697.0,78.0,170.14,7.5599976,-0.32,0.040000007,0.21,0.059999995,3.58,0.06500006,5696.0,51.5,190.25,3.909996,-0.46,0.030000001,0.38,0.034999996,3.49,0.049999952,5610.0,32.5,187.88,3.4350052
2M05254865+0123220,05254865+0123220,81.452717,1.389459,-0.35,0.1,-0.37,0.155,3.69,0.119999886,6236.0,140.0,164.54,22.169998,-0.31,0.030000001,-0.25,0.029999994,3.71,0.06499994,6343.0,41.0,169.3,4.6500015,-0.4,0.030000001,-0.16,0.034999996,3.61,0.045000076,6130.0,49.0,139.74,6.1449966
2M05254915+0020248,05254915+0020248,81.454826,0.340245,-0.45,0.034999996,0.07,0.07,3.92,0.110000014,4462.0,69.0,179.79,5.0750046,-0.42,0.03500001,0.14,0.044999998,4.15,0.119999886,4519.0,51.5,180.9,3.75,-0.44,0.015000001,0.17,0.020000003,3.93,0.034999967,4477.0,24.5,195.14,3.505005
2M05255035+0149370,05255035+0149370,81.459831,1.826971,-0.23,0.185,0.1,0.155,4.02,0.23000002,3841.0,244.875,17.25,4.2999997,-0.1,0.074999996,0.07,0.055,4.39,0.07999992,3831.0,59.0,13.49,2.4500003,0.07,0.08499999,-0.06,0.030000001,4.13,0.07500005,3584.0,56.0,11.22,1.7550001
2M05255041+0019001,05255041+0019001,81.460065,0.316722,-0.04,0.044999998,-0.01,0.05,4.23,0.120000124,4536.0,103.0,30.53,2.1149998,-0.07,0.055,0.14,0.08,4.17,0.120000124,4509.0,91.5,29.43,1.665,-0.12,0.04,0.03,0.02,3.92,0.11500013,4401.0,52.0,29.54,0.9250002
2M05255075+0047489,05255075+0047489,81.461485,0.796934,-0.31,0.049999997,-0.12,0.024999999,3.63,0.05000007,5481.0,67.0,34.38,1.164999,-0.25,0.065,0.1,0.17,4.2,0.15499997,5892.0,137.0,35.79,2.2399998,-0.43,0.024999991,-0.05,0.03,3.59,0.06500006,5317.0,50.5,33.74,0.75500107
2M05255183+0147361,05255183+0147361,81.465967,1.793366,-0.2,0.060000002,-0.03,0.030000001,3.71,0.049999952,3396.0,41.0,16.71,1.8850002,-0.13,0.09,0.07,0.075,4.24,0.125,3500.0,55.0,15.92,2.2350001,-0.17,0.145,-0.02,0.060000002,3.83,0.15500009,3414.0,58.5,15.41,1.6500001
2M05255523+0244366,05255523+0244366,81.480165,2.743522,-0.11,0.024999999,-0.18,0.019999996,4.14,0.049999952,5622.0,38.5,14.25,0.75,0.23,0.25,-0.14,0.08,4.45,0.21500015,6257.0,476.5,14.42,0.7949996,-0.12,0.050000004,-0.09,0.035,4.0,0.09499991,5638.0,93.0,14.43,0.5
2M05255665+0014137,05255665+0014137,81.486043,0.237154,0.0,0.09,0.04,0.17,4.18,0.24999988,4248.0,157.5,31.28,5.460001,-0.08,0.055,0.09,0.065,4.04,0.100000024,4264.0,75.5,28.49,2.8900003,-0.01,0.03,-0.07,0.024999999,4.11,0.06499982,4090.0,33.0,28.78,1.5550003
2M05255808-0056289,05255808-0056289,81.492029,-0.941381,-0.16,0.045,-0.02,0.04,4.32,0.059999943,4104.5,50.5,12.79,1.69,-0.18,0.065,0.13,0.06,4.45,0.11000013,4199.0,78.5,13.37,2.3349996,-0.09,0.024999999,-0.01,0.024999999,4.54,0.045000076,4104.0,23.5,10.83,1.4549999
2M05260277-0206418,05260277-0206418,81.511554,-2.111619,-0.04,0.024999999,0.07,0.01,3.88,0.07500005,4459.0,53.5,44.8,0.99499893,0.03,0.03,0.13,0.04,4.06,0.06999993,4567.0,62.0,45.65,1.6599998,0.08,0.015000002,0.11,0.02,4.24,0.029999971,4625.0,26.0,44.7,1.0349998
2M05260369-0152054,05260369-0152054,81.515382,-1.868181,-0.13,0.055,0.2,0.049999997,4.14,0.089999914,3987.0,92.375,32.56,3.204999,0.06,0.05,-0.05,0.030000001,4.36,0.06499982,3934.0,65.0,35.19,2.3400002,0.06,0.025,-0.04,0.024999999,4.27,0.029999971,3896.0,37.0,33.42,1.3850002
2M05260443-0153012,05260443-0153012,81.518496,-1.883679,-0.01,0.1,0.04,0.099999994,4.32,0.26,4342.0,157.0,18.65,3.7999997,0.03,0.085,0.13,0.105,4.5,0.20499992,4470.0,238.0,17.43,2.5750003,-0.01,0.030000001,-0.01,0.024999999,4.25,0.06500006,4207.0,52.5,15.54,0.9899998
2M05260462+0043390,05260462+0043390,81.519272,0.727506,-0.76,0.119999975,-0.22,0.145,3.48,0.16000009,5937.0,123.5,105.66,24.27,-0.9,0.034999996,-0.09,0.060000002,3.14,0.060000062,5682.0,55.0,94.23,4.75,-0.73,0.09,-0.26,0.114999995,3.36,0.14999998,5826.0,120.5,89.65,17.64
2M05260599+0050023,05260599+0050023,81.524998,0.833993,-1.27,0.14499998,-0.23,0.16499999,3.1,0.125,5729.0,90.25,155.07,29.760002,-1.19,0.04000002,-0.47,0.030000001,3.28,0.049999952,5878.0,39.5,159.92,2.1399994,-1.34,0.045000017,-0.56,0.055000007,2.96,0.034999967,5640.0,30.5,198.62,4.8899994
2M05260634+0145466,05260634+0145466,81.526432,1.762967,-0.36,0.11999999,0.17,0.06999999,4.11,0.14499998,3825.0,96.5,16.33,3.1400003,-0.14,0.095,0.1,0.085,4.46,0.13999987,3842.0,71.0,14.28,2.5049996,-0.07,0.049999997,-0.08,0.025000002,4.34,0.10500002,3794.0,76.5,11.73,1.8249998
2M05260639+0137116,05260639+0137116,81.526631,1.619901,-0.2,0.2,0.19,0.245,4.15,0.23500001,3955.0,215.0,28.01,5.0250006,-0.11,0.114999995,0.09,0.105,4.23,0.10500002,3819.0,86.0,24.86,3.5699997,-0.01,0.044999998,-0.07,0.035,4.25,0.06000018,3799.0,38.5,20.88,2.17
2M05260664+0209497,05260664+0209497,81.527691,2.163828,-0.07,0.065,0.01,0.08,4.19,0.1500001,4592.0,160.0,94.15,9.830002,-0.12,0.014999997,0.07,0.014999999,4.01,0.035000086,4556.0,45.5,89.67,1.4249992,-0.15,0.024999999,0.06,0.015000001,3.86,0.100000024,4552.0,32.75,90.48,1.1350021
2M05260800+0141152,05260800+0141152,81.533369,1.687565,0.16,0.145,-0.03,0.035,3.74,0.09000003,3340.5,133.5,25.47,2.8450003,-0.04,0.04,-0.05,0.025,4.24,0.055000067,3760.0,40.0,24.94,2.0749998,-0.02,0.11,0.05,0.065,3.98,0.1450001,3531.0,96.5,24.22,2.4300003
2M05260969-0207043,05260969-0207043,81.540397,-2.117868,0.01,0.045,-0.03,0.065,4.48,0.17000008,4333.0,67.0,16.31,2.1099997,0.01,0.049999997,0.07,0.049999997,4.14,0.10500002,4392.0,79.25,18.8,1.9850006,-0.04,0.02,-0.01,0.02,4.06,0.03999996,4197.0,50.5,15.25,0.85499954
2M05261010+0118443,05261010+0118443,81.542122,1.312306,-0.1,0.065,-0.1,0.02,3.52,0.100000024,3202.0,65.0,16.12,1.7149997,-0.46,0.19999999,0.11,0.11,4.16,0.12499988,3500.0,73.5,16.08,2.725,-0.05,0.04,-0.07,0.01,3.75,0.06999993,3252.0,44.875,14.83,1.2450004
2M05261151+0052280,05261151+0052280,81.547959,0.874465,0.04,0.074999996,0.12,0.105000004,4.33,0.23500013,4725.0,228.5,38.59,3.7849998,0.09,0.089999996,0.1,0.085,4.51,0.18999982,4900.0,272.75,37.93,2.584999,-0.03,0.049999997,0.04,0.030000001,4.15,0.119999886,4541.0,80.0,37.45,1.3600006
2M05261295-0143189,05261295-0143189,81.553985,-1.721925,-0.13,0.065,-0.18,0.06999999,3.96,0.08000004,6164.0,82.0,47.88,2.3600006,-0.11,0.035000004,0.02,0.035,4.03,0.06999993,6157.0,54.75,45.21,2.4099998,-0.14,0.030000001,-0.01,0.02,3.73,0.06499994,5885.0,62.0,43.9,1.2250004
2M05261736+0054216,05261736+0054216,81.572335,0.906023,-0.08,0.035,-0.03,0.035,4.22,0.06500006,4365.0,48.5,23.34,1.4949999,-0.07,0.045,-0.05,0.04,3.99,0.07500005,4349.0,78.5,24.0,1.7550001,-0.01,0.049999997,0.04,0.030000001,4.1,0.119999886,4376.0,55.0,23.92,0.9399996
2M05261991+0147142,05261991+0147142,81.58297,1.787303,-0.13,0.165,-0.11,0.15,4.08,0.27499986,5418.0,354.25,67.03,4.069998,-0.12,0.045,-0.19,0.04,4.24,0.07000017,5400.0,84.75,66.71,2.040001,-0.23,0.019999996,-0.02,0.024999999,3.85,0.08000004,5068.0,44.5,63.57,1.3150005
2M05262233+0138596,05262233+0138596,81.593069,1.649906,-0.3,0.065,0.3,0.1,4.19,0.13999999,3575.0,75.5,85.12,6.095001,-0.09,0.060000002,-0.06,0.04,3.96,0.08500004,3619.0,81.5,84.06,4.700001,-0.27,0.059999995,0.09,0.024999999,3.83,0.060000062,3540.0,26.5,82.7,3.210003
2M05262719+0050211,05262719+0050211,81.613311,0.839215,-0.58,0.08,-0.35,0.06999999,3.94,0.18499994,6344.0,215.5,97.34,10.41,-0.54,0.030000001,-0.64,0.095,3.62,0.08500004,5969.0,86.25,138.07,4.7850037,-0.58,0.02000001,-0.19,0.04,3.6,0.07000005,5936.0,41.0,106.1,6.8549995
2M05263185-0248343,05263185-0248343,81.632725,-2.809542,-0.03,0.035,0.03,0.025,4.2,0.044999838,4418.0,44.5,20.05,0.9250002,-0.09,0.04,-0.05,0.060000002,4.21,0.10500002,4388.0,102.0,20.17,1.9299994,-0.16,0.04,0.03,0.02,3.73,0.110000014,4369.0,65.5,20.49,0.8800001
2M05263709-0231376,05263709-0231376,81.654542,-2.527123,-0.37,0.155,0.1,0.14,3.89,0.21500003,3906.0,188.5,64.07,21.749998,-0.38,0.095000006,0.07,0.065,3.92,0.110000014,3921.0,78.0,53.16,4.8999996,-0.28,0.045,-0.06,0.030000001,3.81,0.07500005,3697.0,59.5,45.71,3.4400005
2M05263804+0117095,05263804+0117095,81.658532,1.28599,-0.38,0.13,-0.29,0.13,4.25,0.22500002,5515.0,256.0,133.29,6.1150017,-0.47,0.065,-0.16,0.030000005,4.01,0.07499993,5377.0,129.75,130.12,3.9700012,-0.64,0.045000017,-0.15,0.059999995,3.77,0.100000024,5004.0,75.0,133.83,4.595001
2M05263804+0121455,05263804+0121455,81.658526,1.36264,-0.22,0.135,0.17,0.205,3.95,0.21000004,4084.0,156.5,21.9,3.7150002,0.01,0.08,0.06,0.065,4.31,0.10500002,3846.0,81.0,19.59,3.3050003,-0.13,0.034999996,-0.05,0.024999999,3.8,0.049999952,3673.0,34.5,15.85,1.8600001
2M05263991-0207555,05263991-0207555,81.666324,-2.132108,-0.12,0.035,0.07,0.025000002,3.88,0.08000004,4365.0,47.5,24.16,0.77999973,0.03,0.04,0.1,0.04,4.44,0.06499982,4415.0,45.0,23.73,1.2699995,0.03,0.049999997,0.01,0.035,4.45,0.18500018,4334.0,45.0,21.4,1.4749994
2M05264348+0143538,05264348+0143538,81.681189,1.731622,-0.08,0.025,0.06,0.024999999,3.98,0.044999957,4575.0,45.0,29.19,0.76500034,-0.01,0.035,0.14,0.05,4.35,0.089999914,4656.0,69.5,28.85,1.2699995,-0.05,0.015,0.03,0.01,4.01,0.025000095,4433.0,45.5,26.48,0.8699999
2M05264610+0105442,05264610+0105442,81.692101,1.095615,0.04,0.055,-0.01,0.075,4.26,0.1500001,4595.0,141.5,51.61,3.1299992,0.02,0.049999997,0.03,0.060000002,4.29,0.11500001,4526.0,119.0,52.69,3.2849998,-0.04,0.035,0.05,0.02,3.9,0.10500014,4397.0,40.5,49.51,1.0699997
2M05264654+0140552,05264654+0140552,81.693953,1.682009,-0.16,0.095,0.17,0.105,3.7,0.18500006,4962.0,143.0,16.15,1.3699999,-0.16,0.025000002,-0.03,0.04,3.81,0.044999957,4850.0,50.5,15.49,0.8000002,-0.12,0.02,0.05,0.025,3.78,0.044999957,4853.0,46.25,15.3,0.7199998
2M05264681+0226039,05264681+0226039,81.695083,2.43442,-0.07,0.05,-0.05,0.055,4.36,0.07999992,4154.0,68.0,30.47,2.6549997,-0.02,0.02,-0.05,0.02,4.26,0.029999971,4101.0,66.5,30.8,1.4500008,-0.01,0.025,-0.03,0.025,4.27,0.029999971,4094.0,43.0,30.54,1.1599998
2M05264782-0038475,05264782-0038475,81.699269,-0.646543,-1.0,0.21999997,0.33,0.29500002,3.32,0.08000004,6056.0,86.0,184.72,7.3399963,-0.52,0.065,-0.54,0.155,3.63,0.05000007,6246.0,36.0,166.67,4.6900024,-0.61,0.025000006,-0.57,0.049999982,3.29,0.034999967,6023.0,25.5,197.59,4.904999
2M05264819+0222025,05264819+0222025,81.700808,2.367373,-0.06,0.1,-0.09,0.11,4.02,0.125,5444.0,189.75,86.51,4.079998,-0.09,0.055,-0.06,0.049999997,4.04,0.11000013,5330.0,103.0,84.99,2.630001,-0.17,0.045,-0.02,0.060000002,3.83,0.11500001,5098.0,95.25,82.33,1.7550011
2M05265040+0155037,05265040+0155037,81.710018,1.917701,-0.18,0.215,0.15,0.225,4.27,0.17499995,3909.0,213.0,15.99,2.815,0.12,0.085,-0.08,0.045,4.4,0.07999992,3762.0,62.5,14.44,2.5899997,0.18,0.089999996,-0.04,0.024999999,4.33,0.08500004,3639.0,48.5,11.75,1.6599998
2M05265191+0023039,05265191+0023039,81.716326,0.384421,-0.11,0.04,-0.04,0.05,4.16,0.09500003,4267.0,49.5,29.43,1.3850002,-0.11,0.04,0.01,0.03,4.02,0.06500006,4238.0,73.5,28.35,1.6049995,-0.11,0.029999997,-0.01,0.024999999,3.94,0.07500005,4165.0,48.5,26.87,1.4000006
2M05265311-0009458,05265311-0009458,81.721295,-0.162734,-0.43,0.03500001,-0.01,0.02,3.77,0.049999952,6683.0,41.5,21.48,3.0150003,-0.38,0.014999986,-0.0,0.01,3.6,0.055000067,6507.0,29.25,29.4,1.0500002,-0.34,0.030000001,-0.1,0.04,3.62,0.055000067,6452.0,60.5,24.62,1.6950006
2M05265916-0221383,05265916-0221383,81.746507,-2.360659,-1.12,0.060000002,0.43,0.025000006,3.67,0.04000008,6161.0,38.0,197.69,3.3899994,-1.03,0.07499999,-0.33,0.125,3.51,0.08500004,6043.0,73.0,190.02,4.6799927,-1.08,0.065,0.21,0.049999997,3.66,0.035000086,6150.0,37.5,198.59,3.375
2M05265958+0246583,05265958+0246583,81.748256,2.782872,-0.3,0.19,0.05,0.095,3.82,0.24500012,3644.0,177.0,50.67,19.75,-0.09,0.165,-0.02,0.075,4.03,0.15999997,3561.0,109.0,59.09,21.329998,-0.27,0.135,-0.02,0.085,3.81,0.21000004,3547.0,92.375,24.75,21.035
2M05265991+0209060,05265991+0209060,81.749657,2.15168,-0.22,0.08499999,0.24,0.120000005,3.86,0.18499994,5310.0,145.5,36.34,1.7699986,0.05,0.075,0.06,0.044999998,4.47,0.16499996,5921.0,174.0,37.73,1.5749989,-0.03,0.035,-0.06,0.045,4.21,0.06000018,5610.0,53.25,35.27,1.039999
2M05270085-0117575,05270085-0117575,81.753547,-1.299319,0.0,0.055,-0.2,0.065,3.83,0.110000014,5727.0,113.5,17.49,1.46,-0.09,0.04,0.09,0.044999998,4.07,0.089999914,5874.0,77.5,17.24,1.3699999,-0.05,0.06,-0.04,0.024999999,4.11,0.08499992,5859.0,100.0,16.04,0.82999945
2M05270412+0044135,05270412+0044135,81.76718,0.737086,-0.79,0.120000005,0.13,0.255,3.66,0.21999991,6044.0,188.0,70.37,12.224998,-0.78,0.034999996,0.08,0.03,3.61,0.05000007,6001.0,48.75,59.2,3.119999,-0.89,0.030000001,0.04,0.045,3.3,0.07000005,5790.0,49.5,62.18,1.7300014
2M05270646+0137245,05270646+0137245,81.776958,1.623479,-0.1,0.245,0.01,0.16499999,4.05,0.21000004,3729.0,209.0,18.6,4.87,-0.14,0.055000003,-0.08,0.030000001,3.78,0.07500005,3690.0,68.5,15.7,2.355,0.17,0.06999999,-0.05,0.03,4.2,0.11500001,3633.0,50.5,15.27,1.5949998
2M05270681-0243277,05270681-0243277,81.778394,-2.72437,-0.11,0.05,0.14,0.05,4.29,0.099999905,4450.0,83.5,75.76,3.9199982,-0.08,0.080000006,0.02,0.105000004,4.36,0.16499996,4421.0,199.0,77.05,8.0,-0.12,0.025000002,0.04,0.024999999,4.19,0.06500006,4373.0,30.5,71.87,2.2649994
2M05270704+0208344,05270704+0208344,81.779342,2.142893,-0.31,0.034999996,-0.03,0.04,4.0,0.060000062,4344.0,49.5,95.33,4.755001,-0.26,0.065,0.09,0.11,4.04,0.14999998,4449.0,114.5,111.16,14.59,-0.35,0.03500001,0.03,0.015000001,3.71,0.125,4364.0,26.5,99.94,1.7299995
2M05270831-0149526,05270831-0149526,81.784627,-1.831294,-0.64,0.10499999,0.31,0.10999999,3.7,0.08500004,6224.0,95.0,173.89,5.6399994,-0.8,0.16999999,0.24,0.27,3.58,0.17499995,6179.0,171.5,160.89,28.125,-0.75,0.08000001,0.25,0.13499999,3.57,0.045000076,6145.0,48.75,176.31,7.0899963
2M05270937-0122023,05270937-0122023,81.789053,-1.367326,-1.7,0.120000005,-0.08,0.175,2.94,0.109999895,5467.0,75.75,163.03,21.690002,-2.04,0.109999955,0.1,0.085,2.9,0.08000004,5494.0,45.5,175.01,8.0,-1.81,0.060000002,0.3,0.030000001,2.85,0.035000086,5406.0,27.0,194.1,4.709999
2M05271018+0050452,05271018+0050452,81.79243,0.845912,0.04,0.065,-0.01,0.044999998,4.37,0.08500004,5835.0,167.5,14.28,0.6600003,-0.05,0.025,-0.05,0.01,4.21,0.03000021,5494.0,59.0,14.33,0.42000008,0.03,0.045,-0.04,0.025,4.54,0.05000019,5660.0,67.0,14.11,1.1200004
2M05271421-0208189,05271421-0208189,81.809248,-2.138596,-0.06,0.07,-0.06,0.055,4.42,0.13499999,4288.0,107.5,15.23,2.525,0.02,0.04,0.11,0.045,4.61,0.09500003,4405.0,44.0,15.37,1.1950006,-0.09,0.03,0.01,0.035,4.18,0.06999993,4301.0,44.0,15.15,0.9300003
2M05271534-0017538,05271534-0017538,81.813947,-0.298287,-0.04,0.105000004,0.03,0.095,4.13,0.13,5737.0,156.0,13.97,1.1349998,0.05,0.055,0.03,0.04,3.79,0.08500004,5751.0,85.5,14.21,0.75999975,0.11,0.03,0.07,0.014999999,4.27,0.06500006,5856.0,69.0,11.79,0.875
2M05271663-0107402,05271663-0107402,81.819297,-1.127852,-0.18,0.075,0.31,0.135,4.13,0.125,4229.0,85.0,15.0,1.7299995,-0.01,0.024999999,-0.03,0.02,4.44,0.035000086,4096.0,50.0,13.32,1.5799999,-0.03,0.04,0.0,0.02,4.31,0.06500006,4076.0,57.5,11.75,1.5450001
2M05271665+0216512,05271665+0216512,81.819396,2.280892,-0.18,0.085,-0.05,0.060000002,4.14,0.10500002,3842.0,90.5,16.88,2.7999997,-0.22,0.09,0.05,0.055,4.14,0.10000014,3795.0,65.5,15.8,2.2949996,-0.15,0.049999997,-0.04,0.02,4.06,0.10500002,3722.0,54.0,14.56,1.6050005
2M05271720-0220239,05271720-0220239,81.821673,-2.339977,-0.15,0.065,-0.04,0.045,4.11,0.11500001,6346.0,128.5,13.85,1.1300001,-0.16,0.13499999,-0.17,0.22999999,3.85,0.17500007,6122.0,202.25,14.08,1.3899999,-0.15,0.075,0.08,0.060000002,4.04,0.13500011,6209.0,129.5,12.88,1.1899996
2M05271919+0136224,05271919+0136224,81.829998,1.60624,-1.14,0.100000024,0.23,0.17,3.21,0.054999948,5904.0,54.25,138.9,17.900002,-1.15,0.16499999,-0.46,0.120000005,3.17,0.049999952,5908.0,47.75,173.72,9.834999,-0.89,0.030000001,-0.63,0.13999999,3.15,0.029999971,5861.0,25.0,196.77,8.200005
2M05272459-0127422,05272459-0127422,81.852471,-1.461737,-0.21,0.060000002,0.1,0.045,4.07,0.11499989,5955.0,141.0,148.81,4.919998,-0.28,0.050000004,0.12,0.049999997,3.9,0.10500002,5817.0,112.0,153.92,3.6049957,-0.46,0.06999999,0.13,0.06,3.54,0.14499998,5497.0,101.0,161.63,6.7999954
2M05272543-0105515,05272543-0105515,81.855988,-1.097652,0.15,0.08,-0.04,0.02,3.9,0.05000007,3381.0,44.0,15.16,1.5050001,0.53,0.22500001,-0.06,0.03,4.25,0.08500004,3314.0,106.5,18.18,2.5649996,0.03,0.04,0.0,0.024999999,3.78,0.059999943,3355.0,40.0,14.9,1.25
2M05272886-0205320,05272886-0205320,81.870285,-2.092227,0.03,0.045,0.09,0.04,4.26,0.07000017,4396.0,51.0,22.84,1.5600004,0.06,0.05,0.2,0.080000006,4.29,0.119999886,4481.0,91.5,23.87,2.7400007,0.05,0.01,0.04,0.025,4.24,0.045000076,4339.0,32.0,20.84,0.9300003
2M05272935+0142510,05272935+0142510,81.872296,1.714176,-0.27,0.034999996,-0.05,0.030000001,3.65,0.08000004,3902.0,46.0,93.21,3.9349976,-0.02,0.04,-0.01,0.049999997,4.27,0.06000018,4076.0,92.5,99.96,4.4300003,-0.15,0.025000002,-0.1,0.030000001,4.0,0.024999976,3899.0,45.0,93.87,2.0099983
2M05272968+0129029,05272968+0129029,81.873672,1.484166,0.02,0.055,-0.02,0.05,4.17,0.10500002,4381.0,156.5,20.08,1.7649994,0.02,0.024999999,-0.04,0.015000001,4.46,0.03999996,4451.0,55.5,19.2,0.6000004,0.02,0.02,0.0,0.015,4.28,0.045000076,4434.0,43.25,18.97,0.48999977
2M05273070+0015075,05273070+0015075,81.877953,0.252099,-1.22,0.16500002,-0.39,0.17,3.25,0.054999948,6225.0,47.0,182.47,9.970001,-1.08,0.045000017,-0.4,0.034999996,3.07,0.045000076,6077.0,38.5,188.27,3.4950027,-0.99,0.029999971,-0.21,0.020000003,3.16,0.03999996,6128.0,31.5,197.79,4.3199997
2M05273137+0116459,05273137+0116459,81.880735,1.279431,-0.01,0.075,0.06,0.075,4.22,0.22500002,4284.0,88.5,31.15,2.7149992,-0.06,0.040000003,-0.05,0.024999999,4.04,0.049999952,4116.0,77.5,28.76,1.6800003,0.03,0.035,0.01,0.024999999,4.11,0.05499983,4139.0,38.5,29.37,0.9549999
2M05273537-0145072,05273537-0145072,81.897377,-1.752021,-0.67,0.03999999,-0.03,0.04,3.34,0.045000076,5858.0,47.0,48.29,2.7299995,-0.55,0.050000012,0.08,0.060000002,3.32,0.07500005,5774.0,73.0,95.48,10.019997,-0.66,0.0150000155,0.16,0.025000006,3.33,0.029999971,5832.0,19.5,43.41,1.4700012
2M05273558+0059329,05273558+0059329,81.898288,0.992492,0.04,0.120000005,0.01,0.13499999,4.09,0.30499995,5342.0,264.0,80.58,4.404999,0.11,0.065,-0.15,0.044999998,4.3,0.07500005,5398.0,119.0,77.26,3.0449982,-0.04,0.02,0.02,0.015,4.04,0.03999996,5008.0,43.0,75.82,0.9600029
2M05273617+0051538,05273617+0051538,81.900745,0.864956,-0.07,0.035,-0.04,0.04,4.33,0.06999993,4800.0,77.5,25.66,1.25,-0.06,0.024999999,-0.04,0.05,4.56,0.09000015,4605.0,102.0,25.18,1.4949999,-0.06,0.015000001,0.02,0.02,4.3,0.07000017,4581.0,58.0,24.43,0.7350006
2M05273688+0106273,05273688+0106273,81.903679,1.107604,-1.46,0.16999996,0.24,0.235,3.08,0.13999999,5720.0,98.5,168.9,18.475006,-1.59,0.07999998,0.54,0.08,3.02,0.054999948,5693.0,41.5,170.82,3.0600052,-1.44,0.045000017,0.27,0.06999999,2.86,0.04000008,5578.0,30.5,182.04,5.1449966
2M05273778-0127345,05273778-0127345,81.907442,-1.459607,-0.06,0.06,0.06,0.06,4.18,0.099999905,4228.0,88.5,18.93,2.5250006,0.06,0.030000001,0.02,0.025,4.63,0.07499981,4167.0,56.5,15.22,1.8449998,-0.01,0.03,-0.04,0.03,4.29,0.055000067,4080.0,36.0,15.64,1.2949996
2M05273861-0158018,05273861-0158018,81.910876,-1.967173,-0.5,0.040000007,0.11,0.030000001,3.59,0.03000009,6508.0,41.0,90.8,4.584999,-0.64,0.07499999,0.44,0.049999997,3.68,0.049999952,6648.0,77.0,126.6,6.494999,-0.56,0.030000001,0.16,0.034999996,3.57,0.024999976,6474.0,32.5,88.24,4.6049995
2M05273980-0158371,05273980-0158371,81.915849,-1.976995,-0.03,0.085,0.06,0.1,4.03,0.12499988,4532.0,215.5,28.48,3.6349993,-0.01,0.065,0.23,0.105,4.41,0.125,4579.0,105.0,28.12,2.5249996,-0.06,0.035,0.02,0.02,4.04,0.07999992,4351.0,48.5,28.14,1.2600002
2M05274060-0016575,05274060-0016575,81.919186,-0.282648,-0.18,0.06999999,0.18,0.07,3.82,0.12500012,4051.0,107.5,19.97,2.0449991,-0.11,0.11,0.29,0.185,4.31,0.16000009,4194.0,173.25,20.85,3.8500004,0.06,0.05,-0.06,0.02,4.26,0.07500005,3827.0,34.5,15.23,1.8699999
2M05274063+0103572,05274063+0103572,81.919321,1.065908,-0.2,0.15,0.1,0.13,4.02,0.23000002,4016.0,165.0,23.13,5.4050007,-0.01,0.12,0.02,0.075,4.17,0.13000011,3834.0,116.375,21.76,3.7800007,0.0,0.030000001,-0.07,0.02,3.79,0.034999967,3546.0,67.0,15.45,1.9400005
2M05274079-0016083,05274079-0016083,81.91998,-0.26899,-0.31,0.040000007,-0.09,0.04,3.67,0.055000067,5666.0,65.5,42.38,2.1849995,-0.31,0.055,-0.22,0.075,3.67,0.09500003,5700.0,104.5,41.66,3.1900005,-0.33,0.024999991,-0.11,0.04,3.37,0.06500006,5475.0,52.5,38.91,1.1149998
2M05274471-0148470,05274471-0148470,81.936309,-1.813057,-1.2,0.07499999,-0.15,0.11,3.48,0.16000009,5881.0,155.0,92.12,14.66,-1.12,0.050000012,0.1,0.195,3.72,0.089999914,6098.0,84.5,134.43,15.005005,-0.96,0.034999996,-0.33,0.034999996,3.84,0.049999952,6175.0,47.5,92.17,3.9799995
2M05274527+0024279,05274527+0024279,81.938654,0.407753,-0.45,0.13,-0.35,0.11,3.91,0.21999991,5528.0,212.0,75.81,6.3100014,-0.36,0.019999996,-0.37,0.034999996,3.96,0.034999967,5643.0,37.5,78.7,2.3149986,-0.39,0.010000005,-0.2,0.024999999,3.84,0.035000086,5582.0,20.5,76.08,1.2449989
2M05274576-0208437,05274576-0208437,81.940688,-2.145476,-1.75,0.09499997,0.02,0.045,2.88,0.06500006,5404.0,54.0,180.37,3.619995,-1.76,0.14500004,-0.18,0.085,3.29,0.110000014,5709.0,76.5,193.21,12.705002,-1.85,0.035000026,0.16,0.04,2.85,0.05000007,5397.0,32.0,197.44,4.875
2M05274764-0108274,05274764-0108274,81.948541,-1.140957,-0.22,0.045,0.15,0.04,3.79,0.08499992,4130.0,41.0,101.92,3.7799988,-0.14,0.049999997,0.12,0.035000004,4.04,0.11000013,4118.0,43.0,116.07,6.91,-0.24,0.030000009,-0.01,0.024999999,3.62,0.07000005,3991.0,25.5,96.66,2.7749977
2M05275423+0106180,05275423+0106180,81.975964,1.10502,-1.49,0.100000024,0.21,0.065,3.06,0.059999943,5834.0,45.5,197.23,4.824997,-1.29,0.19,-0.64,0.21,3.23,0.06999993,5956.0,70.0,171.42,6.3550034,-1.87,0.055000007,0.55,0.049999997,2.93,0.044999957,5782.0,27.0,198.94,3.8450012
2M05275593-0219417,05275593-0219417,81.983065,-2.328254,0.07,0.045,0.05,0.05,4.6,0.15999985,6248.0,117.5,11.7,1.0250001,-0.09,0.055,0.01,0.035,4.3,0.059999943,5927.0,91.0,11.76,0.9550004,-0.02,0.060000002,-0.03,0.055,4.27,0.09500003,6073.0,115.5,11.78,0.88499975
2M05275732+0216345,05275732+0216345,81.988853,2.276257,-0.68,0.08499998,-0.2,0.15,3.73,0.100000024,5973.0,93.5,182.28,16.419998,-0.72,0.065,0.05,0.055,3.8,0.08500004,6038.0,76.0,160.49,6.2249985,-0.81,0.060000002,0.1,0.055,3.62,0.045000076,5896.0,40.0,182.53,5.4000015
2M05275884+0146171,05275884+0146171,81.995177,1.771432,-0.26,0.08,0.04,0.075,4.36,0.09500003,6365.0,118.0,29.44,2.125,-0.36,0.029999986,-0.06,0.03,3.91,0.045000076,6094.0,60.0,29.4,1.125,-0.36,0.019999996,-0.1,0.015000001,3.8,0.060000062,5900.0,48.5,28.74,0.7750006
2M05275896-0053151,05275896-0053151,81.99569,-0.887532,-0.11,0.055000003,-0.06,0.085,4.11,0.13500011,4821.0,174.5,43.09,2.8500004,-0.06,0.025000002,-0.02,0.05,4.41,0.055000067,4838.0,78.0,42.36,1.4349995,-0.1,0.02,0.05,0.02,4.24,0.07500005,4646.0,62.0,40.84,1.039999
2M05275999+0229480,05275999+0229480,81.999992,2.496677,-0.36,0.08,-0.05,0.040000003,3.6,0.110000014,5388.0,172.0,33.11,2.210001,-0.35,0.13499999,0.13,0.135,3.77,0.15499997,5613.0,206.5,33.49,2.4349995,-0.24,0.045,-0.01,0.025,3.7,0.059999943,5616.0,69.0,31.5,1.5050001
2M05280052-0109448,05280052-0109448,82.002191,-1.162452,-0.15,0.025000002,-0.05,0.03,3.74,0.029999971,3864.0,54.5,43.0,1.3850002,-0.1,0.065000005,0.09,0.075,3.83,0.120000005,4151.0,76.0,47.28,3.83,-0.16,0.025000006,-0.05,0.02,3.75,0.049999952,3857.0,45.375,40.43,1.7900009
2M05280147+0117536,05280147+0117536,82.006137,1.298243,-1.76,0.110000014,0.43,0.050000012,2.94,0.054999948,5370.0,37.5,178.44,4.920006,-1.71,0.060000002,0.55,0.034999996,3.01,0.06499994,5405.0,42.5,197.1,6.4449997,-1.6,0.09000003,0.12,0.13,2.88,0.055000067,5336.0,33.0,181.22,7.955002
2M05280298-0120320,05280298-0120320,82.012419,-1.342248,-0.15,0.125,0.2,0.185,4.06,0.16499996,4256.0,117.0,25.24,4.29,-0.11,0.044999998,0.22,0.080000006,4.19,0.09500003,4321.0,77.5,23.82,2.5449991,-0.14,0.04,0.03,0.040000003,3.95,0.13,4097.0,40.0,21.45,1.6450005
2M05280825-0027177,05280825-0027177,82.034415,-0.454924,-0.03,0.11,0.08,0.085,3.66,0.10500002,6390.0,145.25,82.15,8.605,-0.09,0.055,0.12,0.05,3.68,0.08000004,6369.0,93.0,84.6,5.300003,-0.21,0.024999999,0.12,0.029999997,3.38,0.044999957,6129.0,38.25,74.02,2.1450005
2M05280994+0210263,05280994+0210263,82.041435,2.173985,0.01,0.06,-0.05,0.040000003,4.11,0.099999905,4613.0,149.0,31.02,2.4500008,-0.03,0.065,0.13,0.125,4.24,0.17499995,4669.0,169.5,30.47,2.1050005,-0.1,0.04,0.02,0.02,3.91,0.110000014,4501.0,61.5,29.74,0.78499985
2M05281249-0149387,05281249-0149387,82.052047,-1.827429,-0.38,0.11000001,0.42,0.255,4.14,0.20000005,3644.0,114.0,16.13,2.3599997,-0.19,0.044999994,-0.06,0.025,3.6,0.06500006,3499.0,60.375,15.29,1.5349998,-0.09,0.13,-0.05,0.07,3.82,0.11500001,3526.0,59.0,14.95,1.435
2M05281263-0156285,05281263-0156285,82.052659,-1.941265,-2.05,0.22500002,0.38,0.27,3.19,0.09000003,5760.0,55.75,166.73,21.615005,-1.83,0.045000017,0.44,0.049999997,3.31,0.05000007,5839.0,36.0,182.78,3.9149933,-1.84,0.050000012,-0.56,0.20499998,3.06,0.029999971,5706.0,24.5,197.69,5.6399994
2M05281483-0158369,05281483-0158369,82.061829,-1.976933,-0.2,0.054999992,0.05,0.044999998,3.97,0.11500013,5674.0,91.0,49.77,2.75,-0.14,0.13000001,-0.23,0.14,3.97,0.21499991,5833.0,240.0,53.97,3.7849998,-0.31,0.03500001,-0.03,0.03,3.5,0.049999952,5401.0,59.0,52.17,1.4650002
2M05281788-0148094,05281788-0148094,82.074539,-1.802618,-0.16,0.044999998,-0.04,0.055,3.99,0.13500011,4311.0,59.0,92.18,6.1949997,-0.17,0.024999999,0.03,0.025,3.74,0.059999943,4302.0,51.25,80.38,2.4000015,-0.19,0.030000001,-0.01,0.04,3.68,0.09000003,4281.0,60.0,84.24,2.9350014
2M05281925-0152039,05281925-0152039,82.080245,-1.867755,0.03,0.035,-0.0,0.035,4.28,0.06500006,4319.0,65.5,19.56,0.96500015,-0.05,0.060000002,0.05,0.040000003,4.3,0.07999992,4359.0,51.0,19.3,1.8600006,-0.05,0.015000001,0.03,0.015000001,3.89,0.035000086,4293.0,27.5,19.45,0.72999954
2M05282059-0022432,05282059-0022432,82.085828,-0.378679,-0.11,0.165,0.1,0.17500001,3.9,0.27499986,3904.0,209.5,21.66,5.3499994,0.09,0.074999996,-0.03,0.05,4.29,0.10500002,3823.0,80.5,19.49,3.625,-0.04,0.060000002,0.03,0.04,4.16,0.09500003,3796.0,66.0,15.68,1.665
2M05282205-0157371,05282205-0157371,82.091879,-1.960307,0.01,0.085,0.07,0.115,4.27,0.2650001,4596.0,219.25,16.69,2.1899996,0.03,0.055,0.16,0.07,4.53,0.16499996,4704.0,130.0,16.13,1.56,-0.05,0.035,0.07,0.030000001,4.18,0.120000124,4532.0,78.0,15.62,0.9399996
2M05282400-0128577,05282400-0128577,82.100036,-1.482704,-0.23,0.14,0.01,0.075,3.87,0.16000009,3936.0,121.0,15.79,2.3250003,0.04,0.075,0.03,0.05,4.32,0.08000016,3889.0,65.0,16.2,2.0750003,-0.04,0.085,0.02,0.065,4.22,0.089999914,3848.0,63.0,14.69,1.4300003
2M05282438-0157400,05282438-0157400,82.101604,-1.961129,-0.14,0.074999996,-0.04,0.044999998,3.67,0.07000005,3493.0,84.5,69.47,3.7200012,-0.18,0.11000001,-0.06,0.07,3.87,0.15499997,3715.0,87.0,82.58,12.324997,-0.24,0.025000006,-0.04,0.02,3.73,0.034999967,3619.0,19.5,61.67,1.4650002
2M05282834+0011020,05282834+0011020,82.118087,0.183892,-0.11,0.055,0.12,0.045,3.95,0.120000005,4600.0,98.0,18.12,1.3299999,-0.1,0.025,0.07,0.014999999,3.92,0.03999996,4550.0,54.25,19.31,0.7399998,-0.14,0.04,0.07,0.035,3.92,0.13,4557.0,58.5,19.36,0.6449995
2M05282858-0206103,05282858-0206103,82.119085,-2.102877,-0.02,0.05,0.04,0.05,4.45,0.10000014,4334.0,71.0,15.5,1.77,-0.05,0.060000002,-0.07,0.075,4.28,0.10500002,4185.0,88.0,15.38,2.1,0.01,0.035,0.01,0.02,4.23,0.055000067,4144.0,40.5,14.85,0.85999966
2M05283116+0154076,05283116+0154076,82.129859,1.902114,-0.66,0.125,0.26,0.23499998,3.77,0.09500003,5955.0,112.0,148.97,17.059998,-0.55,0.08499999,-0.29,0.25,3.78,0.13499999,6012.0,122.75,148.83,12.725006,-0.63,0.04000002,-0.04,0.085,3.67,0.054999948,5915.0,51.5,162.59,5.040001
2M05283148+0048191,05283148+0048191,82.131175,0.805332,-0.39,0.044999987,0.17,0.049999997,3.63,0.09500003,4151.5,40.5,129.84,6.510002,-0.22,0.089999996,-0.03,0.065,4.1,0.16499996,3990.0,116.0,153.28,9.034996,-0.36,0.019999996,-0.01,0.024999999,3.77,0.044999957,4081.0,21.0,136.54,2.4649963
2M05283185-0153242,05283185-0153242,82.132727,-1.890081,-0.44,0.26500002,0.14,0.16,3.59,0.2299999,3428.0,102.5,49.09,9.640001,-0.33,0.245,0.21,0.26,4.27,0.16999984,3623.0,109.5,53.95,8.764999,-0.25,0.195,0.18,0.18499999,4.08,0.21499991,3423.0,84.5,46.81,5.9300003
2M05283339+0009299,05283339+0009299,82.139145,0.158319,-0.01,0.125,0.12,0.175,4.3,0.20000005,4284.0,136.5,16.42,2.9499998,-0.08,0.045,0.14,0.060000002,4.14,0.0849998,4304.0,64.5,15.06,1.6549997,0.03,0.03,0.0,0.024999999,4.16,0.049999952,4120.0,36.0,14.56,0.75
2M05283366-0235544,05283366-0235544,82.14025,-2.598463,-0.38,0.135,0.05,0.18,4.04,0.20999992,5693.0,241.5,34.67,4.625,-0.55,0.21000001,0.26,0.16499999,3.84,0.20999992,5470.0,355.25,33.68,2.83,-0.38,0.030000001,-0.03,0.025,3.78,0.07000005,5622.0,60.5,30.27,1.54
2M05283414+0045575,05283414+0045575,82.14229,0.765988,-1.09,0.28500003,0.56,0.36,3.41,0.055000067,6232.0,67.5,127.34,18.920002,-0.73,0.099999994,-0.08,0.185,3.71,0.07499993,6504.0,78.5,112.25,19.800003,-0.71,0.060000002,0.1,0.125,3.4,0.034999967,6234.0,42.0,177.89,24.684998
2M05283440+0220182,05283440+0220182,82.143359,2.338399,-0.39,0.029999986,0.04,0.025,3.96,0.055000067,6080.0,62.0,79.03,1.9099998,-0.35,0.095000006,0.05,0.18,4.21,0.2249999,6329.0,220.0,76.34,5.494999,-0.42,0.015000001,0.06,0.024999999,3.81,0.03999996,5971.0,29.5,76.3,1.3400002
2M05283543+0140073,05283543+0140073,82.147655,1.668722,-0.25,0.13000001,0.12,0.135,4.16,0.16499996,5821.0,260.0,24.28,2.415,-0.32,0.065000005,-0.14,0.035,3.8,0.110000014,5559.0,140.0,23.83,1.6399994,-0.21,0.04,-0.05,0.02,3.99,0.10500002,5756.0,91.0,21.49,1.2749996
2M05283771+0011485,05283771+0011485,82.157141,0.196823,-0.4,0.26999998,0.05,0.120000005,3.73,0.22500002,3454.0,93.5,16.12,3.9850001,-0.6,0.23000002,0.11,0.074999996,3.55,0.21000004,3478.0,65.0,16.63,2.5950003,-0.06,0.09,0.01,0.049999997,4.02,0.07999992,3420.0,49.5,14.53,1.0499997
2M05283775+0138039,05283775+0138039,82.157312,1.634438,-0.36,0.045,0.14,0.085,3.82,0.09500003,5712.0,77.0,34.29,1.5750008,-0.23,0.060000002,-0.37,0.11,4.13,0.07999992,5863.0,104.0,34.68,1.8050003,-0.21,0.065,-0.07,0.020000001,4.15,0.089999914,5912.0,118.5,33.76,0.7749996
2M05283924-0123133,05283924-0123133,82.163504,-1.387034,-0.21,0.045,-0.03,0.025,4.26,0.07999992,5909.0,82.0,87.64,2.4500008,-0.44,0.019999996,-0.02,0.015,3.75,0.059999943,5426.0,53.5,88.68,2.3100014,-0.24,0.099999994,-0.01,0.04,4.21,0.20499992,5873.0,249.0,85.45,3.0750008
2M05283932-0212283,05283932-0212283,82.163841,-2.207887,-0.27,0.050000004,0.2,0.06,4.0,0.12499988,4304.0,72.5,42.15,3.0600014,-0.13,0.105,0.09,0.13499999,4.41,0.2550001,4294.0,106.5,43.4,6.1950016,-0.22,0.034999996,0.0,0.045,4.06,0.09500003,4110.0,32.5,39.49,1.375
2M05284287-0020406,05284287-0020406,82.178634,-0.344635,-0.11,0.07,0.02,0.114999995,3.88,0.20499992,4611.0,244.0,46.18,3.7849998,-0.14,0.020000003,0.07,0.025000002,3.89,0.045000076,4417.0,45.0,45.65,1.6450005,-0.18,0.040000003,0.04,0.025,3.71,0.11500001,4382.0,38.5,44.34,1.4450016
2M05284394-0244546,05284394-0244546,82.183102,-2.748524,-0.22,0.065,0.24,0.07,4.04,0.1049999,4082.0,106.0,20.43,2.04,-0.09,0.025,-0.07,0.02,4.04,0.025000095,3831.0,48.0,19.5,1.5250006,-0.15,0.05,-0.04,0.030000001,3.95,0.07499993,3852.0,49.0,19.47,1.2349997
2M05284486+0249405,05284486+0249405,82.186947,2.827944,-0.13,0.06,0.1,0.044999998,4.1,0.07500005,4098.0,84.0,19.61,1.5699997,-0.08,0.11,0.03,0.074999996,4.35,0.16000009,4109.0,113.0,19.04,3.665,0.13,0.07,-0.04,0.035,4.48,0.13499999,3913.0,50.0,16.1,1.8499994
2M05284528+0138381,05284528+0138381,82.188677,1.643941,-2.31,0.17499995,0.68,0.24500002,2.92,0.049999952,5546.0,26.0,173.68,12.224998,-2.27,0.305,0.64,0.275,2.94,0.1049999,5549.0,64.0,158.95,15.800003,-2.17,0.04000008,0.63,0.03999999,2.86,0.035000086,5537.0,19.0,199.15,4.454994
2M05284555+0222021,05284555+0222021,82.189821,2.367272,-0.17,0.035000004,-0.01,0.035,3.79,0.07000005,4095.0,44.0,28.47,1.8950005,-0.12,0.04,0.13,0.049999997,4.29,0.055000067,4177.0,48.0,26.49,1.9000006,-0.1,0.019999996,0.04,0.024999999,4.18,0.045000076,4081.0,31.0,25.77,1.2400007
2M05284629-0025383,05284629-0025383,82.192886,-0.427322,-0.55,0.08999999,0.06,0.035,3.33,0.045000076,3253.0,45.0,62.2,3.8199997,-0.48,0.21,0.17,0.11000001,3.59,0.13999999,3385.0,115.375,96.19,34.145004,-0.39,0.105000004,0.12,0.05,3.6,0.11500001,3269.0,52.0,65.99,4.6449986
2M05284683+0048406,05284683+0048406,82.195151,0.811284,-0.12,0.024999999,-0.06,0.035,4.22,0.049999952,4844.0,59.5,42.27,1.4599991,-0.08,0.025,0.07,0.025000002,4.41,0.06500006,4843.0,68.5,41.1,1.3449993,-0.1,0.010000002,0.07,0.014999999,4.19,0.025000095,4866.0,38.0,41.01,0.8649998
2M05284687+0033300,05284687+0033300,82.195327,0.558348,-0.07,0.1,-0.15,0.235,4.34,0.21500015,5450.0,219.0,32.52,1.7049999,0.06,0.095,-0.06,0.04,4.59,0.17499995,5737.0,190.5,32.83,1.4000006,-0.14,0.024999999,-0.16,0.035,4.04,0.07999992,5394.0,36.25,33.04,0.9199991
2M05284688+0252140,05284688+0252140,82.195343,2.870572,-0.21,0.04,0.19,0.05,3.7,0.07500005,4371.0,51.0,57.71,2.709999,-0.07,0.04,0.15,0.07,4.49,0.20000005,4420.0,62.5,61.08,3.6450005,-0.17,0.019999996,0.05,0.03,3.79,0.054999948,4229.0,55.5,57.15,1.0699997
2M05285259-0036110,05285259-0036110,82.219149,-0.603082,-0.87,0.060000002,-0.23,0.030000001,3.42,0.055000067,5654.0,52.0,139.81,2.4349976,-0.91,0.060000002,-0.33,0.114999995,3.42,0.08500004,5691.0,69.0,130.25,5.1200027,-1.09,0.02000004,0.01,0.03,2.96,0.06499994,5344.0,40.0,129.37,2.3700027
2M05285332+0148551,05285332+0148551,82.222178,1.815309,-0.14,0.13000001,0.09,0.125,4.19,0.25999987,4271.0,122.5,22.23,4.745,-0.06,0.025,-0.07,0.02,4.44,0.035000086,4095.0,78.5,16.24,2.0650005,-0.11,0.05,-0.05,0.035,4.3,0.109999895,4094.0,78.5,16.48,1.7350001
2M05285348+0049443,05285348+0049443,82.222852,0.828995,-0.29,0.030000001,0.07,0.030000001,3.98,0.054999948,5808.0,56.25,19.78,0.82500076,-0.14,0.055000003,0.07,0.060000002,4.48,0.055000067,6234.0,95.0,19.77,0.83500004,0.01,0.035,-0.04,0.015,4.62,0.06999993,6360.0,68.5,19.36,0.54999924
2M05285401-0117144,05285401-0117144,82.225059,-1.287344,-0.21,0.065000005,0.08,0.065,3.91,0.11500013,4197.0,77.0,18.19,2.2849998,-0.16,0.125,0.07,0.11,4.23,0.27999997,4310.0,181.5,17.52,3.6099997,-0.18,0.035000004,-0.04,0.030000001,4.17,0.08500004,4091.0,31.0,15.1,0.99500036
2M05285452-0141058,05285452-0141058,82.227191,-1.684963,-0.02,0.055,-0.03,0.095,4.25,0.109999895,4776.0,154.5,24.97,1.375,-0.01,0.044999998,0.04,0.035,4.42,0.089999914,4714.0,98.0,24.7,1.1300001,-0.05,0.025,0.06,0.025000002,4.06,0.07500005,4527.0,68.0,24.25,0.6700001
2M05285915+0204488,05285915+0204488,82.246489,2.080245,-0.17,0.045,0.01,0.024999999,3.88,0.09000003,4689.0,94.0,37.8,1.1599998,-0.15,0.025000002,0.0,0.02,3.91,0.06500006,4647.0,63.0,35.22,1.0950012,-0.1,0.02,0.04,0.015000001,3.89,0.07000017,4811.0,56.0,35.08,0.81500053
2M05285935+0129190,05285935+0129190,82.247322,1.488632,-0.74,0.14000002,-0.49,0.25,3.3,0.07000005,6369.0,67.0,176.16,8.330002,-0.74,0.16,-0.08,0.13,3.56,0.120000005,6590.0,96.0,180.64,8.924995,-0.9,0.089999974,-0.02,0.17500001,3.23,0.044999957,6320.0,37.0,196.68,5.5200043
2M05290074+0018257,05290074+0018257,82.253089,0.307154,-1.01,0.125,-0.04,0.205,3.33,0.14999998,6093.0,116.0,123.93,29.730003,-1.27,0.13999999,0.41,0.28,3.37,0.110000014,6131.0,94.5,125.31,21.36,-1.11,0.050000012,0.11,0.089999996,3.2,0.03999996,6008.0,30.5,156.09,6.7750015
2M05290146-0011297,05290146-0011297,82.256099,-0.19161,-0.21,0.11500001,0.19,0.15,4.0,0.265,4132.0,149.0,18.43,3.7749996,-0.04,0.045,-0.04,0.035,4.09,0.059999943,3827.0,63.5,15.57,1.7150002,-0.16,0.035000004,0.01,0.04,3.86,0.07000005,3831.0,58.5,14.8,1.0750003
2M05290363-0210332,05290363-0210332,82.265129,-2.175909,-0.59,0.099999994,-0.42,0.18,3.12,0.100000024,6160.0,103.0,179.51,18.015,-0.65,0.39499998,-0.07,0.32999998,3.12,0.10500002,6208.0,107.0,179.94,10.729996,-0.54,0.025000006,-0.43,0.03999999,3.04,0.034999967,6096.0,36.5,198.12,4.489998
2M05290452-0142312,05290452-0142312,82.268851,-1.708694,0.07,0.045,0.14,0.065000005,3.82,0.125,4523.0,86.25,29.21,1.7950001,0.13,0.085,0.05,0.060000002,4.27,0.1500001,4916.0,249.0,29.56,1.6700001,-0.04,0.044999998,0.04,0.03,3.82,0.09000003,4588.0,58.25,29.12,0.7350006
2M05290743+0150319,05290743+0150319,82.280968,1.842219,-0.1,0.13,0.09,0.145,3.8,0.23000014,3859.0,236.0,48.38,6.84,-0.01,0.09,-0.04,0.049999997,3.95,0.13499999,3813.0,84.0,53.94,6.1449986,-0.12,0.055,-0.05,0.024999999,3.65,0.06499994,3707.0,40.375,40.67,1.7950001
2M05290882-0125393,05290882-0125393,82.28679,-1.427596,-0.01,0.11,0.11,0.085,4.35,0.13000011,4219.0,100.5,14.25,2.6800003,-0.08,0.074999996,0.15,0.07,4.23,0.13999987,4261.0,83.5,13.7,2.0349998,-0.07,0.05,0.02,0.04,4.46,0.10500002,4165.0,44.5,10.93,1.48
2M05291210+0253342,05291210+0253342,82.300432,2.89285,-0.03,0.155,0.12,0.12,4.03,0.19499993,3605.5,167.375,55.74,11.620001,0.1,0.075,0.15,0.050000004,4.56,0.17000008,3778.0,60.0,50.22,3.3249989,0.01,0.095,0.04,0.08,3.86,0.09500003,3526.0,84.0,44.95,4.245001
2M05291353-0147463,05291353-0147463,82.306382,-1.796219,-0.25,0.08,-0.0,0.06,3.79,0.1400001,6112.0,110.5,78.49,6.220001,-0.25,0.075,-0.16,0.115,3.72,0.16500008,6028.0,193.0,95.07,22.474998,-0.3,0.024999991,0.01,0.055,3.52,0.049999952,5952.0,34.0,76.29,3.1949997
2M05291785-0143391,05291785-0143391,82.324383,-1.727543,-0.01,0.035,0.06,0.02,3.81,0.05000007,5273.0,58.0,48.28,0.88000107,-0.04,0.040000003,-0.02,0.03,3.76,0.059999943,5310.0,73.0,50.58,1.7600002,-0.21,0.030000001,0.11,0.02,3.55,0.09000003,4927.0,92.5,48.62,0.8899994
2M05291858+0110555,05291858+0110555,82.327426,1.182104,-1.29,0.13,0.34,0.305,3.32,0.060000062,6037.0,50.5,161.75,17.955002,-1.25,0.15999997,0.41,0.25,3.53,0.13499999,6197.0,119.5,126.58,23.904999,-1.14,0.044999957,-0.11,0.125,3.24,0.059999943,5973.0,44.5,142.49,11.965
2M05291877-0118370,05291877-0118370,82.328225,-1.310279,0.11,0.095,-0.01,0.044999998,4.43,0.13000011,6139.0,155.5,23.94,0.99500084,-0.22,0.034999996,-0.15,0.045,3.86,0.07500005,5528.0,71.5,24.12,0.7250004,-0.14,0.030000005,0.01,0.035,4.12,0.08500004,5662.0,46.5,23.79,0.4949999
2M05292131-0028357,05292131-0028357,82.338825,-0.47661,-0.12,0.23,0.1,0.14,3.94,0.19999993,3469.5,116.0,27.55,9.775,0.16,0.16000001,0.02,0.075,4.22,0.09000015,3436.0,85.5,26.31,5.75,0.17,0.09,-0.05,0.05,3.88,0.11000013,3342.0,57.5,20.34,1.9800005
2M05292206+0206055,05292206+0206055,82.341922,2.101536,-0.05,0.14,-0.08,0.105000004,4.3,0.19000006,5041.0,344.75,13.18,1.4250002,0.01,0.1,-0.14,0.125,4.42,0.16499996,5170.0,276.0,13.13,1.25,-0.18,0.045,-0.01,0.015,3.92,0.16999996,4589.0,88.5,14.1,1.4850001
2M05292269-0131537,05292269-0131537,82.344573,-1.531594,-0.01,0.05,-0.04,0.035,4.14,0.06500006,5767.0,78.75,26.78,1.915,-0.1,0.065000005,0.13,0.060000002,4.25,0.13000011,5873.0,120.0,26.82,1.5500002,-0.18,0.029999994,-0.04,0.04,3.63,0.06500006,5477.0,64.0,25.73,0.875
2M05292270-0250258,05292270-0250258,82.344606,-2.840502,-0.38,0.054999992,-0.01,0.055,3.85,0.120000124,5850.0,84.25,20.41,0.8850002,-0.17,0.034999996,-0.26,0.04,4.29,0.06000018,6171.0,65.0,19.76,0.9899998,-0.31,0.03500001,-0.02,0.02,3.92,0.09500003,5794.0,89.0,19.51,0.6149998
2M05292353+0207150,05292353+0207150,82.348053,2.120842,0.0,0.05,-0.08,0.035,4.07,0.06999993,5554.0,65.0,37.53,1.5650005,-0.24,0.060000002,0.13,0.055000003,3.78,0.120000005,5175.0,121.5,37.82,1.2900009,-0.03,0.015000001,-0.06,0.014999999,4.21,0.029999971,5550.0,25.5,35.62,0.9750004
2M05292524-0030133,05292524-0030133,82.355178,-0.503716,-0.19,0.07,0.11,0.055,3.77,0.18999994,5732.0,92.5,15.48,0.8649998,0.13,0.07,-0.08,0.035,4.52,0.125,6275.0,134.5,15.07,0.6500001,-0.06,0.044999998,0.04,0.055,4.16,0.10499978,5870.0,123.0,14.96,0.7000003
2M05292863+0143097,05292863+0143097,82.369324,1.719377,-0.55,0.049999982,-0.12,0.035000004,3.54,0.06499994,5827.0,73.0,49.44,2.08,-0.38,0.065,-0.01,0.024999999,4.12,0.11500001,6320.0,116.5,49.32,1.6000004,-0.49,0.06999999,-0.1,0.075,3.69,0.14999998,5951.0,118.5,48.84,1.664999
2M05293117+0030032,05293117+0030032,82.379891,0.500911,-0.39,0.34,0.11,0.27,4.11,0.21000004,3541.0,87.5,19.25,4.965,0.08,0.105000004,-0.09,0.025,3.93,0.07499993,3340.0,77.0,18.87,2.5550003,-0.09,0.13,-0.03,0.055,3.99,0.16499996,3402.0,66.0,17.05,5.285
2M05293148-0027280,05293148-0027280,82.381195,-0.457789,-0.45,0.060000002,0.19,0.054999996,3.94,0.08000004,6733.0,84.0,12.42,1.31,-0.34,0.049999997,-0.03,0.04,3.96,0.060000062,6820.0,66.0,14.25,1.54,-0.43,0.065,0.0,0.045,3.91,0.120000005,6744.0,111.0,14.0,1.25
2M05293287+0105559,05293287+0105559,82.386959,1.098878,-0.28,0.105000004,0.03,0.114999995,4.36,0.17499995,6202.0,202.5,14.66,1.4599996,-0.06,0.034999996,-0.1,0.024999999,4.66,0.049999952,6521.0,64.0,14.38,0.43499994,-0.31,0.07,-0.07,0.06,4.08,0.13499999,5981.0,126.0,14.56,0.5750003
2M05293441-0144192,05293441-0144192,82.393384,-1.738687,-0.37,0.03999999,-0.01,0.055,4.12,0.08500004,4285.0,58.5,150.39,5.649994,-0.38,0.024999991,0.02,0.024999999,4.11,0.049999952,4302.0,37.0,141.96,2.859993,-0.42,0.015000001,0.03,0.030000001,3.99,0.059999943,4266.0,29.5,137.37,2.1850052
2M05293745-0135471,05293745-0135471,82.406044,-1.596427,-0.01,0.095,0.04,0.06,4.34,0.16000009,4178.0,112.0,23.67,3.5299997,-0.06,0.030000001,0.07,0.020000001,4.61,0.044999838,4270.0,44.5,19.33,0.9900007,-0.06,0.03,0.07,0.04,4.59,0.08500004,4307.0,66.0,19.39,0.8299999
2M05293802+0156055,05293802+0156055,82.408444,1.934886,-0.21,0.105000004,-0.18,0.089999996,4.26,0.21499991,6439.0,252.25,47.9,3.5249996,-0.13,0.06,-0.27,0.074999996,4.48,0.13000011,6642.0,98.5,43.74,2.2000008,-0.4,0.03999999,0.03,0.065,3.77,0.07000005,5979.0,60.5,44.6,1.960001
2M05293906-0037377,05293906-0037377,82.412777,-0.62715,-0.1,0.085,0.22,0.135,3.92,0.23500013,4593.0,117.0,19.13,2.17,-0.0,0.055,0.18,0.08,4.08,0.119999886,4618.0,92.5,19.25,1.7349997,-0.08,0.035,0.05,0.025,3.87,0.13500011,4444.0,64.0,19.15,1.2850008
2M05294266+0232487,05294266+0232487,82.427774,2.546863,-0.38,0.20999998,0.33,0.18499999,4.0,0.22000003,3601.0,175.5,31.04,6.7299995,-0.34,0.14999999,0.32,0.1,4.22,0.1400001,3715.0,91.0,29.98,4.245001,-0.12,0.055000003,0.07,0.035,3.89,0.06500006,3459.0,43.5,24.94,1.6700001
2M05294323+0222268,05294323+0222268,82.430154,2.374124,-0.17,0.030000001,0.02,0.02,4.07,0.059999943,4414.0,49.5,23.59,1.2749996,-0.13,0.029999997,0.07,0.030000001,4.23,0.055000067,4442.0,65.25,21.12,1.3450003,-0.19,0.024999999,0.01,0.02,4.05,0.054999948,4390.0,42.0,20.92,0.94500065
2M05295313+0232136,05295313+0232136,82.471407,2.537121,-0.09,0.089999996,0.07,0.09,4.21,0.30999994,3883.0,227.0,40.02,6.0550003,0.29,0.155,-0.09,0.055,4.2,0.06500006,3551.0,150.5,36.35,3.5200005,-0.04,0.049999997,-0.07,0.024999999,3.79,0.06999993,3556.0,79.5,37.19,2.5250015
2M05295555+0208317,05295555+0208317,82.48148,2.142159,-1.56,0.28999996,0.31,0.21,3.11,0.110000014,5997.0,82.5,182.85,10.770004,-1.31,0.025000036,-0.22,0.034999996,2.92,0.059999943,5864.0,39.0,198.82,5.614998,-1.61,0.08499998,0.42,0.060000002,2.94,0.034999967,5875.0,28.0,192.58,4.4349976
2M05295593+0212339,05295593+0212339,82.483082,2.209425,-0.37,0.019999996,-0.12,0.024999999,3.6,0.055000067,6114.0,47.0,151.62,2.3149948,-0.38,0.019999996,-0.47,0.06999999,3.56,0.060000062,6127.0,49.5,140.59,2.4049988,-0.42,0.030000001,-0.13,0.050000004,3.56,0.045000076,6128.0,38.0,142.35,2.7750015
2M05295641-0158450,05295641-0158450,82.48508,-1.979176,-0.2,0.105,0.01,0.15,4.11,0.23500001,6200.0,218.0,75.58,5.5949974,-0.08,0.1,-0.14,0.055,4.13,0.14999986,6314.0,148.75,81.21,6.2599983,-0.21,0.024999999,-0.24,0.045,3.74,0.054999948,5982.0,43.25,71.71,2.125
2M05295737+0039237,05295737+0039237,82.489067,0.656586,-0.02,0.5,0.09,0.34,3.86,0.55499995,6619.0,721.875,141.24,25.554996,-0.4,0.78999996,-0.11,0.27,3.83,0.68000007,4895.0,827.5,153.19,24.170002,-0.45,0.585,0.47,0.255,3.52,0.53999996,5433.0,1047.25,124.65,36.339996
2M05295839+0203597,05295839+0203597,82.493294,2.066606,-0.18,0.060000002,0.1,0.07,4.06,0.125,4421.0,103.0,47.36,2.6900005,-0.13,0.04,0.04,0.030000001,4.09,0.055000067,4352.0,47.0,48.03,1.7300014,-0.18,0.015000001,0.01,0.01,3.91,0.03999996,4296.0,27.0,46.97,0.96500015
2M05300037+0222138,05300037+0222138,82.501569,2.370518,-1.1,0.050000012,-0.17,0.030000001,3.22,0.044999957,5930.0,47.0,193.34,4.6449966,-1.41,0.19,0.13,0.255,2.97,0.110000014,5807.0,69.5,155.59,20.120003,-0.9,0.030000001,-0.4,0.024999991,3.22,0.034999967,5896.0,33.0,194.17,3.6049957
2M05300137+0116371,05300137+0116371,82.505714,1.276993,-0.04,0.07,-0.02,0.105000004,4.36,0.119999886,4849.0,155.0,18.33,1.5799999,-0.0,0.055,0.14,0.065,4.3,0.089999914,4881.0,149.0,18.75,2.205,-0.06,0.055,0.07,0.035,4.34,0.17000008,4759.0,157.5,17.17,1.415
2M05300285+0106332,05300285+0106332,82.51188,1.109249,-1.27,0.26999998,0.26,0.25,3.43,0.059999943,6062.0,42.0,144.38,22.755005,-1.1,0.13000003,0.16,0.18,3.71,0.07499993,6247.0,67.0,93.0,27.3,-0.95,0.059999973,-0.29,0.055000007,3.44,0.029999971,6026.0,25.5,130.16,5.4649963
2M05300336-0052519,05300336-0052519,82.514026,-0.881095,-0.07,0.08,-0.1,0.04,3.85,0.110000014,3607.0,49.0,60.55,2.7349987,-0.27,0.13,0.08,0.08,3.86,0.125,3840.0,139.5,71.48,7.459999,-0.37,0.034999996,-0.06,0.02,3.4,0.06999993,3580.0,54.5,56.3,3.1450005
2M05300371-0033420,05300371-0033420,82.515467,-0.561677,-0.15,0.16,0.07,0.075,3.85,0.20500004,4977.0,294.0,48.49,2.880001,-0.12,0.075,0.23,0.095,3.93,0.13,5112.0,134.75,48.98,2.040001,-0.1,0.055000003,0.0,0.05,3.85,0.120000005,5161.0,108.5,48.74,1.0300007
2M05300597+0014269,05300597+0014269,82.524876,0.240819,-0.09,0.125,0.07,0.09,4.04,0.19499993,3845.5,134.5,22.7,5.2700005,0.11,0.065,0.0,0.045,4.73,0.14499998,3895.0,56.0,14.49,2.5950003,0.01,0.095,-0.04,0.060000002,4.3,0.13000011,3784.0,85.0,15.72,1.8049998
2M05300767-0146325,05300767-0146325,82.531959,-1.775704,-0.41,0.225,0.09,0.120000005,3.43,0.20000005,3415.0,131.0,63.86,13.525,0.13,0.04,-0.05,0.024999999,3.84,0.055000067,3278.0,73.875,49.8,2.3649998,-0.09,0.09,0.01,0.05,3.72,0.120000005,3311.0,51.0,44.74,2.8450012
2M05300881+0114524,05300881+0114524,82.53674,1.247901,-1.04,0.23999998,0.29,0.23500001,3.33,0.100000024,6263.0,96.75,152.39,23.625,-0.61,0.034999996,0.01,0.055,3.61,0.035000086,6452.0,37.5,186.14,7.739998,-0.75,0.119999975,-0.06,0.24000001,3.29,0.03999996,6179.0,40.5,170.22,14.5
2M05301252-0007021,05301252-0007021,82.552169,-0.117254,-0.12,0.075,-0.1,0.105000004,3.87,0.11500013,3787.0,75.5,20.13,2.5900002,-0.12,0.065000005,0.31,0.09,4.29,0.11000013,4165.0,94.0,23.89,3.3649998,-0.1,0.08,0.11,0.07,4.09,0.07999992,3866.0,85.0,19.69,1.3649998
2M05301465-0050057,05301465-0050057,82.561072,-0.834937,-0.39,0.060000002,-0.07,0.035000004,3.59,0.11500001,3897.0,54.0,63.18,3.4749985,-0.27,0.065,-0.03,0.044999998,3.9,0.16500008,4010.0,102.0,66.27,4.154999,-0.22,0.03999999,-0.08,0.025000002,3.95,0.06500006,3832.0,42.0,62.27,2.040001
2M05301534+0057141,05301534+0057141,82.563929,0.953928,-0.21,0.065,0.18,0.1,3.76,0.10500002,5733.0,101.0,70.55,2.1349983,-0.04,0.120000005,-0.03,0.185,4.2,0.24000001,6200.0,248.25,75.54,6.789997,-0.19,0.024999999,-0.01,0.01,3.71,0.059999943,5747.0,49.0,72.06,1.9650002
2M05301790-0159227,05301790-0159227,82.574617,-1.989658,-0.46,0.195,0.18,0.06999999,3.79,0.20499992,3883.0,181.5,17.34,2.5900002,-0.35,0.105,0.14,0.049999997,4.08,0.09500003,3824.5,81.5,16.42,1.79,-0.19,0.054999992,0.08,0.04,4.0,0.09000003,3663.0,40.0,14.81,1.0450001
2M05302157+0007041,05302157+0007041,82.58991,0.117826,-0.09,0.235,0.06,0.120000005,4.14,0.23000002,3835.0,218.5,18.39,5.0000005,0.16,0.11,-0.06,0.035,4.37,0.11500001,3680.0,47.5,14.7,2.5199995,0.07,0.044999998,-0.07,0.055,4.01,0.054999948,3563.0,54.5,15.06,1.5050006
2M05302438+0036280,05302438+0036280,82.601592,0.607803,-0.17,0.145,-0.2,0.24000001,3.64,0.13499999,6285.0,192.5,151.1,18.714996,-0.13,0.040000003,-0.42,0.049999997,3.57,0.045000076,6162.0,66.0,188.62,9.8650055,-0.13,0.020000003,-0.24,0.020000003,3.55,0.029999971,6093.0,43.25,155.82,1.7300034
2M05302478+0144346,05302478+0144346,82.603273,1.742952,-0.1,0.145,0.03,0.135,4.13,0.23000002,4799.0,323.0,29.0,3.25,-0.1,0.085,0.14,0.07,3.96,0.14999998,4818.0,222.75,28.51,2.5250006,-0.25,0.045,0.08,0.04,3.71,0.125,4441.0,73.0,28.59,1.1449995
2M05302757+0143417,05302757+0143417,82.614887,1.728258,0.31,0.19,-0.07,0.07,4.33,0.18000007,3530.0,64.375,20.28,2.745,0.3,0.074999996,-0.07,0.025000002,4.22,0.055000067,3465.0,56.0,20.49,2.29,0.25,0.14,-0.06,0.025,4.12,0.16999984,3432.0,47.5,19.34,1.8650007
2M05302878+0149539,05302878+0149539,82.619932,1.831664,-0.34,0.125,-0.01,0.08,3.9,0.14999998,5935.0,175.5,30.28,2.04,-0.2,0.105000004,0.14,0.099999994,4.02,0.16499996,6224.0,181.0,30.33,2.0599995,-0.16,0.09,-0.04,0.055,4.17,0.19000006,6145.0,226.5,29.22,0.90499973
2M05302915-0050507,05302915-0050507,82.621463,-0.847424,-1.88,0.195,0.84,0.21500002,3.27,0.029999971,6038.0,26.75,170.49,9.969994,-1.98,0.11500001,0.94,0.08500001,3.28,0.03999996,6055.0,31.25,178.18,9.504997,-1.16,0.04000002,-0.1,0.049999997,3.26,0.024999976,5947.0,32.5,138.16,5.459999
2M05302959+0146553,05302959+0146553,82.623301,1.782053,-0.39,0.065,-0.27,0.099999994,3.7,0.07999992,6350.0,105.0,72.36,7.324997,-0.38,0.055000007,0.12,0.115,3.73,0.07999992,6338.0,108.5,117.62,24.619999,-0.4,0.019999996,-0.03,0.02,3.59,0.035000086,6182.0,46.0,73.98,3.3549995
2M05303497+0218546,05303497+0218546,82.645717,2.315191,-0.05,0.074999996,-0.06,0.099999994,4.2,0.21000004,4781.0,164.0,24.75,2.1000004,0.05,0.074999996,-0.09,0.1,4.35,0.125,5027.0,173.5,24.3,1.3949995,-0.07,0.025000002,0.05,0.024999999,4.05,0.06500006,4556.0,51.0,23.73,0.5350008
2M05303519+0220423,05303519+0220423,82.646654,2.345091,0.11,0.11,-0.04,0.15,4.26,0.26,5105.0,256.0,25.51,1.835,-0.0,0.035,0.16,0.045,4.21,0.059999943,4786.0,90.0,25.17,1.0450001,0.05,0.015,0.07,0.015000002,4.12,0.01999998,4676.0,24.0,24.66,0.6999998
2M05303822-0139029,05303822-0139029,82.659266,-1.650816,-0.34,0.045,0.31,0.055,3.82,0.07499993,6416.0,57.5,14.84,0.8200002,-0.34,0.034999996,0.12,0.025000002,3.61,0.045000076,6363.0,36.0,14.78,0.71500015,-0.41,0.055000007,0.09,0.034999996,3.4,0.11500001,6313.0,46.75,14.7,0.71000004
2M05303855+0133577,05303855+0133577,82.660654,1.566039,-0.47,0.13499999,-0.27,0.11000001,4.1,0.19999993,5556.0,256.5,75.34,7.6550026,-0.23,0.095000006,-0.19,0.024999999,4.57,0.18500018,6090.0,206.5,70.93,2.8899994,-0.61,0.025000006,-0.27,0.020000003,3.71,0.06999993,5226.0,50.0,70.67,1.2849998
2M05304421-0219485,05304421-0219485,82.68421,-2.330161,-0.14,0.145,-0.1,0.105,4.01,0.18500006,5905.0,327.0,11.62,1.4299998,0.06,0.135,-0.15,0.24000001,4.09,0.17999995,6232.0,223.5,12.07,1.4050002,0.1,0.025,-0.05,0.02,4.37,0.059999943,6329.0,46.0,10.62,0.7049999
2M05304665-0000497,05304665-0000497,82.6944,-0.013812,-0.05,0.15,0.1,0.145,4.44,0.25499988,4112.0,180.0,17.77,2.7600002,-0.09,0.099999994,0.32,0.13,4.54,0.1400001,4229.0,114.5,19.07,2.62,-0.06,0.060000002,0.02,0.055,4.17,0.06999993,3926.0,62.0,15.64,1.4749999
2M05304868+0001425,05304868+0001425,82.702869,0.028491,-1.65,0.10500002,-0.29,0.29999998,3.1,0.10500002,5980.0,86.0,195.07,6.0200043,-1.66,0.29500002,0.11,0.29,3.19,0.14999998,6012.0,108.5,173.81,19.349998,-1.64,0.035000026,0.12,0.06,2.97,0.029999971,5891.0,21.0,199.36,3.4249954
2M05304927-0221591,05304927-0221591,82.70531,-2.366425,-1.45,0.21500003,0.14,0.24499999,2.94,0.109999895,5529.0,75.0,182.02,13.510002,-1.41,0.030000031,0.28,0.019999996,2.9,0.044999957,5471.0,26.75,161.62,2.2999954,-1.18,0.09500003,-0.15,0.055,2.86,0.03000009,5426.0,34.0,198.13,6.1100006
2M05304973-0237025,05304973-0237025,82.707248,-2.617364,-0.06,0.09,0.07,0.11,4.28,0.13499999,5399.0,210.5,14.35,1.3600001,-0.14,0.065000005,-0.11,0.055,4.33,0.07500005,5148.0,130.5,14.16,1.0949998,-0.14,0.024999999,0.04,0.024999999,4.31,0.059999943,5104.0,55.0,14.17,0.72000027
2M05305039-0138480,05305039-0138480,82.709977,-1.646673,-0.16,0.059999995,0.08,0.055000003,3.91,0.10500014,4369.0,72.5,17.53,1.8650002,-0.15,0.025000002,0.08,0.025,3.91,0.055000067,4405.0,45.0,16.11,1.145,-0.11,0.014999997,0.04,0.015,3.89,0.035000086,4319.0,34.5,15.15,0.8999996
2M05305084-0210136,05305084-0210136,82.711866,-2.170445,-0.24,0.074999996,-0.02,0.105000004,4.11,0.18500006,4426.0,145.75,120.96,11.275002,-0.24,0.045,-0.01,0.04,3.95,0.09000003,4435.0,104.0,114.53,5.5249977,-0.28,0.00999999,0.01,0.015,3.88,0.035000086,4327.0,26.0,112.4,1.3349991
2M05305299+0006477,05305299+0006477,82.72081,0.113277,-0.12,0.18,-0.07,0.05,3.62,0.22500002,3410.0,80.0,26.72,7.1799994,-0.07,0.26,0.16,0.185,4.1,0.21500015,3531.0,152.5,35.1,8.15,0.1,0.14,-0.06,0.040000003,3.72,0.1500001,3360.0,55.5,25.89,2.665
2M05305355+0200070,05305355+0200070,82.723163,2.001965,0.07,0.05,0.07,0.030000001,4.1,0.06500006,4415.0,90.0,52.92,2.9300003,-0.03,0.03,0.06,0.035,3.87,0.09000003,4346.0,55.5,52.94,1.8700008,-0.05,0.044999998,0.04,0.030000001,3.82,0.16000009,4321.0,41.25,52.34,0.9450016
2M05305374-0234135,05305374-0234135,82.72393,-2.570433,-0.07,0.155,0.01,0.155,3.93,0.20999992,4962.0,346.0,29.08,2.0700006,-0.11,0.024999999,0.07,0.020000001,4.0,0.035000086,4655.0,57.5,28.64,0.78999996,-0.12,0.014999997,0.07,0.01,3.81,0.05000007,4597.0,42.5,28.38,0.5
2M05305496+0031293,05305496+0031293,82.729,0.524814,-0.15,0.065,-0.04,0.06,3.77,0.110000014,4038.0,116.5,59.32,3.67,0.12,0.05,-0.08,0.025000002,4.36,0.07500005,3898.0,56.0,57.96,2.3850002,-0.14,0.035,-0.07,0.03,3.83,0.08500004,3902.0,55.0,58.72,1.9200001
2M05305562-0055399,05305562-0055399,82.731751,-0.927759,-0.32,0.114999995,-0.04,0.08,3.26,0.23000002,3345.0,69.875,65.02,10.284998,-0.06,0.11,0.1,0.074999996,4.18,0.125,3510.0,68.5,64.21,6.5699997,-0.02,0.089999996,-0.02,0.02,3.67,0.14499998,3270.0,44.0,49.51,4.295
2M05305787-0156527,05305787-0156527,82.741154,-1.947977,-0.15,0.045,0.04,0.04,3.92,0.08500016,5107.0,84.0,38.98,1.210001,0.05,0.09,-0.11,0.075,4.07,0.13999999,5402.0,154.0,38.05,1.8149986,-0.17,0.024999999,0.07,0.020000001,3.83,0.06500006,4939.0,55.0,37.79,0.710001
2M05305968+0024334,05305968+0024334,82.74868,0.409278,-0.58,0.09,-0.17,0.19,3.79,0.109999895,6702.0,118.5,58.05,17.57,-0.62,0.065,-0.0,0.045,3.71,0.07500005,6653.0,78.75,54.5,3.8249989,-0.61,0.030000001,0.02,0.05,3.6,0.04000008,6517.0,35.0,53.81,2.8550014
2M05305969-0210357,05305969-0210357,82.748749,-2.176603,-0.16,0.045,0.01,0.085,3.82,0.15499997,4212.0,89.0,43.69,3.6750011,-0.2,0.055,0.01,0.04,3.63,0.07500005,4165.0,73.0,42.06,2.1399994,-0.14,0.015000004,0.06,0.025000002,3.73,0.049999952,4128.0,26.5,40.36,1.0849991
2M05305984-0202024,05305984-0202024,82.749341,-2.034014,-0.7,0.099999994,0.13,0.125,3.69,0.07499993,6307.0,74.5,111.53,9.309998,-0.58,0.034999996,0.11,0.04,3.71,0.049999952,6317.0,47.0,131.1,4.0600014,-0.48,0.029999986,-0.2,0.044999994,3.6,0.045000076,6170.0,38.5,113.82,3.5900002
2M05310114+0247094,05310114+0247094,82.75475,2.785966,-0.06,0.080000006,-0.01,0.08,4.36,0.20499992,4559.0,193.25,23.98,2.25,-0.11,0.089999996,0.17,0.175,4.28,0.13499999,4561.0,183.5,24.78,3.5900002,-0.11,0.014999997,0.0,0.01,4.02,0.035000086,4309.0,38.0,23.62,0.8000002
2M05310864+0244134,05310864+0244134,82.786009,2.737061,-0.44,0.049999997,-0.14,0.060000002,3.87,0.08500004,5634.0,97.0,86.01,3.2599983,-0.57,0.06999999,0.05,0.095,3.68,0.110000014,5411.0,107.0,84.92,4.2750015,-0.62,0.034999996,-0.12,0.020000003,3.49,0.07500005,5200.0,57.0,84.88,1.3699989
2M05311096+0119175,05311096+0119175,82.795698,1.321534,-0.1,0.04,-0.01,0.04,3.9,0.10000014,4875.0,100.25,19.61,0.8499994,-0.12,0.030000001,0.1,0.04,4.08,0.07000005,4602.0,79.75,19.0,1.0950003,-0.1,0.02,0.07,0.020000001,4.03,0.060000062,4593.0,54.5,17.72,1.2599993
2M05311898-0011132,05311898-0011132,82.82911,-0.187009,-0.47,0.060000002,-0.34,0.089999996,3.33,0.05000007,6234.0,60.0,188.66,5.6349945,-0.61,0.049999982,0.31,0.065000005,3.39,0.045000076,6254.0,50.0,158.72,3.7600021,-0.52,0.040000007,0.01,0.04,3.3,0.029999971,6143.0,34.5,191.17,3.5550003
2M05311998-0146533,05311998-0146533,82.833288,-1.781497,-0.12,0.09,0.24,0.17999999,3.97,0.20500004,4261.0,91.0,18.39,3.06,-0.14,0.055,0.04,0.035,4.11,0.0849998,4157.0,67.375,15.72,1.8299999,0.02,0.035,0.0,0.024999999,4.29,0.06000018,4082.0,53.5,14.81,0.8649998
2M05312712-0247025,05312712-0247025,82.863026,-2.78404,-0.31,0.17500001,-0.05,0.105000004,3.96,0.265,5799.0,323.5,25.57,2.2949991,-0.26,0.060000002,-0.2,0.050000004,4.05,0.06999993,5859.0,123.0,24.65,1.0450001,-0.08,0.045,-0.1,0.035,4.43,0.08500004,6251.0,84.0,24.25,0.625
2M05312808+0203196,05312808+0203196,82.867024,2.055471,-0.02,0.049999997,0.15,0.089999996,4.26,0.09500003,5164.0,115.5,64.45,2.9900017,-0.03,0.08,0.12,0.089999996,4.32,0.119999886,5193.0,158.0,64.46,3.4499989,-0.05,0.045,0.08,0.030000001,4.06,0.125,5079.0,100.5,62.66,1.1349983
2M05313000+0232490,05313000+0232490,82.87502,2.546965,-1.01,0.060000032,-0.4,0.065,3.33,0.04000008,5882.0,44.0,124.96,8.809998,-0.95,0.02000001,-0.05,0.02,3.41,0.044999957,5934.0,44.5,174.88,4.2299957,-1.06,0.07500002,-0.27,0.080000006,3.29,0.029999971,5858.0,31.0,146.02,8.110001
2M05313073-0028331,05313073-0028331,82.878057,-0.475877,-0.01,0.045,0.02,0.03,4.27,0.045000076,6129.0,62.5,15.28,0.72000027,-0.21,0.13000001,-0.15,0.12,3.99,0.24500012,5807.0,295.0,15.95,1.4899998,-0.13,0.044999998,-0.07,0.045,4.07,0.109999895,5898.0,99.5,15.05,0.6749997
2M05313508-0140046,05313508-0140046,82.896207,-1.667971,-0.41,0.120000005,0.22,0.13,3.74,0.21500003,5509.0,224.5,83.95,9.435001,-0.35,0.044999987,-0.17,0.08499999,3.42,0.06999993,5391.0,88.0,81.19,3.9650002,-0.39,0.03999999,0.07,0.04,3.45,0.09499991,5348.0,60.5,76.14,1.3950005
2M05313527-0002124,05313527-0002124,82.896972,-0.036803,-0.2,0.17,0.17,0.16499999,4.22,0.2299999,4052.0,161.0,16.87,4.7799997,0.19,0.165,-0.05,0.049999997,4.39,0.1400001,3788.0,99.0,17.64,3.9850006,0.12,0.060000002,-0.08,0.030000001,4.18,0.049999952,3700.0,52.0,14.34,1.6250005
2M05313927-0045286,05313927-0045286,82.913666,-0.757961,-0.04,0.045,-0.03,0.030000001,3.89,0.060000062,4105.0,58.5,23.78,2.25,-0.04,0.05,-0.12,0.029999997,4.0,0.07500005,3917.0,156.5,20.61,2.0299997,-0.05,0.045,-0.07,0.049999997,4.07,0.16000009,4086.0,77.5,20.52,1.4949999
2M05314272-0000100,05314272-0000100,82.928009,-0.002779,-0.61,0.054999977,0.29,0.08500001,4.14,0.07499981,6017.0,75.0,76.35,4.300003,-0.63,0.045000017,-0.03,0.05,3.83,0.055000067,5789.0,85.5,84.49,4.6849976,-0.63,0.035000026,0.23,0.059999995,3.86,0.055000067,5882.0,52.5,76.9,3.0750008
2M05314279-0139483,05314279-0139483,82.928331,-1.663428,-0.03,0.245,0.06,0.16,3.82,0.20000005,3450.0,136.5,22.88,8.63,0.26,0.075,-0.04,0.02,4.08,0.045000076,3350.0,47.375,15.6,2.4,0.23,0.12,-0.04,0.02,3.88,0.09500003,3320.0,34.0,15.09,1.7499995
2M05314469-0130582,05314469-0130582,82.936219,-1.516185,-0.19,0.08499999,-0.04,0.044999998,3.83,0.19500005,5698.0,149.0,45.3,2.5299988,-0.13,0.035,0.06,0.045,4.11,0.07999992,5791.0,81.75,44.44,1.7200012,-0.24,0.035000004,-0.01,0.015,3.64,0.08500004,5399.0,50.5,43.66,0.86999893
2M05314552-0123550,05314552-0123550,82.939667,-1.398636,-0.05,0.09,0.1,0.13499999,4.04,0.22500002,4420.0,140.0,39.16,4.470001,-0.01,0.08,0.01,0.07,3.98,0.21500003,4470.0,159.0,40.02,4.9449997,-0.09,0.015000001,0.01,0.01,3.84,0.03000009,4217.0,36.0,34.81,0.8450012
2M05314566+0217040,05314566+0217040,82.94026,2.284455,-0.31,0.065,0.09,0.099999994,3.97,0.1400001,5958.0,157.25,89.1,4.1200027,-0.18,0.120000005,-0.24,0.225,4.14,0.21500003,6082.0,240.5,89.56,6.299999,-0.38,0.015000001,-0.06,0.014999999,3.64,0.05000007,5695.0,24.0,84.96,1.8149986
2M05314669+0142241,05314669+0142241,82.944547,1.706722,-0.07,0.04,-0.01,0.055,4.29,0.07500005,4877.0,65.5,23.91,1.0299997,-0.08,0.03,0.09,0.04,4.1,0.06500006,4726.0,70.25,23.78,0.9949999,-0.15,0.055000003,0.03,0.03,3.92,0.15500009,4647.0,96.5,24.08,1.1999998
2M05314751+0217129,05314751+0217129,82.947985,2.286939,-0.07,0.065,-0.25,0.095,4.45,0.20000005,6119.0,157.5,28.68,1.8800001,-0.14,0.120000005,-0.27,0.175,4.06,0.119999886,5856.0,189.0,28.79,2.08,-0.21,0.020000003,-0.06,0.02,4.04,0.03999996,5748.0,51.0,28.33,0.5799999
2M05314827-0147591,05314827-0147591,82.951132,-1.799776,-0.19,0.175,0.1,0.16999999,3.75,0.20500004,3629.0,195.875,29.34,6.2700005,-0.12,0.18,0.13,0.14,4.05,0.18500006,3714.0,128.5,28.46,4.2700005,0.01,0.045,-0.06,0.015000001,3.63,0.05000007,3428.0,39.0,20.79,2.0749998
2M05314830-0247493,05314830-0247493,82.951273,-2.797039,-0.16,0.050000004,-0.08,0.075,3.51,0.08000004,3660.0,152.5,15.99,1.9499998,-0.1,0.105000004,0.2,0.17,4.23,0.16000009,4147.0,175.375,21.01,4.7249994,-0.11,0.059999995,0.07,0.050000004,4.37,0.18000007,4079.0,83.5,15.37,1.7200003
2M05315101-0159448,05315101-0159448,82.962574,-1.995805,0.05,0.105000004,-0.14,0.15,4.14,0.13499999,5975.0,199.75,49.59,2.960001,0.06,0.095,0.09,0.04,4.38,0.21999979,6086.0,188.5,48.96,1.9899998,-0.14,0.010000005,0.09,0.010000002,3.66,0.03999996,5611.0,21.0,47.83,0.8649998
2M05315128-0108567,05315128-0108567,82.963669,-1.149089,0.03,0.185,-0.17,0.21000001,4.19,0.26999986,6100.0,297.0,31.59,2.4700003,-0.1,0.024999999,0.02,0.015,3.94,0.044999957,5844.0,38.25,30.34,1.0200005,0.06,0.095,-0.05,0.05,4.21,0.20500004,6085.0,201.0,30.17,1.0
2M05315276+0000461,05315276+0000461,82.969847,0.012808,-0.02,0.195,-0.17,0.19,4.09,0.245,6025.0,333.25,59.27,7.385002,0.08,0.049999997,-0.24,0.034999996,4.25,0.08000016,6210.0,106.5,56.55,1.6499996,-0.06,0.04,-0.26,0.024999999,3.76,0.06499994,5659.0,81.5,56.94,1.3100014
2M05315539-0219024,05315539-0219024,82.98082,-2.317357,0.05,0.125,0.03,0.085,4.21,0.23999989,5543.0,262.0,50.15,2.1150017,-0.18,0.050000004,0.13,0.065,3.7,0.099999905,5072.0,114.0,50.67,2.0549984,-0.24,0.034999996,0.05,0.025,3.68,0.08499992,4891.0,72.0,49.06,0.85499954
2M05315981-0152110,05315981-0152110,82.999215,-1.86974,0.15,0.105,-0.07,0.045,3.78,0.17499995,3383.0,80.5,28.69,5.9849997,-0.03,0.125,0.11,0.12,4.34,0.15499997,3629.0,92.0,23.3,6.0549994,0.13,0.049999997,-0.09,0.015000001,3.71,0.1049999,3358.0,38.5,20.02,1.8299999
2M05320399-0025448,05320399-0025448,83.016659,-0.429116,-1.11,0.11500001,-0.33,0.17,3.11,0.09000003,5850.0,63.5,171.27,15.404999,-1.08,0.050000012,-0.1,0.040000003,3.04,0.054999948,5814.0,49.0,195.03,4.9799957,-1.31,0.13499999,0.55,0.26,2.98,0.059999943,5769.0,33.5,191.58,8.739998
2M05320408-0225215,05320408-0225215,83.017002,-2.422642,-0.02,0.05,-0.06,0.03,4.43,0.08500004,6206.0,81.75,11.14,1.0350003,-0.01,0.1,0.19,0.120000005,4.25,0.109999895,6328.0,155.0,11.63,1.2049999,-0.04,0.04,0.03,0.030000001,4.24,0.06500006,6101.0,74.5,10.75,0.71000004
2M05320598+0010252,05320598+0010252,83.024948,0.173677,-0.46,0.15,-0.01,0.05,3.4,0.16000009,3433.0,76.0,43.92,5.1399994,-0.24,0.21000001,0.14,0.16,4.01,0.21500015,3551.0,109.5,63.25,30.505001,-0.13,0.14,0.0,0.07,3.67,0.16999996,3332.0,72.5,44.65,6.385
2M05320646-0155254,05320646-0155254,83.026943,-1.923743,-0.14,0.04,0.16,0.04,3.85,0.11500001,4656.0,53.0,32.01,1.3549995,-0.03,0.060000002,0.14,0.075,4.34,0.20499992,4823.0,158.25,31.47,1.8850002,-0.14,0.030000001,0.09,0.02,3.75,0.100000024,4583.0,54.75,30.57,0.8999996
2M05321308-0136016,05321308-0136016,83.054518,-1.60046,-1.22,0.125,-0.11,0.105000004,3.24,0.08500004,5452.0,55.5,147.65,5.949997,-1.59,0.089999974,0.5,0.120000005,3.03,0.06999993,5358.0,58.5,164.82,7.654999,-1.53,0.024999976,0.37,0.024999991,2.86,0.055000067,5249.0,36.0,197.49,8.950005
2M05321357+0242407,05321357+0242407,83.056559,2.711321,-0.21,0.06999999,-0.5,0.08000001,3.7,0.07500005,6392.0,100.5,191.39,4.1500015,-0.36,0.08,-0.06,0.11,3.74,0.09499991,6434.0,82.0,143.05,22.155003,-0.24,0.014999993,-0.51,0.054999992,3.58,0.035000086,6152.0,55.0,195.2,3.5499954
2M05322364-0153022,05322364-0153022,83.098526,-1.883953,-0.43,0.08,0.21,0.16,3.38,0.16000009,5307.0,130.0,29.33,1.1100006,-0.34,0.03999999,0.05,0.03,3.47,0.059999943,5449.0,62.0,29.31,0.84500027,-0.25,0.034999996,-0.11,0.035,3.61,0.05000007,5421.0,56.0,28.67,0.53499985
2M05322388-0028434,05322388-0028434,83.099513,-0.478747,-0.19,0.18499999,0.2,0.25,4.06,0.24000001,3942.0,185.875,18.18,4.105,-0.01,0.135,0.02,0.11,4.09,0.18000007,3804.0,186.375,23.09,6.0999994,-0.21,0.1,0.09,0.07,3.82,0.11500001,3825.0,88.0,15.45,1.5949998
2M05322512-0004362,05322512-0004362,83.104707,-0.076743,0.01,0.08,0.16,0.049999997,4.25,0.13499999,3637.0,45.5,16.94,2.455,0.1,0.045,-0.02,0.04,4.22,0.055000067,3681.0,49.0,19.04,2.1000004,0.03,0.114999995,0.05,0.074999996,4.13,0.17499995,3639.0,118.0,17.48,1.9499998
2M05322569-0133118,05322569-0133118,83.10707,-1.553284,-0.1,0.115,0.11,0.17,4.21,0.17499995,4265.0,154.0,28.35,4.5949993,-0.03,0.035,-0.09,0.025,4.16,0.049999952,3961.0,107.375,24.8,1.6749992,-0.02,0.045,-0.04,0.04,4.18,0.07999992,4078.0,76.5,24.66,0.97999954
2M05322636-0019392,05322636-0019392,83.109868,-0.32756,-0.31,0.099999994,0.21,0.16,3.58,0.125,3865.0,186.5,66.29,5.5650005,-0.13,0.155,0.02,0.14999999,4.03,0.21500003,3834.0,163.5,78.27,22.86,-0.2,0.105000004,-0.05,0.055,3.69,0.10500002,3652.0,149.0,64.9,4.4400024
2M05322760-0002255,05322760-0002255,83.115016,-0.04043,-0.13,0.04,0.09,0.04,4.02,0.08500004,4205.0,57.0,56.8,2.7749996,-0.18,0.035000004,0.04,0.03,3.69,0.099999905,4140.0,49.0,56.98,2.630001,-0.16,0.024999999,-0.03,0.035,3.85,0.06500006,4071.0,81.5,52.57,1.6049995
2M05322788-0203283,05322788-0203283,83.116176,-2.05787,-0.1,0.029999997,-0.04,0.024999999,4.22,0.089999914,4382.0,54.5,18.85,1.4350004,-0.1,0.095,0.21,0.21499999,3.95,0.17999995,4506.0,195.0,20.51,2.5150003,-0.1,0.02,-0.03,0.015,4.0,0.055000067,4352.0,36.5,19.17,0.59500027
2M05322894+0212340,05322894+0212340,83.120592,2.209464,-0.08,0.045,0.06,0.030000001,4.27,0.055000067,5877.0,67.5,30.36,1.2849998,-0.18,0.095,0.12,0.13,4.1,0.17499995,5799.0,211.5,31.44,2.3150005,-0.16,0.040000003,-0.01,0.035,4.09,0.08500004,5657.0,85.0,29.7,0.7600002
2M05322919+0204040,05322919+0204040,83.121648,2.067778,-0.07,0.085,-0.02,0.09,4.13,0.17499995,4406.0,157.0,23.81,3.9650002,-0.04,0.045,0.05,0.060000002,4.27,0.08500004,4335.0,59.0,20.44,1.4300003,-0.02,0.015,-0.04,0.01,4.19,0.029999971,4177.0,52.5,19.34,0.7049999
2M05322991-0152399,05322991-0152399,83.124637,-1.877771,-0.03,0.089999996,0.07,0.185,4.26,0.17999983,4301.0,118.25,16.65,2.4649997,-0.09,0.044999998,0.11,0.050000004,4.05,0.099999905,4303.0,82.0,16.74,1.7799997,0.0,0.03,-0.03,0.024999999,4.21,0.045000076,4102.0,46.0,14.85,0.94500065
2M05323126+0213366,05323126+0213366,83.13029,2.226849,-0.22,0.16,-0.03,0.16499999,4.09,0.22000015,5712.0,311.0,14.47,1.625,-0.19,0.019999996,-0.08,0.015000002,3.87,0.04000008,5693.0,37.0,14.41,0.5250001,-0.29,0.040000007,0.05,0.040000003,3.87,0.08000004,5418.0,73.5,14.26,0.42000008
2M05323354-0024307,05323354-0024307,83.139766,-0.40854,0.01,0.265,0.09,0.17500001,4.2,0.21499991,3605.0,192.375,15.94,3.6399999,0.28,0.08499999,0.07,0.06,4.56,0.15499997,3594.0,54.0,14.61,2.5899997,0.09,0.035,-0.02,0.02,3.81,0.07000005,3400.0,45.0,11.42,1.8400002
2M05323435-0150463,05323435-0150463,83.143147,-1.846214,-0.15,0.115,0.16,0.155,4.14,0.23500013,4271.0,125.0,17.66,3.7600002,-0.17,0.065,0.2,0.074999996,4.12,0.11000013,4266.0,71.0,15.81,1.7249999,-0.04,0.04,-0.01,0.02,4.28,0.06000018,4083.0,33.5,14.56,0.74000025
2M05323599-0249148,05323599-0249148,83.149979,-2.820797,-0.33,0.049999997,-0.09,0.030000001,3.4,0.060000062,3557.0,66.375,19.12,4.0149994,-0.15,0.06,-0.01,0.060000002,4.08,0.19000006,3795.0,88.5,22.05,3.5700006,-0.34,0.02000001,-0.06,0.015,3.34,0.035000086,3545.0,35.0,19.12,1.3000002
2M05323653-0044437,05323653-0044437,83.152231,-0.745487,-0.33,0.06999999,0.26,0.14,3.68,0.14499998,4290.0,73.0,19.98,3.3149996,-0.29,0.025000006,-0.04,0.015000001,3.88,0.035000086,4163.0,54.375,19.44,1.4700003,-0.31,0.019999996,-0.05,0.02,3.76,0.044999957,4096.0,46.5,16.1,1.8049998
2M05323766-0137445,05323766-0137445,83.156929,-1.629042,-0.04,0.085,0.04,0.08499999,4.05,0.17999995,4380.0,114.5,25.22,4.215,-0.05,0.065,0.3,0.14,4.2,0.119999886,4545.0,124.0,24.76,2.3549995,-0.12,0.05,0.07,0.035,3.68,0.14499998,4352.0,43.5,24.38,0.84000015
2M05323970+0116315,05323970+0116315,83.165438,1.275417,-0.15,0.055,-0.03,0.07,3.94,0.120000005,4560.0,133.0,49.16,3.5899982,-0.06,0.04,0.06,0.035000004,4.21,0.08500004,4714.0,101.0,49.26,1.8150005,-0.1,0.015000001,0.05,0.015000001,4.03,0.03999996,4470.0,62.0,47.26,0.5949993
2M05324061+0211587,05324061+0211587,83.169222,2.199646,-0.27,0.155,-0.18,0.195,4.37,0.18000007,6514.0,238.0,45.55,3.6800003,-0.23,0.075,0.02,0.08,4.48,0.13499999,6583.0,157.5,45.61,1.8449993,-0.41,0.030000001,-0.08,0.04,3.85,0.07500005,5998.0,62.5,43.89,1.2450008
2M05324124-0038056,05324124-0038056,83.171845,-0.634912,-0.45,0.075,0.02,0.060000002,3.64,0.10500002,6262.0,109.5,181.3,6.3899994,-0.48,0.055000007,-0.1,0.060000002,3.53,0.07500005,6190.0,67.0,171.04,5.6800003,-0.49,0.050000012,0.22,0.08500001,3.51,0.034999967,6158.0,34.0,189.51,4.625
2M05324148-0046439,05324148-0046439,83.172866,-0.778879,0.0,0.080000006,-0.09,0.04,3.85,0.034999967,3527.0,40.0,104.03,4.095001,-0.24,0.105000004,-0.04,0.044999998,3.81,0.10500002,3737.5,118.375,118.72,6.295002,-0.11,0.11,-0.02,0.045,3.73,0.109999895,3428.0,77.0,94.38,6.0999985
2M05324164-0202131,05324164-0202131,83.173502,-2.036986,-1.18,0.110000014,0.08,0.19999999,3.15,0.06500006,5646.0,57.5,106.2,34.309998,-1.23,0.035000026,0.25,0.015000001,3.05,0.05000007,5603.0,39.5,165.27,2.119995,-1.08,0.07999998,-0.06,0.105000004,3.06,0.034999967,5625.0,30.0,166.1,8.520004
2M05324550-0140344,05324550-0140344,83.189603,-1.67623,-0.1,0.035,0.1,0.04,4.13,0.049999952,4443.0,57.5,16.22,1.2949996,-0.06,0.1,-0.02,0.089999996,4.08,0.15500009,4844.0,294.0,17.24,1.855,-0.11,0.029999997,0.02,0.030000001,4.28,0.09000015,4431.0,61.0,15.06,0.875
2M05324957-0157385,05324957-0157385,83.206563,-1.960697,-0.02,0.024999999,0.04,0.025,4.07,0.03999996,4634.0,49.5,33.21,1.1099997,-0.09,0.049999997,0.01,0.045,3.93,0.08000004,4584.0,117.0,33.52,1.8500004,-0.05,0.015000001,0.07,0.014999999,3.89,0.045000076,4639.0,40.5,33.16,0.5400009
2M05325129-0034524,05325129-0034524,83.213733,-0.581245,-0.19,0.11500001,0.12,0.14999999,3.74,0.20000005,4199.0,128.75,24.29,4.3499994,-0.14,0.030000001,0.03,0.02,4.0,0.045000076,4111.0,43.0,21.38,1.9899998,-0.17,0.030000001,0.07,0.044999998,3.69,0.08500004,4099.0,31.0,21.22,1.5650005
2M05325191-0200244,05325191-0200244,83.216293,-2.006792,-0.14,0.029999997,-0.09,0.020000001,3.93,0.044999957,3861.0,46.0,46.33,2.6900005,-0.12,0.065,-0.14,0.04,4.03,0.09000003,3889.0,82.0,50.33,3.9499989,-0.17,0.045,-0.05,0.075,3.77,0.10500002,3924.0,118.5,50.69,2.6550007
2M05325279+0121588,05325279+0121588,83.219995,1.366352,-0.07,0.089999996,0.11,0.105000004,4.26,0.20000005,6580.0,200.25,41.85,2.7199993,-0.04,0.15,-0.04,0.14,4.19,0.23500001,6595.0,224.5,43.12,5.994999,-0.16,0.055000003,-0.02,0.049999997,3.8,0.100000024,6185.0,90.5,38.59,1.2150002
2M05325412+0235422,05325412+0235422,83.225531,2.595081,-0.3,0.115,-0.29,0.18,3.94,0.15499997,5718.0,161.0,43.16,2.2399998,-0.47,0.11999999,0.14,0.2,3.84,0.16999996,5659.0,144.5,43.63,3.4400005,-0.46,0.015000001,-0.08,0.010000002,3.63,0.05000007,5411.0,38.0,43.02,0.79999924
2M05325664+0018478,05325664+0018478,83.236013,0.313281,-0.0,0.114999995,0.05,0.114999995,4.04,0.23000014,4658.0,261.0,25.23,1.96,-0.07,0.065,-0.04,0.060000002,3.96,0.11500013,4572.0,139.5,27.53,2.8450003,-0.05,0.030000001,0.02,0.04,3.78,0.07500005,4366.0,56.0,24.28,0.75499916
2M05325786-0149058,05325786-0149058,83.241092,-1.818305,-0.18,0.065,0.13,0.085,4.13,0.23000002,4314.0,112.5,52.97,6.0249996,-0.15,0.049999997,-0.08,0.025,4.12,0.06999993,4086.0,110.0,48.14,2.2250004,-0.19,0.035000004,-0.01,0.049999997,4.04,0.08500004,4076.0,91.5,47.75,1.9300003
2M05330030-0131473,05330030-0131473,83.251254,-1.529813,-0.2,0.044999994,0.11,0.08,3.99,0.060000062,5873.0,90.5,89.61,5.1000023,-0.25,0.025000006,-0.05,0.02,3.71,0.06999993,5650.0,57.0,97.25,2.8250008,-0.13,0.04,-0.1,0.045,3.8,0.059999943,5749.0,55.5,90.75,2.3450012
2M05330032-0105318,05330032-0105318,83.251347,-1.092194,-0.28,0.11,0.2,0.135,3.75,0.1400001,3471.0,103.0,119.38,11.499996,-0.05,0.08,0.2,0.055,4.34,0.13000011,3560.0,68.0,104.65,9.540001,-0.17,0.11,0.05,0.105000004,3.75,0.13499999,3501.0,114.375,112.35,9.16
2M05330125-0141537,05330125-0141537,83.255228,-1.698272,0.09,0.07,-0.02,0.035,3.86,0.11500001,5111.0,120.5,19.16,0.69500065,-0.1,0.034999996,0.06,0.030000001,4.04,0.07999992,4685.0,91.5,19.12,1.0950003,-0.04,0.030000001,0.06,0.025000002,4.14,0.099999905,4831.0,100.5,17.35,1.1199999
2M05330172-0021025,05330172-0021025,83.257182,-0.350719,0.08,0.07,-0.1,0.055,3.92,0.07500005,3774.0,121.5,17.26,2.8749995,-0.03,0.06,-0.05,0.030000001,3.96,0.09000015,3999.0,112.0,20.6,2.0149994,-0.1,0.034999996,-0.05,0.02,3.67,0.054999948,3853.0,40.0,19.17,0.8649998
2M05330479+0228096,05330479+0228096,83.269966,2.469347,-0.66,0.07000002,-0.58,0.135,3.65,0.05000007,6402.0,65.0,134.25,8.224998,-0.63,0.07000002,-0.28,0.059999995,3.68,0.049999952,6473.0,49.5,113.52,8.314999,-0.64,0.030000001,-0.33,0.03500001,3.59,0.025000095,6347.0,33.5,157.31,2.9050064
2M05330870-0155339,05330870-0155339,83.286276,-1.926091,-0.38,0.114999995,0.08,0.24,3.18,0.059999943,6304.0,67.5,165.08,21.309998,-0.33,0.045,-0.08,0.04,3.13,0.05000007,6241.0,42.25,136.44,4.330002,-0.29,0.080000006,0.02,0.23,3.13,0.035000086,6216.0,47.5,156.45,10.349998
2M05331070-0131357,05331070-0131357,83.294585,-1.526609,0.02,0.065,-0.06,0.035,4.08,0.034999847,3722.0,75.5,34.68,1.875,-0.03,0.024999999,-0.08,0.025000002,4.18,0.029999971,3842.0,46.875,33.64,1.7650013,-0.13,0.035,-0.08,0.030000001,3.88,0.045000076,3773.0,61.0,33.68,1.5049992
2M05331091-0114050,05331091-0114050,83.295466,-1.234743,-0.4,0.10000001,0.04,0.065,3.85,0.120000005,3511.0,69.5,57.02,16.789999,-0.14,0.16,-0.08,0.06,3.93,0.13000011,3535.0,76.5,86.21,9.16,-0.15,0.035000004,-0.03,0.015,3.89,0.04000008,3425.0,33.375,66.5,1.6899986
2M05331122-0241056,05331122-0241056,83.296763,-2.684912,-0.28,0.060000002,-0.18,0.044999998,4.18,0.09500003,6930.0,126.5,14.74,1.0350003,-0.27,0.050000004,-0.07,0.030000001,4.23,0.06500006,6975.0,81.0,14.73,1.4250002,-0.43,0.030000001,-0.04,0.035,3.79,0.049999952,6508.0,50.5,14.71,0.52999973
2M05331305-0203129,05331305-0203129,83.304416,-2.0536,-0.34,0.049999997,-0.04,0.035,3.94,0.09000003,5899.0,70.5,45.79,2.3649998,-0.49,0.13999999,0.13,0.11,3.96,0.17499983,5829.0,246.0,44.17,2.6850014,-0.34,0.03999999,-0.01,0.035,4.16,0.08500004,6014.0,91.5,43.2,1.1899986
2M05331308+0010299,05331308+0010299,83.304504,0.174975,0.08,0.055,-0.01,0.024999999,4.21,0.06499982,5351.0,131.0,30.86,1.0649996,0.01,0.049999997,-0.02,0.055,4.04,0.08000004,5067.0,131.5,31.15,1.5400009,-0.07,0.014999999,0.08,0.010000002,4.07,0.03999996,4720.0,57.0,29.86,0.71500015
2M05331353-0226438,05331353-0226438,83.3064,-2.44552,-0.18,0.165,-0.23,0.21,4.15,0.26,5982.0,303.25,43.44,3.4799995,-0.3,0.02000001,-0.21,0.019999996,3.82,0.07500005,5741.0,31.5,40.16,1.6399994,-0.32,0.030000001,-0.16,0.044999998,3.94,0.11500013,5739.0,57.0,41.07,1.4450016
2M05331423+0018123,05331423+0018123,83.309333,0.303435,-0.05,0.085,0.01,0.05,4.16,0.120000124,3953.0,101.5,19.14,3.3499994,-0.13,0.155,0.3,0.17999999,4.26,0.18000007,4135.0,142.5,18.68,3.06,0.11,0.034999996,-0.03,0.024999999,4.16,0.034999847,3709.0,66.5,15.15,1.5049996
2M05331754-0208154,05331754-0208154,83.323119,-2.137626,-0.18,0.034999996,0.07,0.030000001,3.88,0.06500006,4820.0,76.5,24.39,0.91499996,-0.0,0.17,-0.1,0.205,4.16,0.20499992,5275.0,381.5,24.05,2.5699997,-0.22,0.024999999,0.08,0.015000002,3.73,0.06499994,4447.0,61.5,23.07,1.335
2M05332574-0132188,05332574-0132188,83.357271,-1.538561,-0.08,0.020000001,-0.0,0.02,4.21,0.035000086,4273.0,70.375,15.26,1.3499999,-0.08,0.09,0.15,0.21,4.45,0.18499994,4515.0,156.5,17.18,2.5399995,-0.08,0.025000002,-0.02,0.02,4.27,0.025000095,4236.0,54.0,14.85,0.89500046
2M05332605+0037166,05332605+0037166,83.358572,0.621297,-1.11,0.13999999,0.58,0.17000002,3.06,0.110000014,5987.0,102.5,182.39,14.684998,-1.03,0.09,0.39,0.145,3.17,0.059999943,6091.0,74.5,162.82,7.8250046,-1.21,0.07000005,0.75,0.07999998,2.86,0.04000008,5848.0,35.5,190.45,5.0200043
2M05332699+0238365,05332699+0238365,83.362491,2.643493,-0.14,0.089999996,0.09,0.15,4.22,0.2550001,4313.0,95.0,17.84,3.0750003,-0.13,0.044999998,0.18,0.060000002,4.52,0.09500003,4349.0,79.0,14.96,1.4699998,-0.05,0.030000001,-0.03,0.015,4.28,0.049999952,4107.0,41.0,14.49,0.80999994
2M05332743+0239057,05332743+0239057,83.364302,2.651584,-0.76,0.10499999,0.07,0.22500001,3.31,0.07000005,5983.0,116.5,163.03,16.940002,-0.44,0.11,-0.33,0.099999994,3.71,0.11500001,6377.0,123.0,181.4,7.404999,-0.61,0.025000006,-0.31,0.03999999,3.23,0.034999967,5907.0,49.5,188.45,3.6800003
2M05332801-0103478,05332801-0103478,83.366726,-1.063301,-0.3,0.049999997,-0.09,0.055000003,4.16,0.10500002,5511.0,107.0,43.04,2.869999,-0.49,0.23500001,-0.16,0.125,3.85,0.19500005,5153.0,399.75,42.38,4.9699993,-0.37,0.045,-0.21,0.045,3.82,0.110000014,5321.0,108.5,38.94,2.1599998
2M05332851-0130543,05332851-0130543,83.368805,-1.515104,-0.38,0.044999987,-0.15,0.030000005,3.52,0.054999948,6014.0,54.0,155.9,2.090004,-0.36,0.029999986,0.21,0.050000004,3.61,0.055000067,6138.0,49.0,183.28,4.050003,-0.33,0.040000007,-0.2,0.065,3.49,0.03999996,6047.0,40.5,175.53,5.25
2M05332929-0130281,05332929-0130281,83.372057,-1.507827,-0.32,0.22,0.01,0.105000004,3.64,0.2299999,3442.0,129.0,34.88,13.414999,-0.05,0.22,0.03,0.12,4.04,0.24500012,3565.0,183.0,66.05,27.29,-0.11,0.2,-0.03,0.09,3.94,0.18500006,3437.0,80.0,22.17,3.545
2M05332993-0111163,05332993-0111163,83.374716,-1.187888,-0.13,0.065000005,0.25,0.2,3.76,0.15499997,4210.0,88.5,29.88,4.3449993,-0.01,0.099999994,0.13,0.11,4.14,0.16499996,4223.0,104.0,34.83,5.6949987,-0.12,0.024999999,-0.07,0.024999999,3.78,0.059999943,3875.0,70.5,28.43,1.8950005
2M05333236-0132137,05333236-0132137,83.384872,-1.537155,-0.1,0.095,0.13,0.13,4.11,0.255,4420.0,155.5,19.55,4.995,-0.09,0.034999996,0.08,0.035,4.45,0.06999993,4392.0,52.0,16.8,1.5450006,-0.1,0.019999996,0.01,0.02,4.13,0.05499983,4292.0,50.5,16.51,1.0249996
2M05333609-0128526,05333609-0128526,83.400402,-1.481281,-0.1,0.035,0.03,0.04,4.24,0.059999943,4214.0,73.5,17.49,1.9250002,-0.09,0.04,0.12,0.055,4.37,0.0849998,4304.0,71.0,18.2,1.6599998,-0.09,0.03,-0.01,0.02,4.08,0.05499983,4103.0,37.25,16.15,1.3400002
2M05334127-0029538,05334127-0029538,83.421993,-0.498284,0.02,0.255,0.03,0.145,3.89,0.21500003,3484.0,141.0,15.94,6.4399996,0.23,0.255,0.02,0.14500001,4.28,0.20499992,3530.0,179.0,18.74,11.82,0.29,0.060000002,-0.07,0.015000001,3.88,0.07000005,3311.0,40.5,11.17,2.0149999
2M05334185-0125598,05334185-0125598,83.424412,-1.433291,-0.12,0.115,-0.14,0.08,4.15,0.125,5618.0,212.0,25.72,1.7250004,-0.1,0.055000003,-0.18,0.054999996,4.42,0.07999992,5644.0,116.0,25.28,1.3900003,-0.19,0.105000004,-0.04,0.065,4.26,0.15499997,5394.0,220.0,24.91,0.8100004
2M05334187-0147407,05334187-0147407,83.424489,-1.794653,-0.08,0.08,0.11,0.065,3.79,0.16500008,4088.0,103.5,22.88,2.5100002,0.17,0.040000003,0.03,0.035,4.61,0.06999993,3979.0,73.5,20.11,2.46,0.07,0.065,-0.04,0.04,4.2,0.09000015,3892.0,39.0,19.4,1.4650002
2M05334409-0024377,05334409-0024377,83.433732,-0.410479,-0.54,0.120000005,0.1,0.095,3.27,0.16499996,3282.0,69.5,117.02,17.585,-0.57,0.109999985,0.23,0.044999994,3.51,0.06499994,3362.0,49.0,104.3,6.529999,-0.63,0.21000001,0.28,0.105,3.45,0.13499999,3310.0,46.5,89.59,6.4950027
2M05334683-0156550,05334683-0156550,83.445132,-1.948628,-0.03,0.07,0.17,0.09,4.39,0.20500016,4561.0,113.0,19.79,2.3499994,-0.01,0.05,-0.0,0.049999997,4.37,0.08500004,4357.0,74.375,19.16,1.9499998,-0.13,0.050000004,0.06,0.024999999,3.76,0.21000004,4343.0,47.0,19.6,0.78999996
2M05334729-0120274,05334729-0120274,83.44706,-1.34095,-0.15,0.14,0.04,0.14999999,4.05,0.22500002,4089.0,161.5,16.21,3.69,-0.1,0.060000002,0.05,0.055,4.18,0.11500001,4104.0,106.0,15.37,1.8599997,0.04,0.04,-0.03,0.02,4.29,0.045000076,3892.0,39.0,12.02,1.7449999
2M05334882-0106385,05334882-0106385,83.453439,-1.110695,-0.28,0.07000001,-0.05,0.060000002,3.97,0.09000003,5272.0,121.0,95.15,4.6949997,-0.36,0.045,-0.02,0.04,3.82,0.07000005,5158.0,86.5,90.14,4.035,-0.47,0.015000001,0.14,0.02,3.71,0.054999948,4845.0,45.5,92.86,2.1499977
2M05334890-0226082,05334890-0226082,83.453776,-2.435617,-0.59,0.10000001,-0.07,0.065,3.58,0.045000076,6665.0,56.5,148.31,10.32,-0.63,0.055000007,0.3,0.040000007,3.51,0.03999996,6612.0,48.0,172.14,2.9249954,-0.41,0.040000007,-0.14,0.050000004,3.54,0.024999976,6623.0,31.5,169.17,4.959999
2M05334904-0055203,05334904-0055203,83.454365,-0.922306,-0.23,0.044999994,-0.02,0.04,3.68,0.099999905,3772.0,69.875,14.26,1.6400003,-0.14,0.16,0.31,0.21,4.24,0.17499995,3991.0,161.0,16.0,3.6850004,0.06,0.04,-0.02,0.03,4.15,0.035000086,3708.0,54.0,10.82,1.5149999
2M05334918-0115455,05334918-0115455,83.45494,-1.262647,-0.05,0.05,0.15,0.105,4.13,0.125,4390.0,62.0,19.35,1.7749996,-0.02,0.105,0.27,0.19,4.21,0.16499996,4515.0,123.5,19.53,2.29,-0.04,0.02,0.0,0.024999999,4.09,0.049999952,4282.0,35.0,19.1,0.6750002
2M05335125-0027310,05335125-0027310,83.463574,-0.458626,0.06,0.085,0.12,0.135,4.23,0.13499999,4543.0,160.5,20.87,2.8600006,0.04,0.030000001,-0.03,0.05,4.29,0.08000016,4363.0,62.0,19.8,1.3299999,0.04,0.015000001,0.03,0.02,3.86,0.07000005,4310.0,41.0,19.46,0.64000034
2M05335149-0145098,05335149-0145098,83.464582,-1.752742,-0.21,0.11,0.16,0.105000004,3.63,0.21000004,4964.0,150.0,85.99,3.3600006,-0.03,0.060000002,-0.14,0.09,3.96,0.09500003,5266.0,104.0,82.3,3.6749992,-0.2,0.019999996,0.11,0.014999997,3.56,0.06500006,4860.0,43.5,81.12,1.4150009
2M05335172-0004363,05335172-0004363,83.46553,-0.076761,-1.47,0.060000002,0.4,0.060000002,3.22,0.034999967,6068.0,29.5,162.67,3.7200012,-1.28,0.045000017,0.1,0.024999999,3.37,0.035000086,6152.0,36.5,153.06,2.5950012,-1.4,0.035000026,0.16,0.025000006,3.21,0.01999998,6067.0,19.0,187.47,4.454994
2M05335269-0019260,05335269-0019260,83.469571,-0.323911,-0.52,0.13,0.14,0.10000001,3.83,0.24000001,3629.0,155.5,114.72,16.785004,-0.46,0.06500001,0.23,0.065000005,3.99,0.1450001,3611.0,70.0,98.52,6.8950005,-0.36,0.065,0.14,0.05,3.81,0.120000005,3402.0,76.0,86.73,4.7649994
2M05335429+0046063,05335429+0046063,83.476241,0.768435,-0.39,0.029999986,-0.09,0.024999999,3.58,0.04000008,6160.0,39.5,83.05,5.9350014,-0.42,0.03500001,0.04,0.04,3.6,0.060000062,6184.0,48.5,105.57,5.914997,-0.44,0.045,0.0,0.085,3.53,0.044999957,6124.0,44.5,111.33,9.455002
2M05335454-0006212,05335454-0006212,83.477258,-0.105892,-0.54,0.06500001,-0.42,0.11000001,3.71,0.049999952,6236.0,64.0,101.86,7.595001,-0.57,0.030000001,-0.07,0.020000001,3.69,0.049999952,6209.0,45.0,111.87,2.75,-0.62,0.060000002,-0.11,0.075,3.6,0.035000086,6126.0,39.0,111.45,5.919998
2M05335454+0134086,05335454+0134086,83.47729,1.569077,-0.01,0.074999996,-0.04,0.060000002,4.53,0.20499992,4099.0,93.5,18.53,2.3000002,-0.14,0.095,0.39,0.18,4.25,0.17999983,4281.0,94.0,21.81,2.6450005,0.06,0.055,-0.01,0.04,4.65,0.16499996,4081.0,85.0,18.97,1.5749998
2M05335457+0102001,05335457+0102001,83.477406,1.033388,-0.73,0.055000007,-0.11,0.040000003,3.67,0.05000007,6282.0,50.0,167.81,10.044998,-1.04,0.125,0.24,0.08500001,3.65,0.054999948,6274.0,52.0,122.25,8.969997,-0.79,0.030000001,-0.17,0.074999996,3.58,0.04000008,6175.0,40.0,124.44,10.399998
2M05335490+0021069,05335490+0021069,83.478787,0.351943,-0.24,0.114999995,-0.14,0.075,4.33,0.19999981,5870.0,203.75,93.02,11.219997,-0.34,0.034999996,-0.15,0.025000002,4.03,0.049999952,5646.0,59.5,82.74,3.165001,-0.47,0.02000001,-0.11,0.025000002,3.74,0.06499994,5307.0,38.5,75.68,2.875
2M05335754-0052455,05335754-0052455,83.489762,-0.879307,-0.17,0.045,0.23,0.055000007,3.27,0.16999996,4256.0,50.0,57.57,6.914999,-0.12,0.02,0.12,0.020000003,3.82,0.05000007,4211.0,35.5,67.84,3.4700012,-0.12,0.020000003,0.08,0.02,3.75,0.03999996,4124.0,24.0,68.33,2.8100014
2M05335758+0124274,05335758+0124274,83.489941,1.407636,-1.54,0.024999976,-0.1,0.019999996,2.86,0.055000067,5103.0,41.75,198.6,6.7300034,-1.43,0.045000017,-0.49,0.019999996,2.88,0.060000062,5171.0,35.75,168.78,2.3450012,-1.58,0.06999999,0.0,0.17500001,2.88,0.04000008,5144.0,36.0,177.32,9.974998
2M05335776-0027510,05335776-0027510,83.490675,-0.46418,-0.01,0.08,0.05,0.11,4.16,0.21000004,4654.0,186.25,33.32,2.5900002,-0.03,0.095,0.24,0.13000001,4.08,0.24499989,4651.0,173.5,33.62,3.079999,-0.04,0.02,0.03,0.03,4.09,0.07499981,4523.0,74.5,33.14,0.789999
2M05340051-0026107,05340051-0026107,83.502141,-0.436317,-0.2,0.074999996,0.12,0.05,3.9,0.11500013,4167.0,63.5,18.17,2.7449994,-0.11,0.095,0.26,0.185,4.14,0.20499992,4268.0,114.0,18.04,2.5299997,-0.14,0.035,-0.03,0.060000002,4.06,0.109999895,3965.0,107.5,14.71,1.0700002
2M05340070-0150083,05340070-0150083,83.502922,-1.835661,-0.12,0.07,-0.02,0.12,3.98,0.14499986,4106.0,121.375,20.18,2.585,0.07,0.035,-0.04,0.035,4.26,0.045000076,3987.0,79.5,19.05,1.71,0.0,0.065,-0.01,0.045,4.21,0.10000014,4017.0,85.0,16.72,1.6200004
2M05340210+0044225,05340210+0044225,83.508774,0.739594,0.05,0.05,0.17,0.105,4.27,0.08500004,4605.0,89.0,31.45,1.9250011,0.07,0.044999998,-0.04,0.075,4.43,0.109999895,4567.0,123.75,33.08,2.3850002,0.06,0.01,0.03,0.01,4.14,0.01999998,4453.0,33.5,30.26,0.9300003
2M05340524+0126067,05340524+0126067,83.521864,1.435212,-0.36,0.075,0.06,0.055,3.68,0.07500005,3385.0,50.5,92.5,4.390003,-0.44,0.10000001,0.11,0.075,3.84,0.08000004,3623.0,96.375,107.68,7.75,-0.12,0.08,-0.01,0.04,3.82,0.08000004,3368.0,74.5,106.87,9.314999
2M05340535-0047172,05340535-0047172,83.522314,-0.788123,-0.33,0.10499999,0.09,0.09,3.76,0.109999895,4042.5,128.0,18.94,2.415,-0.23,0.114999995,0.26,0.18499999,4.1,0.16500008,4161.0,158.375,19.75,3.505,-0.14,0.055,-0.07,0.025000002,3.85,0.11500001,3761.0,70.5,15.64,1.6200004
2M05340641-0101489,05340641-0101489,83.526729,-1.030256,-0.06,0.074999996,0.01,0.055,4.12,0.1049999,4132.0,59.0,22.14,2.9849997,-0.07,0.13,-0.0,0.115,4.11,0.18500006,4167.0,168.5,21.67,3.835,-0.06,0.035,-0.04,0.025,3.9,0.09000003,3957.0,81.0,21.46,1.5299997
2M05340650-0223063,05340650-0223063,83.527099,-2.385108,-0.09,0.09,-0.13,0.050000004,4.27,0.12999988,6167.0,198.0,43.65,2.0199986,-0.35,0.065,0.08,0.055,3.85,0.08500004,5647.0,110.0,45.58,2.4300003,-0.24,0.040000007,-0.01,0.02,3.82,0.07000005,5687.0,64.5,42.82,1.2150002
2M05340687-0223484,05340687-0223484,83.528651,-2.396805,-0.4,0.105000004,-0.15,0.22,4.16,0.19999993,5868.0,240.0,39.77,4.779999,-0.54,0.11500001,-0.02,0.075,3.91,0.1450001,5621.0,207.5,40.88,3.2650013,-0.41,0.065,-0.15,0.05,4.04,0.15999997,5854.0,159.5,41.82,2.2599983
2M05340819-0031296,05340819-0031296,83.534126,-0.524893,-0.2,0.14,0.15,0.16000001,3.78,0.2700001,3942.0,206.0,19.44,4.2000003,-0.15,0.074999996,0.11,0.09,4.2,0.18500006,4076.0,153.5,17.72,3.5899997,0.0,0.07,-0.06,0.040000003,4.2,0.15499997,3799.0,95.0,15.27,1.7199998
2M05340843+0105091,05340843+0105091,83.535164,1.085872,-0.08,0.16,0.01,0.13,4.15,0.255,3936.0,180.5,29.89,6.4049997,0.14,0.04,0.0,0.03,4.72,0.059999943,3901.0,26.0,20.76,2.0650005,0.13,0.05,-0.02,0.024999999,4.67,0.14499998,3894.0,34.5,19.76,1.915
2M05340858-0122468,05340858-0122468,83.535758,-1.379668,-0.15,0.055000003,0.1,0.055000003,3.69,0.120000005,4184.0,68.875,79.61,6.075001,-0.13,0.045,0.1,0.055,4.03,0.07999992,4164.0,56.875,75.75,4.2249985,-0.16,0.035,-0.05,0.05,3.83,0.08000004,3974.0,78.5,71.64,2.1549988
2M05341033-0047147,05341033-0047147,83.543083,-0.787431,-0.06,0.02,0.07,0.020000001,4.12,0.03999996,4450.0,47.5,19.94,0.80499935,-0.12,0.024999999,0.01,0.015,3.78,0.07000005,4367.0,74.0,20.37,0.8999996,-0.07,0.014999999,0.0,0.01,4.06,0.034999847,4381.0,36.0,19.58,0.6850004
2M05341134-0130314,05341134-0130314,83.547266,-1.508748,-0.2,0.07000001,0.07,0.07,4.24,0.16499996,4307.0,102.0,103.01,9.689999,-0.19,0.065,0.08,0.085,4.12,0.125,4321.0,97.25,107.13,10.0700035,-0.3,0.015000001,0.02,0.015,3.77,0.09000003,4158.0,29.0,88.03,2.3899994
2M05341255+0052191,05341255+0052191,83.552319,0.871986,-0.43,0.06999999,0.03,0.17,3.86,0.14499998,6401.0,181.5,93.88,8.415001,-0.38,0.065,-0.05,0.065,3.91,0.10500014,6416.0,105.5,87.59,5.9850006,-0.54,0.07000001,-0.05,0.045,3.63,0.055000067,6181.0,50.75,83.05,2.1849976
2M05341283-0120379,05341283-0120379,83.553467,-1.343864,-0.04,0.04,0.04,0.04,4.16,0.059999943,4456.0,62.5,19.09,1.0599995,-0.05,0.075,0.12,0.135,4.24,0.21000004,4833.0,265.0,20.25,1.6750002,-0.17,0.04,0.03,0.02,3.73,0.16500008,4423.0,65.0,19.4,0.66499996
2M05341788-0141079,05341788-0141079,83.574512,-1.685549,-0.09,0.015000001,-0.02,0.015,4.28,0.025000095,4320.0,28.0,20.62,0.97999954,-0.01,0.06,0.06,0.06,4.41,0.089999914,4376.0,76.5,23.31,2.6399994,-0.07,0.035,-0.03,0.02,4.21,0.07000017,4176.0,55.5,19.75,0.97999954
2M05341795-0009280,05341795-0009280,83.574797,-0.157782,-0.05,0.065,0.0,0.065,4.71,0.20500016,4241.0,81.5,15.4,3.275,-0.14,0.065,0.31,0.13499999,4.19,0.13999987,4337.0,77.5,19.51,1.96,-0.16,0.030000005,-0.05,0.04,4.03,0.09000003,3988.0,93.5,16.07,1.48
2M05341952-0125224,05341952-0125224,83.581351,-1.422915,-0.01,0.065,-0.03,0.065,4.24,0.1400001,3788.0,87.0,13.91,2.7900004,-0.17,0.13,0.12,0.085,4.16,0.119999886,3909.0,125.0,15.33,2.3850002,0.06,0.07,-0.01,0.044999998,4.15,0.06499982,3665.0,44.5,12.22,1.9000001
2M05342004-0132251,05342004-0132251,83.5835,-1.540307,-0.29,0.019999996,0.06,0.030000001,3.76,0.059999943,4571.0,49.5,157.94,2.4049988,-0.34,0.045,0.06,0.030000001,3.58,0.110000014,4544.0,91.0,144.39,6.814995,-0.3,0.034999996,0.11,0.030000001,3.75,0.1049999,4628.0,56.0,169.83,5.465004
2M05342189+0040567,05342189+0040567,83.591243,0.682433,-0.61,0.030000001,-0.01,0.024999999,3.67,0.06999993,5835.0,67.75,138.02,5.215004,-0.59,0.034999996,0.09,0.04,3.75,0.054999948,5898.0,52.25,133.44,3.3099976,-0.6,0.02000001,-0.03,0.035,3.65,0.044999957,5776.0,44.0,127.4,3.699997
2M05342407-0136013,05342407-0136013,83.600296,-1.600381,-0.23,0.035000004,0.18,0.04,3.94,0.08500004,4376.0,44.0,91.56,4.0999985,-0.22,0.049999997,0.1,0.09,4.0,0.13499987,4391.0,69.5,110.63,8.044998,-0.23,0.015000001,0.1,0.019999996,4.13,0.029999971,4306.0,29.5,93.01,1.4449997
2M05342486-0045477,05342486-0045477,83.603611,-0.763255,-0.63,0.044999987,-0.31,0.07500001,3.17,0.055000067,5847.0,78.0,184.82,19.265,-0.64,0.02000001,-0.49,0.034999996,3.04,0.03999996,5657.0,60.25,193.07,4.375,-0.59,0.030000001,-0.54,0.16000001,3.09,0.045000076,5819.0,42.0,185.02,7.560005
2M05342762-0044052,05342762-0044052,83.615123,-0.734802,-0.11,0.040000003,-0.12,0.024999999,3.56,0.03999996,3532.0,46.0,41.38,4.1849995,0.07,0.099999994,-0.08,0.035,4.03,0.099999905,3588.0,96.375,50.68,6.1949997,-0.14,0.115,-0.09,0.015000001,3.53,0.11500001,3457.0,59.0,37.62,3.6000004
2M05343105-0149515,05343105-0149515,83.629405,-1.830985,-0.46,0.034999996,-0.29,0.04,3.82,0.10500002,5483.0,94.5,129.74,3.4749985,-0.2,0.14999999,-0.24,0.09,4.42,0.26499987,6054.0,295.0,131.59,7.0200005,-0.44,0.054999992,-0.18,0.055,3.9,0.13500011,5481.0,121.0,119.91,3.7350006
2M05343358-0201402,05343358-0201402,83.639938,-2.027837,-0.06,0.1,0.13,0.099999994,4.25,0.16000009,5138.0,181.0,38.0,3.2649994,-0.05,0.060000002,-0.02,0.055,4.31,0.11500001,5112.0,139.5,37.47,1.9349995,-0.1,0.02,0.05,0.015000001,3.82,0.07500005,4847.0,50.5,34.81,0.8649998
2M05343468-0051340,05343468-0051340,83.644537,-0.859445,-0.16,0.095,0.06,0.11,4.2,0.18999982,4304.0,138.0,27.17,5.2699995,-0.21,0.04,0.04,0.04,4.02,0.07999992,4270.0,84.5,24.61,1.2650003,-0.22,0.03999999,0.02,0.045,3.98,0.10500014,4189.0,60.5,24.69,1.0450001
2M05343693-0053003,05343693-0053003,83.65388,-0.883423,-0.69,0.054999977,-0.06,0.04,3.37,0.045000076,6062.0,35.25,162.94,3.165001,-0.85,0.055000007,0.07,0.05,3.29,0.034999967,6070.0,42.0,168.76,3.6500015,-0.64,0.02000001,-0.38,0.024999991,3.28,0.029999971,5950.0,35.5,198.25,4.225006
2M05343846+0158253,05343846+0158253,83.660288,1.973698,-0.24,0.08500001,0.02,0.08,3.97,0.15999997,4209.0,122.75,32.13,4.3999996,-0.19,0.08500001,0.11,0.15,4.38,0.2249999,4313.0,147.5,28.78,4.215001,-0.29,0.025000006,-0.09,0.010000002,3.8,0.06500006,3936.0,60.5,25.23,1.8949995
2M05343896-0146564,05343896-0146564,83.662356,-1.782339,-0.19,0.155,0.05,0.09,3.74,0.2850001,4011.0,132.0,18.87,3.4450002,0.05,0.08,-0.11,0.05,4.06,0.09500003,3774.0,127.0,15.2,2.3600001,-0.02,0.089999996,-0.09,0.030000001,3.9,0.110000014,3705.0,93.0,15.36,1.5300002
2M05344115+0026470,05344115+0026470,83.671493,0.446396,-0.39,0.065,-0.06,0.035,3.39,0.125,3546.0,79.0,49.79,14.880001,-0.12,0.05,-0.04,0.035,4.05,0.07500005,3819.0,54.0,90.62,4.3150024,-0.17,0.034999996,0.0,0.04,3.85,0.07500005,3705.0,62.0,83.37,3.3300018
2M05344241-0015449,05344241-0015449,83.676711,-0.262498,-0.18,0.034999996,0.08,0.034999996,3.97,0.09499991,4816.0,116.5,30.55,1.5150003,-0.23,0.029999994,0.13,0.035,3.99,0.07000005,4647.0,71.5,31.77,1.5199995,-0.25,0.024999999,0.1,0.024999999,3.77,0.06499994,4550.0,71.5,29.91,0.96000004
2M05344283-0027424,05344283-0027424,83.67848,-0.461798,-0.03,0.045,0.01,0.05,4.48,0.13999987,4441.0,110.5,21.83,2.045,-0.08,0.060000002,0.14,0.06,4.17,0.08500004,4418.0,63.25,21.87,1.7750006,-0.06,0.025,0.0,0.015,4.19,0.09000015,4342.0,35.0,21.17,1.0950003
2M05344359-0100125,05344359-0100125,83.681645,-1.003478,-0.38,0.034999996,-0.48,0.17499998,3.73,0.06999993,6001.0,61.5,58.36,3.75,-0.38,0.09,-0.3,0.114999995,3.79,0.16500008,6056.0,151.5,66.27,9.049999,-0.41,0.025000006,-0.16,0.030000001,3.6,0.07000005,5912.0,47.0,53.08,1.5149994
2M05344642-0102340,05344642-0102340,83.693438,-1.042791,-0.03,0.14,-0.16,0.13,4.04,0.245,5467.0,247.0,57.19,4.029999,-0.26,0.04500001,0.09,0.04,3.75,0.06499994,5051.0,74.75,56.61,2.4850006,-0.28,0.034999996,0.06,0.015000001,3.6,0.06500006,4959.0,66.0,54.03,1.0750008
2M05344869-0102275,05344869-0102275,83.702883,-1.040985,-0.16,0.065,-0.13,0.074999996,3.74,0.110000014,6075.0,92.5,96.86,6.200001,-0.21,0.034999996,-0.11,0.08,3.54,0.09500003,5994.0,57.5,106.83,12.25,-0.22,0.020000003,-0.03,0.035,3.49,0.049999952,5966.0,31.0,84.67,3.9900017
2M05345053-0131298,05345053-0131298,83.710561,-1.524967,-0.1,0.035,0.12,0.02,3.92,0.05000007,4822.0,63.0,43.57,1.2449989,0.05,0.225,0.03,0.125,4.3,0.21499991,5276.0,457.25,43.83,4.459999,-0.16,0.020000003,0.1,0.029999997,3.9,0.10500014,4621.0,58.0,42.9,0.75
2M05345175-0033042,05345175-0033042,83.715652,-0.551177,-0.03,0.049999997,0.09,0.074999996,4.33,0.089999914,4393.0,82.25,15.07,1.2750001,0.03,0.085,0.21,0.13499999,4.39,0.15499997,4451.0,128.5,15.98,2.2949996,0.0,0.02,-0.04,0.03,4.3,0.045000076,4200.0,62.0,14.61,0.6999998
2M05345341-0220262,05345341-0220262,83.722555,-2.340613,-0.33,0.114999995,0.29,0.235,3.61,0.08000004,6176.0,98.0,50.0,4.545,-0.15,0.040000003,-0.26,0.06999999,3.56,0.055000067,6232.0,62.5,51.57,2.3150005,-0.32,0.02000001,0.01,0.044999998,3.44,0.03999996,6137.0,38.5,50.51,2.2999992
2M05345443-0208514,05345443-0208514,83.726812,-2.147634,-0.08,0.049999997,-0.2,0.034999996,4.39,0.06999993,6260.0,96.75,24.09,0.7399998,-0.17,0.020000003,-0.12,0.014999997,4.09,0.025000095,5984.0,25.0,23.94,0.5999994,-0.15,0.030000001,-0.07,0.025,4.17,0.06500006,5969.0,51.5,23.75,0.52999973
2M05345449-0123452,05345449-0123452,83.727074,-1.395893,0.03,0.15,0.14,0.115,4.21,0.17000008,3686.0,160.0,19.71,3.5199995,-0.1,0.2,0.26,0.21499999,4.42,0.24499989,4085.0,191.5,23.44,6.914999,0.05,0.07,-0.04,0.044999998,4.32,0.11500001,3826.0,68.5,18.09,2.0249996
2M05345541+0019299,05345541+0019299,83.730882,0.324999,-0.14,0.099999994,-0.28,0.13499999,4.4,0.20499992,6249.0,205.0,27.21,1.8549995,-0.41,0.13,-0.07,0.04,3.83,0.21999991,5722.0,264.5,28.96,2.2200003,-0.26,0.035000004,-0.02,0.035,4.08,0.059999943,5997.0,58.0,26.17,1.0200005
2M05345647-0007223,05345647-0007223,83.735324,-0.122867,-1.43,0.20000005,-0.31,0.185,2.91,0.07499993,5839.0,50.0,170.1,7.970001,-1.5,0.23500001,0.13,0.185,3.08,0.100000024,5944.0,78.5,176.45,9.584999,-1.19,0.060000002,-0.57,0.055000007,2.88,0.035000086,5806.0,27.0,196.42,4.334999
2M05345714-0048094,05345714-0048094,83.738091,-0.802616,-0.32,0.07000001,0.2,0.05,4.07,0.06999993,4083.0,99.0,19.71,2.33,-0.06,0.135,-0.01,0.095,4.14,0.18000007,3818.0,117.5,22.12,5.0550003,-0.11,0.04,-0.06,0.035,4.13,0.045000076,3797.0,45.0,15.8,1.8049998
2M05345820-0112379,05345820-0112379,83.7425,-1.210529,0.02,0.035,0.14,0.05,4.19,0.059999943,4705.0,81.0,24.54,1.1849995,-0.04,0.065,-0.03,0.049999997,4.11,0.120000005,4603.0,201.0,25.02,1.9499998,-0.06,0.05,0.07,0.02,3.88,0.16000009,4655.0,74.0,24.64,0.7449999
2M05350028-0048561,05350028-0048561,83.751173,-0.815592,-1.22,0.14999998,0.21,0.135,3.12,0.17499995,5867.0,124.0,187.13,6.350006,-1.33,0.119999945,0.45,0.14999999,3.1,0.08000004,5857.0,64.0,176.59,11.260002,-1.42,0.014999986,0.62,0.02000001,2.86,0.045000076,5665.0,36.5,199.26,3.9049988
2M05350140-0118137,05350140-0118137,83.755834,-1.303827,-0.37,0.09,-0.09,0.04,3.69,0.11499989,3614.0,72.5,16.18,2.525,-0.1,0.15,0.1,0.17,4.51,0.2249999,3717.0,99.0,14.3,4.7250004,-0.16,0.025000006,-0.01,0.02,3.79,0.06500006,3497.0,38.0,14.44,0.97999954
2M05350541-0055436,05350541-0055436,83.772551,-0.928779,-0.12,0.05,-0.14,0.045,4.61,0.06999993,6448.0,81.5,12.39,1.3249998,-0.07,0.13499999,-0.22,0.155,4.56,0.26,6597.0,252.0,13.09,1.4050002,-0.15,0.024999999,0.04,0.010000001,4.41,0.029999971,6323.0,38.25,14.2,0.76499987
2M05350799-0150192,05350799-0150192,83.783308,-1.838686,-0.22,0.205,-0.06,0.185,4.02,0.26999998,5687.0,331.0,51.76,5.700001,-0.37,0.055000007,-0.11,0.05,3.68,0.089999914,5322.0,101.5,49.05,2.3899994,-0.3,0.019999996,-0.02,0.015,3.6,0.060000062,5317.0,35.0,48.16,1.1099987
2M05350920-0016105,05350920-0016105,83.788354,-0.269604,-2.0,0.23500001,0.59,0.29,3.21,0.10500002,5896.0,86.5,188.97,9.555,-1.76,0.06999999,0.19,0.049999997,3.06,0.055000067,5812.0,42.0,197.89,4.364998,-2.15,0.05000007,0.74,0.045000017,3.15,0.024999976,5873.0,20.5,199.44,3.449997
2M05351039-0027462,05351039-0027462,83.793308,-0.462855,-0.12,0.04,-0.06,0.065,4.07,0.044999838,3774.0,45.375,19.67,1.7049999,0.12,0.060000002,-0.05,0.035,4.23,0.05000019,3665.0,48.5,17.37,2.6900005,0.0,0.06,-0.04,0.045,3.85,0.07000005,3541.0,86.0,17.25,1.7200003
2M05351050-0050130,05351050-0050130,83.793774,-0.836949,-0.46,0.14000002,0.16,0.125,3.45,0.13499999,5820.0,114.25,165.65,26.190002,-0.76,0.044999987,0.64,0.03999999,3.23,0.049999952,5675.0,42.5,155.51,4.904999,-0.66,0.02000001,0.24,0.020000003,3.21,0.034999967,5600.0,34.0,118.73,2.5249977
2M05351278-0044071,05351278-0044071,83.803257,-0.735308,-1.56,0.065,-0.13,0.075,2.93,0.07499993,5274.0,40.5,171.84,5.989998,-1.45,0.10500002,-0.43,0.155,3.2,0.09000003,5393.0,45.5,170.39,4.9950027,-1.7,0.035000026,0.22,0.055,2.86,0.04000008,5220.0,32.5,198.06,5.2549973
2M05351381-0222523,05351381-0222523,83.807562,-2.381211,-1.13,0.15500003,-0.28,0.17999999,3.22,0.09500003,6306.0,74.5,178.28,10.034996,-1.15,0.03999996,-0.62,0.06999999,3.14,0.045000076,6247.0,37.0,194.36,4.6649933,-1.11,0.055000007,-0.45,0.08500001,3.1,0.06500006,6213.0,60.5,193.91,5.6100006
2M05351517-0154075,05351517-0154075,83.813215,-1.902087,-1.06,0.09499997,0.02,0.105000004,3.05,0.044999957,5965.0,52.25,184.12,6.630005,-1.07,0.04000002,0.15,0.025000002,3.2,0.03999996,6052.0,46.25,164.18,1.7249985,-0.94,0.06499997,-0.3,0.15,3.01,0.034999967,5929.0,29.0,196.03,6.2649994
2M05351713+0011045,05351713+0011045,83.821395,0.184598,-0.12,0.21000001,0.1,0.185,4.08,0.18999994,3859.0,247.875,48.19,8.014999,0.13,0.050000004,-0.1,0.03,4.24,0.05000019,3686.0,40.0,43.54,2.3950005,-0.01,0.044999998,-0.08,0.020000001,3.79,0.07499993,3538.0,57.5,43.55,2.3000011
2M05352129-0102008,05352129-0102008,83.838709,-1.033574,-1.52,0.13,0.11,0.14,3.3,0.03999996,6047.0,36.0,159.36,12.464996,-1.66,0.045000017,0.46,0.024999991,3.31,0.034999967,6072.0,31.0,196.32,7.3899994,-1.82,0.09000003,0.7,0.065,3.29,0.01999998,6067.0,20.0,194.62,6.659996
2M05352231-0153217,05352231-0153217,83.842968,-1.88938,-0.15,0.045,-0.1,0.030000001,3.81,0.08000004,5571.0,74.0,62.74,2.209999,-0.2,0.125,0.05,0.19,4.02,0.15500009,5443.0,240.5,68.31,10.139999,-0.21,0.024999999,0.03,0.030000001,3.69,0.049999952,5335.0,33.0,57.78,1.1850014
2M05352515+0132208,05352515+0132208,83.854805,1.539124,-0.22,0.060000002,0.19,0.04,4.18,0.07000017,3939.0,54.5,15.25,1.9400005,-0.06,0.075,0.05,0.045,4.3,0.06999993,3904.0,75.875,18.38,2.7699995,-0.1,0.040000003,-0.04,0.02,3.89,0.08000016,3711.0,52.5,13.54,1.855
2M05352562-0102558,05352562-0102558,83.856758,-1.04884,-0.91,0.24000001,0.02,0.085,3.46,0.20000005,3341.0,80.0,19.27,5.34,-0.68,0.25,-0.05,0.060000002,3.55,0.18000007,3344.0,87.5,31.84,16.49,-0.41,0.14000002,-0.05,0.024999999,3.91,0.32500005,3303.0,46.0,15.05,2.7649999
2M05352609-0119384,05352609-0119384,83.858737,-1.327347,-0.38,0.030000001,0.1,0.024999999,3.25,0.059999943,5944.0,47.5,33.97,1.1750011,-0.3,0.040000007,0.23,0.075,3.47,0.08500004,6043.0,88.25,32.79,2.1099987,-0.31,0.019999996,0.07,0.020000001,3.17,0.06499994,5807.0,35.5,30.57,1.0949993
2M05353015-0118299,05353015-0118299,83.875633,-1.308324,-0.21,0.07000001,0.14,0.07,3.67,0.20000005,4184.0,87.5,17.65,2.63,0.08,0.05,-0.08,0.035000004,4.36,0.044999838,3900.0,103.5,15.09,2.0,-0.12,0.07,0.03,0.08,4.14,0.11500001,4097.0,109.0,16.25,1.6200004
2M05353020-0043052,05353020-0043052,83.875868,-0.718122,-0.11,0.07,-0.35,0.080000006,3.75,0.07999992,5299.0,112.5,14.46,0.62999964,-0.1,0.049999997,0.07,0.055,3.86,0.060000062,5506.0,106.0,14.72,0.71500015,-0.1,0.09,-0.16,0.09,3.7,0.16500008,5428.0,155.5,14.52,0.5250001
2M05353117+0205055,05353117+0205055,83.879899,2.084885,-0.01,0.1,-0.01,0.060000002,4.24,0.10500002,3918.0,115.5,18.43,2.9799995,-0.11,0.029999997,0.03,0.024999999,4.27,0.045000076,3971.0,64.5,14.44,1.3649998,-0.09,0.055,-0.02,0.045,4.17,0.07500005,3899.0,54.5,11.56,1.8449998
2M05353442-0117443,05353442-0117443,83.893442,-1.295664,-0.34,0.089999996,0.1,0.04,3.79,0.06499994,3841.0,54.875,16.78,1.96,-0.39,0.19999999,0.38,0.285,3.88,0.2299999,4126.0,170.0,18.97,3.1999998,0.01,0.085,-0.07,0.08,4.28,0.09500003,3795.0,62.0,15.01,1.4299998
2M05353605-0032169,05353605-0032169,83.90023,-0.538049,-0.1,0.060000002,0.02,0.055,4.1,0.1500001,4993.0,197.0,24.72,1.585,-0.09,0.05,0.07,0.025000002,4.27,0.06500006,4873.0,99.0,24.21,0.9000006,-0.2,0.034999996,0.06,0.035,3.93,0.10500002,4618.0,76.5,24.15,0.6300001
2M05353693-0030211,05353693-0030211,83.903913,-0.505866,-0.57,0.035000026,-0.3,0.125,3.56,0.060000062,6312.0,53.0,192.2,4.7299957,-0.64,0.055000007,0.12,0.044999998,3.62,0.04000008,6371.0,45.5,178.63,2.659996,-0.62,0.024999976,0.31,0.045,3.55,0.034999967,6278.0,33.5,198.53,4.3799973
2M05353915-0111490,05353915-0111490,83.913165,-1.196967,-0.01,0.024999999,-0.06,0.044999998,4.17,0.03999996,4089.0,87.0,15.79,2.585,-0.06,0.085,0.32,0.11500001,4.09,0.10499978,4323.0,67.0,20.42,2.12,0.05,0.049999997,-0.04,0.044999998,4.16,0.109999895,3992.0,106.5,16.64,1.815
2M05354081-0034552,05354081-0034552,83.920071,-0.582025,-0.11,0.085,0.18,0.115,4.29,0.19500017,4443.0,86.0,18.53,2.5749998,-0.1,0.03,0.16,0.040000003,4.05,0.099999905,4433.0,50.0,19.46,1.0500002,-0.07,0.04,-0.01,0.024999999,4.36,0.11000013,4348.0,42.5,18.98,1.1750002
2M05354477-0052501,05354477-0052501,83.936573,-0.880606,-0.24,0.285,0.07,0.19500001,4.13,0.29500008,3614.0,194.0,15.14,3.815,-0.29,0.235,0.2,0.175,4.29,0.13499999,3656.0,97.5,14.58,2.955,0.14,0.11,-0.03,0.02,4.16,0.089999914,3435.0,38.0,10.91,1.5700002
2M05354484-0037331,05354484-0037331,83.93686,-0.625878,-0.0,0.065,0.09,0.055,4.26,0.125,4624.0,145.0,52.26,3.4349995,-0.02,0.05,0.04,0.040000003,4.1,0.13,4436.0,90.5,52.45,3.9050007,-0.05,0.02,0.04,0.02,4.14,0.089999914,4389.0,47.0,48.45,1.0750008
2M05354708+0202188,05354708+0202188,83.946188,2.03858,-0.92,0.099999994,-0.13,0.085,3.39,0.055000067,6184.0,64.0,181.49,7.7899933,-0.85,0.13499999,-0.16,0.175,3.67,0.060000062,6425.0,58.5,122.54,26.585,-1.07,0.04000002,0.08,0.075,3.26,0.029999971,6107.0,27.5,186.58,4.625
2M05354966-0114094,05354966-0114094,83.956939,-1.235972,-0.72,0.055000007,0.07,0.04,3.7,0.054999948,6373.0,52.5,68.05,5.16,-0.7,0.050000012,0.08,0.06,3.6,0.07500005,6293.0,60.5,87.05,4.8849983,-0.69,0.01999998,0.01,0.024999999,3.6,0.045000076,6292.0,34.5,75.55,1.7649994
2M05354979-0057421,05354979-0057421,83.957468,-0.961713,-0.11,0.16,0.18,0.13000001,3.76,0.19000006,3939.5,243.5,20.69,4.915,0.09,0.14,0.03,0.095,4.24,0.14499998,3870.0,149.875,22.6,5.045,0.21,0.095,-0.05,0.025,4.17,0.14499986,3655.0,45.5,15.35,1.6050005
2M05354979-0227036,05354979-0227036,83.957472,-2.45101,-0.37,0.245,0.04,0.11,3.31,0.17999995,3372.0,105.5,22.03,5.4849997,-0.05,0.089999996,0.21,0.049999997,4.23,0.08500004,3505.0,54.0,19.8,2.75,0.12,0.095,0.04,0.05,3.92,0.12500012,3327.0,48.5,15.73,1.8100004
2M05355040-0158426,05355040-0158426,83.960014,-1.978521,-0.2,0.125,-0.07,0.08,3.68,0.11500001,3586.0,99.0,14.49,2.0949998,-0.17,0.04,-0.07,0.035,3.68,0.06999993,3537.0,55.375,11.85,1.935,-0.23,0.08,-0.04,0.035,3.52,0.11500001,3519.0,62.0,11.0,1.5950003
2M05355298-0023461,05355298-0023461,83.970773,-0.396141,-0.4,0.049999997,-0.12,0.05,3.54,0.13499999,3910.5,64.375,129.39,3.5699997,-0.14,0.09,-0.04,0.07,4.37,0.17499995,4093.0,109.0,135.97,9.149998,-0.33,0.03500001,-0.03,0.075,3.8,0.08000004,3970.0,91.0,122.89,5.869999
2M05355511-0042517,05355511-0042517,83.979628,-0.71437,-0.28,0.050000004,-0.2,0.080000006,3.73,0.08499992,6148.0,119.0,154.91,12.5,-0.29,0.04500001,0.05,0.065,3.77,0.059999943,6222.0,74.0,131.73,3.834999,-0.36,0.040000007,-0.01,0.05,3.64,0.044999957,6116.0,47.5,127.58,3.1849976
2M05355593-0119232,05355593-0119232,83.983055,-1.323135,-0.14,0.115,0.1,0.18,4.11,0.20999992,5651.0,159.0,58.65,4.630001,-0.01,0.075,-0.01,0.035,4.01,0.06999993,5818.0,124.0,61.28,2.6149998,-0.14,0.02,-0.08,0.030000001,3.69,0.059999943,5386.0,39.0,57.21,1.0499992
2M05355648-0031031,05355648-0031031,83.985349,-0.517554,-0.52,0.29500002,0.23,0.16,3.25,0.22500002,3224.0,68.0,55.58,18.324999,-0.33,0.095,0.13,0.05,3.7,0.09000003,3197.0,51.0,45.19,4.6099987,-0.57,0.265,0.33,0.17,3.41,0.125,3159.0,52.0,48.69,4.7350006
2M05355864-0053197,05355864-0053197,83.994349,-0.888827,0.06,0.075,0.1,0.044999998,4.07,0.18499994,3623.0,70.5,26.15,2.9750004,0.16,0.17500001,0.13,0.12,4.42,0.29999995,3780.0,109.5,30.08,4.910001,0.01,0.08,0.1,0.045,3.76,0.08499992,3478.0,75.5,26.49,1.915
2M05360326-0108362,05360326-0108362,84.013585,-1.143399,-0.44,0.19,0.27,0.18499999,4.0,0.20000005,3606.5,117.375,12.62,2.3849998,-0.1,0.075,0.11,0.050000004,4.33,0.07999992,3568.0,49.5,12.17,2.045,-0.06,0.155,-0.05,0.075,4.0,0.15999997,3481.0,80.0,11.11,1.6500001
2M05360406-0201296,05360406-0201296,84.016933,-2.024904,-0.2,0.08499999,-0.1,0.055,3.73,0.15999997,3788.0,109.5,15.96,1.9150004,-0.24,0.080000006,0.04,0.055,3.91,0.100000024,3969.0,97.0,16.5,2.5750003,-0.1,0.034999996,-0.06,0.030000001,3.98,0.08499992,3827.0,68.0,14.99,1.4450006
2M05360431-0111121,05360431-0111121,84.017986,-1.186695,-0.32,0.15,0.2,0.19999999,3.96,0.25,4113.0,144.5,24.51,7.04,-0.15,0.040000003,-0.07,0.030000001,4.22,0.035000086,3879.0,52.5,15.84,2.9950004,-0.31,0.065000005,-0.03,0.060000002,3.85,0.13500011,3858.0,81.0,19.39,3.4750004
2M05360587-0019415,05360587-0019415,84.024481,-0.328214,-1.62,0.120000005,-0.06,0.11,3.1,0.03000009,5946.0,36.0,171.4,5.6600037,-1.36,0.26999998,-0.04,0.16,3.33,0.05000007,6092.0,51.5,125.88,19.895004,-1.65,0.20999998,0.0,0.205,3.09,0.03000009,5936.0,31.0,164.24,13.560005
2M05360778+0152397,05360778+0152397,84.032421,1.877695,-0.1,0.049999997,0.01,0.055,4.13,0.11499977,4644.0,129.0,22.29,1.7650003,-0.08,0.049999997,0.06,0.040000003,4.38,0.089999914,4495.0,76.5,20.39,1.5699997,-0.05,0.015,-0.05,0.024999999,4.51,0.11500001,4554.0,66.0,19.92,0.94000053
2M05361032-0121302,05361032-0121302,84.043041,-1.358404,-0.07,0.19500001,0.02,0.114999995,4.21,0.21000004,3829.0,220.375,18.58,5.06,-0.05,0.07,0.02,0.05,4.34,0.07499981,3817.0,58.0,16.01,2.4700003,0.06,0.09,-0.07,0.065,4.03,0.125,3579.0,74.5,15.3,1.4800005
2M05361059-0215223,05361059-0215223,84.044128,-2.256204,-0.55,0.17000002,0.03,0.105000004,3.53,0.21000004,3405.0,100.5,33.57,6.75,-0.51,0.24499999,0.03,0.114999995,3.84,0.21500003,3510.0,96.0,34.33,6.135,-0.11,0.099999994,0.08,0.065,4.04,0.12499988,3352.0,54.0,28.35,2.12
2M05361293-0202019,05361293-0202019,84.053907,-2.033875,-0.13,0.09,-0.02,0.055,4.02,0.1500001,3782.0,110.5,47.19,5.09,-0.25,0.114999995,0.12,0.06,3.95,0.100000024,3846.0,79.0,44.93,3.6049995,0.0,0.04,-0.09,0.055,3.76,0.06999993,3538.0,50.0,43.54,2.119999
2M05361408-0215318,05361408-0215318,84.058669,-2.258834,-1.94,0.07999998,0.18,0.060000002,2.98,0.049999952,5773.0,33.0,141.8,10.309998,-1.73,0.014999986,-0.02,0.01,3.21,0.03999996,5921.0,34.0,189.22,3.8550034,-1.84,0.08000004,0.14,0.08499999,2.97,0.034999967,5779.0,23.5,185.45,4.7850037
2M05361876-0018132,05361876-0018132,84.07817,-0.30369,-1.22,0.125,-0.01,0.19,3.12,0.16999996,5740.0,114.0,155.62,18.849998,-1.16,0.08499998,0.06,0.145,3.32,0.15499997,5862.0,127.75,177.4,13.745003,-1.31,0.025000036,0.19,0.029999994,2.89,0.044999957,5578.0,32.5,193.74,4.0300064
2M05361923-0123588,05361923-0123588,84.080141,-1.399674,-0.3,0.08,0.27,0.13,4.35,0.09500003,4115.0,85.0,25.72,4.24,-0.16,0.105000004,-0.03,0.095,4.3,0.125,4111.0,148.0,35.3,7.7299995,0.03,0.09,-0.06,0.030000001,4.64,0.14999986,3932.0,59.0,24.35,2.1149998
2M05361979-0030443,05361979-0030443,84.082466,-0.512319,-0.18,0.055000003,0.06,0.05,3.6,0.125,4224.0,66.5,19.41,2.0600004,-0.16,0.04,0.11,0.04,3.86,0.09500015,4291.0,59.5,20.16,1.4099998,-0.13,0.030000001,-0.04,0.02,4.04,0.06500006,4155.0,43.5,19.29,0.65999985
2M05362077-0057557,05362077-0057557,84.086561,-0.965496,-0.43,0.11,0.09,0.185,3.66,0.2249999,3944.0,141.375,171.15,19.030006,-0.4,0.024999991,-0.04,0.04,3.65,0.054999948,3865.0,28.5,170.4,1.4550018,-0.39,0.034999996,-0.04,0.065,3.67,0.054999948,3901.0,36.5,172.06,2.8450012
2M05362636-0026472,05362636-0026472,84.109867,-0.446455,-0.44,0.045,-0.2,0.030000001,3.62,0.120000005,5820.0,159.5,52.8,10.605,-0.38,0.060000002,-0.04,0.145,3.97,0.17999995,6110.0,134.0,48.92,5.33,-0.55,0.0150000155,-0.37,0.024999991,3.56,0.055000067,5903.0,28.5,15.7,3.4800005
2M05362908-0235482,05362908-0235482,84.121207,-2.596744,0.04,0.055,-0.12,0.049999997,3.72,0.054999948,3524.0,75.5,20.26,1.79,-0.03,0.025,-0.08,0.025000002,3.91,0.09000003,3635.0,76.25,19.92,2.4250002,0.04,0.07,0.01,0.06,4.08,0.15499997,3629.0,76.5,19.46,1.5199995
2M05362974-0036250,05362974-0036250,84.123932,-0.606946,-0.42,0.054999992,0.0,0.1,3.54,0.07999992,6206.0,77.0,169.21,14.360001,-0.41,0.024999991,0.19,0.024999999,3.63,0.05000007,6258.0,45.5,170.31,4.294998,-0.41,0.019999996,0.01,0.02,3.4,0.03999996,6090.0,33.5,124.8,5.204998
2M05363055+0055554,05363055+0055554,84.127296,0.932068,-0.15,0.14999999,0.03,0.13499999,3.62,0.15499997,3443.0,91.5,60.5,6.7350006,-0.09,0.11,0.2,0.06,4.13,0.109999895,3503.0,88.0,63.58,5.1949997,0.0,0.065,0.06,0.035,3.66,0.08000004,3318.0,43.5,57.5,2.7000008
2M05363059-0159016,05363059-0159016,84.127473,-1.983802,-1.46,0.110000014,0.56,0.255,3.0,0.06999993,5502.0,52.0,193.45,12.535004,-1.23,0.07499999,-0.03,0.085,2.94,0.06999993,5483.0,56.0,162.17,9.169998,-1.17,0.10500002,-0.03,0.11,2.89,0.05000007,5421.0,36.5,170.19,9.510002
2M05363302-0123334,05363302-0123334,84.137589,-1.392629,-0.09,0.04,-0.03,0.035,4.0,0.09000003,4422.0,67.5,20.75,1.5100002,-0.05,0.03,-0.04,0.030000001,4.04,0.055000067,4375.0,55.5,19.98,1.0050001,-0.05,0.015,-0.01,0.01,4.0,0.025000095,4353.0,36.5,19.34,0.65999985
2M05363398-0020051,05363398-0020051,84.141586,-0.334777,-0.59,0.030000001,0.06,0.03,3.71,0.049999952,6142.0,50.0,72.75,2.324997,-0.56,0.045000017,0.21,0.044999994,3.84,0.07000005,6262.0,64.25,68.95,3.4799995,-0.62,0.030000001,0.08,0.020000001,3.6,0.05000007,6075.0,37.5,71.37,1.2999992
2M05363813-0050370,05363813-0050370,84.158916,-0.843632,-0.25,0.065,0.12,0.05,3.58,0.07000005,5526.0,90.0,70.34,2.3650017,-0.27,0.06000001,-0.06,0.065,3.48,0.07999992,5459.0,105.0,76.97,5.7700005,-0.16,0.10000001,-0.12,0.07,3.64,0.14999998,5551.0,153.5,67.0,1.6199989
2M05363878-0254196,05363878-0254196,84.161618,-2.905451,-0.3,0.16,0.25,0.27,4.18,0.19500005,3803.0,153.0,19.72,3.2000008,-0.27,0.17999999,0.32,0.2,4.5,0.18499994,3867.0,135.0,20.71,3.495,0.06,0.03,-0.04,0.024999999,3.99,0.08000004,3519.0,55.5,16.54,1.8249998
2M05364439-0018072,05364439-0018072,84.184975,-0.302005,-0.48,0.109999985,0.01,0.155,3.7,0.120000005,6421.5,130.5,146.74,11.445,-0.46,0.08000001,0.16,0.095,3.79,0.07499993,6518.0,99.5,137.24,10.284996,-0.41,0.019999996,0.0,0.01,3.65,0.024999976,6377.0,24.0,156.73,2.074997
2M05364520-0022003,05364520-0022003,84.188351,-0.366768,-0.08,0.049999997,0.19,0.08499999,4.36,0.089999914,4665.0,95.0,20.16,1.3249998,-0.02,0.095,-0.04,0.08,4.6,0.19000006,4700.0,189.0,20.4,2.13,-0.11,0.024999999,0.02,0.015,4.24,0.045000076,4460.0,50.0,19.34,0.6700001
2M05365019-0247099,05365019-0247099,84.209155,-2.786106,-0.16,0.21,0.11,0.13499999,4.2,0.21999991,3793.0,158.0,18.11,4.57,-0.02,0.115,0.09,0.07,4.45,0.125,3768.0,74.0,18.3,3.435,-0.07,0.05,0.07,0.05,4.02,0.100000024,3576.0,56.5,15.27,1.3249998
2M05365026+0045210,05365026+0045210,84.209424,0.755855,0.11,0.035,-0.07,0.075,4.65,0.15499997,4653.0,107.25,16.61,1.7799997,0.07,0.020000001,0.06,0.030000001,4.49,0.07999992,4798.0,90.0,16.87,1.3199997,0.08,0.034999996,0.03,0.035,4.43,0.18499994,4672.0,138.5,16.15,1.0499997
2M05365159-0126238,05365159-0126238,84.214975,-1.439953,-0.28,0.08,-0.02,0.049999997,3.88,0.06500006,3832.0,66.0,15.13,2.3950005,-0.18,0.07,0.12,0.055,4.15,0.07499981,3870.0,81.0,16.56,2.1299996,0.02,0.075,0.07,0.055,4.15,0.119999886,3642.0,48.0,14.92,1.0999999
2M05365170-0210104,05365170-0210104,84.215437,-2.169569,-0.86,0.14499998,0.31,0.089999996,3.81,0.17000008,3453.0,55.5,132.03,25.015003,-1.0,0.07499999,0.18,0.020000003,3.7,0.07999992,3448.0,66.5,167.06,2.5699997,-0.61,0.050000012,0.23,0.024999999,4.0,0.025000095,3404.0,31.0,161.63,4.7649994
2M05365500-0135508,05365500-0135508,84.229178,-1.597466,0.1,0.095,0.04,0.09,4.45,0.13499999,4112.0,143.5,19.76,4.26,-0.05,0.03,-0.09,0.025000002,4.11,0.059999943,3898.0,90.0,19.03,1.6900005,0.05,0.07,-0.05,0.055,4.36,0.10500002,3961.0,86.5,18.73,2.0600004
2M05365630-0141588,05365630-0141588,84.234607,-1.699693,-0.14,0.030000001,0.0,0.03,4.11,0.03999996,4284.0,57.0,15.31,1.9749999,-0.13,0.029999997,0.02,0.02,4.19,0.06499982,4368.0,40.5,15.46,1.1999998,-0.17,0.015000001,-0.01,0.01,3.76,0.029999971,4224.0,37.0,15.24,1.0750003
2M05365737-0042069,05365737-0042069,84.239044,-0.701929,-1.09,0.045000017,-0.41,0.019999996,2.9,0.049999952,5787.0,38.0,198.96,3.6700058,-1.2,0.06999999,-0.01,0.07,3.33,0.07000005,6119.0,57.5,195.85,5.220001,-1.16,0.06999999,-0.32,0.075,3.17,0.120000005,5984.0,96.0,198.01,3.8549957
2M05370126-0157539,05370126-0157539,84.255282,-1.964982,-0.16,0.055000003,0.12,0.055000003,3.6,0.07500005,4183.0,63.5,61.48,3.8700008,-0.17,0.044999998,-0.01,0.04,3.56,0.06500006,4147.0,55.0,58.42,2.665001,-0.23,0.044999994,0.01,0.060000002,3.47,0.125,4103.0,51.5,56.72,2.3500004
2M05370214-0028354,05370214-0028354,84.258956,-0.476526,0.06,0.025000002,0.06,0.030000001,4.06,0.07999992,4272.0,66.5,23.09,1.6750002,-0.0,0.044999998,-0.04,0.03,4.11,0.06999993,4267.0,80.5,22.34,2.29,0.07,0.020000001,-0.01,0.03,4.3,0.09000015,4249.0,47.5,21.66,1.46
2M05370245-0120197,05370245-0120197,84.260236,-1.338822,-0.14,0.17,0.07,0.17999999,3.92,0.27499986,3979.0,184.0,32.32,6.9399996,0.28,0.13499999,-0.1,0.044999998,4.39,0.09500003,3740.0,109.0,25.56,3.295,0.09,0.035,-0.07,0.015000001,4.11,0.034999847,3708.0,41.0,24.64,1.6599998
2M05370273-0105074,05370273-0105074,84.261381,-1.085414,-0.01,0.06,-0.09,0.080000006,4.28,0.19499993,4579.0,97.5,36.44,2.3400002,-0.07,0.02,0.02,0.01,3.85,0.045000076,4449.0,63.5,35.9,1.1550007,-0.07,0.04,0.01,0.015,3.84,0.110000014,4463.0,57.5,36.2,1.1299992
2M05370540-0109289,05370540-0109289,84.27253,-1.15803,-0.05,0.15,-0.06,0.125,4.25,0.26499987,5402.0,285.5,59.77,3.0249996,0.02,0.045,-0.06,0.030000001,4.09,0.06999993,5433.0,90.5,58.72,1.5599995,-0.12,0.014999997,0.01,0.01,3.87,0.045000076,5112.0,32.5,58.01,0.75499916
2M05370881-0035545,05370881-0035545,84.286739,-0.598475,-0.25,0.099999994,0.08,0.105000004,4.18,0.29500008,4098.0,128.0,94.81,10.810001,-0.24,0.055000007,0.05,0.055,4.08,0.10500002,4103.0,93.5,104.03,6.119999,-0.29,0.030000001,0.0,0.044999998,4.01,0.09499991,3950.0,55.5,85.2,2.449997
2M05371119-0109000,05371119-0109000,84.296658,-1.150019,-0.07,0.05,0.05,0.030000001,4.23,0.055000067,4978.0,93.5,21.76,1.2049999,-0.05,0.030000001,0.06,0.02,4.16,0.03999996,5129.0,60.0,22.41,1.1199999,0.03,0.05,0.0,0.04,4.22,0.055000067,5193.0,85.0,21.66,0.8699999
2M05371161-0232087,05371161-0232087,84.298393,-2.535776,-0.17,0.075,0.31,0.23500001,3.86,0.14999998,4424.0,100.0,185.14,7.1449966,-0.23,0.030000001,0.44,0.044999987,3.79,0.03999996,4389.0,27.0,190.37,2.3300018,-0.12,0.014999997,0.01,0.015,3.95,0.049999952,4266.0,37.5,193.14,2.7949982
2M05371233-0022572,05371233-0022572,84.301378,-0.382561,-0.48,0.08,-0.39,0.034999996,3.67,0.06499994,6256.0,84.0,185.42,4.199997,-0.47,0.059999987,-0.28,0.04500001,3.69,0.054999948,6315.0,59.5,185.27,4.6849976,-0.43,0.030000001,-0.07,0.114999995,3.61,0.045000076,6219.0,44.0,196.52,6.199997
2M05371452-0140037,05371452-0140037,84.310538,-1.667715,-0.93,0.060000002,0.03,0.155,3.69,0.110000014,6091.0,98.0,35.36,9.360001,-0.95,0.055000007,-0.16,0.08,3.53,0.09000003,5974.0,74.5,46.53,4.1450005,-0.85,0.030000001,0.21,0.035000004,3.5,0.01999998,5896.0,25.5,160.85,3.415001
2M05371537-0230534,05371537-0230534,84.314044,-2.514842,-0.23,0.054999992,0.1,0.024999999,3.8,0.08500004,4914.0,103.5,35.59,1.6099987,-0.1,0.055000003,0.04,0.065,4.4,0.13999987,5149.0,117.0,35.44,1.2800007,-0.2,0.04,0.09,0.025,3.81,0.09500003,4997.0,55.5,35.26,0.8850002
2M05371545-0107476,05371545-0107476,84.31439,-1.129913,-0.11,0.105,-0.07,0.095,3.64,0.19000006,3626.0,157.375,18.44,2.8649998,-0.03,0.05,0.11,0.05,4.44,0.089999914,3844.0,57.0,15.54,2.19,-0.21,0.11,0.02,0.07,3.75,0.13,3717.0,99.5,15.47,1.935
2M05371978-0108463,05371978-0108463,84.332439,-1.146202,-0.13,0.19,-0.04,0.075,3.41,0.21999991,3415.0,107.875,22.95,7.5150013,-0.03,0.065,0.07,0.045,4.08,0.11500001,3506.0,49.0,16.55,3.04,0.11,0.13,-0.04,0.02,3.7,0.09000003,3331.0,48.0,15.05,1.6700001
2M05372246-0056136,05372246-0056136,84.343618,-0.93713,-0.01,0.17,-0.03,0.085,4.04,0.23500013,3565.0,115.5,17.56,4.145,-0.11,0.09,0.17,0.075,4.1,0.0849998,3558.5,60.375,15.84,2.6450005,0.08,0.025000002,-0.03,0.015,3.75,0.07000005,3393.0,38.0,14.65,1.2850003
2M05372393-0127238,05372393-0127238,84.349733,-1.456624,-0.59,0.20999998,-0.01,0.065,3.4,0.245,3406.0,67.5,128.59,12.659996,-0.13,0.13,0.05,0.060000002,4.24,0.25,3511.0,50.0,128.71,4.249996,-0.32,0.120000005,-0.02,0.075,3.74,0.18500006,3425.0,60.375,128.99,19.760002
2M05372618-0053510,05372618-0053510,84.359093,-0.897516,-0.51,0.065,-0.03,0.07,3.61,0.09500003,3885.0,131.5,167.32,11.175003,-0.26,0.085,-0.08,0.035,4.05,0.09499991,3779.0,81.0,123.85,6.470001,-0.4,0.060000002,-0.09,0.099999994,3.72,0.08499992,3735.0,82.0,143.65,5.6800003
2M05372626-0037307,05372626-0037307,84.359449,-0.625222,-0.2,0.185,0.2,0.175,4.23,0.17499995,3877.0,211.5,20.56,3.0549994,-0.13,0.11,0.2,0.115,4.3,0.09500003,3792.0,72.0,22.15,3.0249996,-0.02,0.035,-0.04,0.02,3.79,0.054999948,3525.0,30.5,19.39,1.1750002
2M05372980-0024143,05372980-0024143,84.374191,-0.403983,-0.25,0.11,0.13,0.14999999,3.44,0.245,3534.0,126.0,48.55,5.9300003,-0.02,0.09,0.09,0.065000005,3.79,0.109999895,3504.0,77.0,48.38,3.9649982,0.07,0.13,-0.01,0.04,3.6,0.13999999,3394.0,57.0,44.87,2.5
2M05373187-0245184,05373187-0245184,84.382794,-2.755119,-1.13,0.19000003,0.17,0.25,3.27,0.054999948,6319.0,40.0,178.5,5.939995,-0.94,0.03999999,-0.07,0.020000001,3.25,0.034999967,6257.0,41.5,160.28,2.2600021,-0.7,0.089999974,-0.1,0.120000005,3.25,0.029999971,6254.0,38.5,196.55,6.4349976
2M05373373-0100041,05373373-0100041,84.390573,-1.001151,0.15,0.065000005,-0.06,0.044999998,4.72,0.26999998,4300.0,91.0,18.16,2.5100002,0.15,0.040000003,-0.01,0.035,4.73,0.11000013,4484.0,85.0,20.16,2.0699997,0.02,0.055,-0.01,0.03,4.17,0.11000013,4347.0,58.0,20.06,1.0199995
2M05373666-0234003,05373666-0234003,84.402778,-2.566751,-0.16,0.175,0.12,0.085,3.89,0.125,3474.0,107.5,44.6,8.67,-0.07,0.245,0.2,0.16999999,4.06,0.22500002,3517.0,140.5,58.21,18.38,-0.02,0.125,0.16,0.085,3.92,0.15499997,3402.0,62.0,44.37,3.3450012
2M05373674-0150536,05373674-0150536,84.403112,-1.848243,-0.01,0.155,0.07,0.14,4.19,0.27999985,3947.0,157.5,22.23,6.0199995,-0.13,0.08,0.15,0.06,4.12,0.089999914,4100.0,101.75,20.58,2.1550007,-0.03,0.055,-0.07,0.030000001,4.0,0.1049999,3823.0,58.5,19.27,1.4049997
2M05373784-0245442,05373784-0245442,84.407695,-2.762293,0.16,0.13499999,-0.09,0.05,4.01,0.09500003,3559.0,89.0,12.12,2.1749997,0.13,0.045,-0.07,0.035,4.11,0.03999996,3573.0,51.0,10.71,2.0949998,-0.08,0.19,-0.03,0.085,3.86,0.19499993,3626.0,140.5,11.95,2.2000003
2M05373974-0038258,05373974-0038258,84.41559,-0.640522,-0.21,0.045,-0.05,0.035,4.04,0.059999943,5974.0,87.5,80.02,2.550003,-0.06,0.114999995,-0.13,0.089999996,4.45,0.16499996,6316.0,227.0,85.9,6.279999,-0.07,0.09,-0.13,0.054999996,4.4,0.16999984,6288.0,210.0,79.71,2.1349983
2M05373989+0056542,05373989+0056542,84.416211,0.948406,0.01,0.044999998,-0.03,0.06,4.13,0.11500001,4902.0,143.0,20.89,1.5050001,0.02,0.075,0.16,0.12,4.41,0.19000006,4788.0,188.0,20.6,1.8850002,-0.08,0.040000003,0.08,0.020000001,3.83,0.13,4620.0,53.0,20.23,0.8699999
2M05374009-0038582,05374009-0038582,84.417065,-0.649502,0.03,0.04,0.07,0.04,4.33,0.06500006,4278.0,55.0,15.21,1.2950001,0.08,0.065,0.09,0.09,4.29,0.15499997,4333.0,143.25,17.43,3.3849998,0.05,0.015,-0.03,0.02,4.16,0.035000086,4112.0,42.75,14.75,0.74500036
2M05374033-0016459,05374033-0016459,84.41808,-0.279425,-0.48,0.075,-0.4,0.11999999,3.83,0.08500004,5242.0,99.25,132.51,6.0550003,-0.69,0.07000002,-0.14,0.035,3.8,0.08500004,4946.0,131.75,128.23,6.7750015,-0.68,0.025000006,-0.11,0.009999998,3.69,0.054999948,4949.0,51.0,138.31,1.8150024
2M05374047-0226367,05374047-0226367,84.418665,-2.443533,-0.97,0.119999975,-0.15,0.16,3.19,0.100000024,5958.0,82.75,171.49,11.315002,-0.87,0.13,-0.49,0.14,3.41,0.10500002,6142.0,90.5,131.29,32.825,-0.88,0.044999987,-0.48,0.08,3.08,0.07000005,5903.0,44.0,195.86,11.840004
2M05374477-0212534,05374477-0212534,84.436566,-2.214843,-0.31,0.3,0.22,0.215,3.96,0.16499996,3583.0,110.375,29.54,4.120001,-0.22,0.22999999,0.25,0.22,4.29,0.17999983,3692.0,161.5,33.21,7.989999,0.04,0.075,-0.06,0.075,3.86,0.14499998,3454.0,54.5,28.7,1.9399996
2M05374491-0229573,05374491-0229573,84.437145,-2.499252,-0.36,0.054999992,0.34,0.089999996,3.72,0.054999948,5815.0,91.5,16.51,2.4849997,-0.21,0.074999996,-0.26,0.255,3.77,0.11500001,5861.0,124.5,20.01,2.2600002,-0.25,0.040000007,-0.08,0.055,3.5,0.08499992,5613.0,63.0,19.45,0.85499954
2M05374589-0046417,05374589-0046417,84.44123,-0.778266,-2.12,0.120000064,0.21,0.155,3.06,0.07999992,5674.0,56.0,185.16,4.959999,-1.58,0.19,-0.53,0.195,3.25,0.07499993,5763.0,64.0,167.99,10.794998,-1.64,0.07499999,-0.02,0.045,3.05,0.06499994,5628.0,48.5,192.62,4.4900055
2M05374667-0254075,05374667-0254075,84.444462,-2.902099,-0.12,0.14500001,-0.12,0.095,4.1,0.22500002,6055.0,211.0,12.85,1.7449999,-0.28,0.04,0.06,0.044999998,4.1,0.059999943,5831.0,63.5,12.32,1.1799998,-0.21,0.050000004,0.04,0.049999997,4.29,0.07000017,5858.0,82.0,11.47,0.895
2M05374693-0034170,05374693-0034170,84.44558,-0.571416,0.01,0.03,-0.19,0.034999996,3.68,0.060000062,5885.0,50.0,154.99,3.1050034,-0.12,0.025000002,0.06,0.040000003,3.7,0.049999952,5954.0,50.25,136.14,6.6800003,-0.08,0.02,-0.09,0.02,3.56,0.045000076,5826.0,40.5,151.33,1.5499954
2M05374775+0009543,05374775+0009543,84.448959,0.165096,-0.37,0.024999991,-0.26,0.04,3.73,0.06499994,5695.0,51.0,64.32,4.0200005,-0.23,0.050000004,-0.02,0.060000002,4.12,0.08500004,6063.0,84.0,70.77,3.4349976,-0.27,0.06000001,-0.08,0.074999996,3.93,0.13000011,5959.0,116.0,66.16,2.9349995
2M05375161-0235257,05375161-0235257,84.465058,-2.590475,-0.22,0.15,0.19,0.19,3.71,0.255,3848.0,171.5,44.59,5.58,0.11,0.080000006,-0.08,0.04,3.98,0.099999905,3571.0,78.5,44.28,4.720001,0.01,0.04,-0.05,0.015,3.68,0.044999957,3446.0,57.5,38.23,1.25
2M05375220-0233379,05375220-0233379,84.467531,-2.560545,-0.27,0.28,0.05,0.13,3.8,0.28499997,3598.0,112.375,21.73,4.005,-0.02,0.29,0.16,0.185,4.26,0.23500013,3692.0,209.0,22.95,8.960001,0.13,0.125,0.13,0.095,4.3,0.21000004,3552.0,84.5,17.75,2.0100002
2M05375303-0233344,05375303-0233344,84.470982,-2.559558,0.13,0.16499999,-0.06,0.09,4.19,0.23000014,5141.0,358.5,46.15,1.9400005,-0.11,0.024999999,0.05,0.024999999,3.9,0.045000076,4601.0,47.5,44.55,1.2000008,-0.08,0.010000002,0.07,0.01,3.79,0.01999998,4577.0,22.0,43.66,0.69000053
2M05375308+0113131,05375308+0113131,84.47119,1.220319,-0.14,0.075,0.01,0.07,4.1,0.15500009,4597.0,208.5,43.47,3.0200005,-0.08,0.035,0.09,0.03,4.41,0.06499982,4724.0,75.5,44.31,1.4699993,-0.11,0.009999998,0.04,0.01,4.08,0.024999857,4626.0,39.5,42.99,0.6700001
2M05375404-0244407,05375404-0244407,84.475197,-2.744647,-0.06,0.29000002,0.21,0.175,4.0,0.23999989,3540.0,144.5,28.31,8.735,0.0,0.085,0.27,0.08,4.37,0.10500002,3516.0,55.0,15.04,1.8200002,0.01,0.049999997,0.05,0.03,3.82,0.07000005,3396.0,38.0,12.2,1.79
2M05375440-0239298,05375440-0239298,84.476687,-2.658291,-0.18,0.065,-0.1,0.07,3.7,0.07499993,4647.0,141.75,29.04,3.7799988,-0.22,0.024999999,0.06,0.02,3.4,0.060000062,4618.0,58.5,29.9,1.5900002,-0.19,0.015000001,0.03,0.015,3.49,0.044999957,4462.0,54.0,29.2,0.8199997
2M05375502+0012280,05375502+0012280,84.479262,0.207789,-0.16,0.095,0.16,0.12,4.58,0.17999983,4361.0,136.5,17.67,5.1850004,-0.16,0.11,0.28,0.2,4.41,0.16999984,4369.0,140.25,18.79,3.505,-0.08,0.045,-0.02,0.035,4.57,0.06500006,4164.0,40.5,14.31,0.94000006
2M05375593-0255180,05375593-0255180,84.483082,-2.921688,-0.18,0.21,0.1,0.14,4.13,0.19499993,3613.0,171.0,36.6,8.22,-0.05,0.055,0.04,0.055,4.19,0.07000017,3568.0,65.375,33.54,2.8549995,-0.09,0.02,-0.01,0.015,3.84,0.07000005,3471.0,39.0,30.12,1.4299994
2M05375624+0059148,05375624+0059148,84.484365,0.987461,-2.02,0.23000002,0.56,0.265,2.95,0.06499994,5552.0,44.0,188.21,8.529999,-1.58,0.14499998,-0.12,0.16999999,3.07,0.15499997,5615.0,88.5,190.55,10.024994,-1.68,0.065,0.18,0.085,2.87,0.035000086,5502.0,29.0,184.02,5.705002
2M05375731-0011214,05375731-0011214,84.488809,-0.189283,-1.31,0.065,-0.13,0.085,2.98,0.03999996,5925.0,39.5,166.13,5.1299973,-1.12,0.034999967,-0.2,0.024999999,3.1,0.04000008,5996.0,36.0,188.24,6.114998,-1.4,0.045000017,0.43,0.060000002,2.96,0.029999971,5908.0,27.0,194.5,7.2450027
2M05375763-0117075,05375763-0117075,84.490135,-1.285425,0.06,0.11,-0.06,0.060000002,3.92,0.11500001,3420.0,92.0,33.42,5.4749994,0.18,0.049999997,-0.08,0.025000002,4.12,0.03999996,3391.0,64.5,26.07,2.7850008,0.03,0.035,-0.04,0.02,3.93,0.03999996,3425.0,39.0,25.7,1.9750004
2M05375981-0006204,05375981-0006204,84.499219,-0.105677,0.04,0.105000004,0.17,0.14500001,3.97,0.19999993,4483.0,184.25,21.9,2.8200006,-0.03,0.015,0.03,0.015000001,3.95,0.04000008,4313.0,39.5,20.6,0.8800001,0.04,0.030000001,0.03,0.03,4.14,0.07500005,4335.0,49.5,20.37,0.89500046
2M05375986-0150127,05375986-0150127,84.499417,-1.836871,0.01,0.055,-0.1,0.04,3.91,0.044999957,3674.0,105.0,15.22,2.0300002,-0.17,0.065,0.17,0.074999996,4.31,0.07000017,4140.0,104.875,16.82,2.0249996,-0.09,0.02,-0.06,0.02,3.98,0.049999952,3786.0,49.0,14.8,1.3299999
2M05380055-0245097,05380055-0245097,84.502333,-2.752705,-0.21,0.105000004,-0.05,0.025,3.7,0.100000024,3282.0,52.5,43.29,4.3600006,-0.32,0.18,-0.04,0.055,3.57,0.13499999,3324.0,92.0,62.88,11.8899975,0.09,0.17500001,-0.06,0.015000001,3.78,0.14999998,3145.0,67.0,49.2,5.005001
2M05380167-0225527,05380167-0225527,84.50697,-2.431319,-0.12,0.2,0.07,0.135,3.88,0.31999993,3494.5,115.0,78.58,15.15,-0.18,0.21000001,0.16,0.095,4.07,0.15499985,3534.0,109.0,88.28,13.674999,-0.04,0.14,0.06,0.085,3.9,0.17000008,3426.0,84.875,64.23,6.495001
2M05380261-0204445,05380261-0204445,84.51088,-2.079039,-0.11,0.13499999,0.25,0.14500001,4.04,0.27499998,4080.0,146.0,22.36,4.785,0.04,0.075,-0.02,0.044999998,4.21,0.08500004,3885.0,51.0,19.34,1.9949999,-0.13,0.035,-0.04,0.025,3.73,0.054999948,3786.0,52.375,18.97,1.8550005
2M05380701+0006016,05380701+0006016,84.529232,0.100459,0.06,0.1,-0.06,0.08,3.88,0.10500002,3606.0,88.0,19.01,2.9500008,0.02,0.08499999,-0.01,0.045,4.03,0.08500004,3749.0,62.5,17.41,2.7649999,0.02,0.024999999,-0.06,0.025,3.74,0.09000003,3526.0,38.0,14.81,1.4000001
2M05380784-0231314,05380784-0231314,84.532698,-2.525389,-0.1,0.045,-0.0,0.04,3.88,0.13999999,4266.0,62.375,27.93,2.0949993,-0.04,0.07,0.03,0.055,4.05,0.13,4360.0,65.5,27.63,2.3249998,-0.12,0.024999999,0.01,0.035,3.79,0.07499993,4208.0,53.5,24.87,1.0349998
2M05380815-0128040,05380815-0128040,84.533995,-1.467803,-0.34,0.065,0.18,0.14,3.62,0.13999999,4415.0,75.5,19.76,2.0349998,-0.26,0.04500001,0.12,0.040000003,3.88,0.08500004,4412.0,71.0,20.53,1.9549999,-0.29,0.02000001,0.0,0.015,3.81,0.07000005,4293.0,60.5,16.55,1.6599998
2M05381104-0256018,05381104-0256018,84.546011,-2.933843,-0.08,0.09,-0.04,0.08,3.62,0.125,3634.0,105.0,53.95,4.4649982,-0.01,0.065,-0.03,0.035,3.89,0.09500003,3733.0,68.5,50.74,3.5500011,-0.14,0.020000003,-0.01,0.024999999,3.6,0.03000009,3668.0,26.5,47.25,1.2300014
2M05381373-0110089,05381373-0110089,84.557242,-1.169147,-1.29,0.13499999,-0.09,0.25,3.18,0.21500003,5618.0,134.5,182.15,17.489998,-1.24,0.060000002,0.2,0.049999997,3.29,0.06499994,5653.0,41.0,196.74,3.5650024,-1.4,0.044999957,0.08,0.07,2.89,0.13,5433.0,72.0,198.55,4.6049957
2M05381453-0210152,05381453-0210152,84.560575,-2.170903,-0.35,0.29,-0.01,0.099999994,3.82,0.21000016,3503.0,114.0,18.06,5.04,-0.14,0.18,-0.04,0.07,3.96,0.18000007,3473.0,96.5,17.63,4.235,-0.13,0.055,-0.08,0.025000002,3.54,0.14999998,3303.0,46.0,14.92,1.19
2M05381487-0200570,05381487-0200570,84.561982,-2.015859,-0.1,0.22999999,0.14,0.22,3.98,0.25000012,3730.0,213.375,20.01,4.0549994,0.26,0.08,-0.08,0.040000003,4.05,0.06999993,3460.0,91.375,16.51,2.4650002,0.01,0.02,-0.06,0.02,3.82,0.045000076,3526.0,33.0,16.93,1.7300005
2M05381824-0248143,05381824-0248143,84.576021,-2.803975,0.16,0.16,-0.07,0.065,4.04,0.10000014,3455.0,54.5,19.06,1.79,-0.05,0.08,0.15,0.055000003,4.29,0.09500003,3605.0,47.5,20.09,2.2300005,-0.07,0.07,0.01,0.035,3.77,0.06499994,3445.0,49.0,17.05,1.6949997
2M05382021-0238016,05382021-0238016,84.584226,-2.633789,-0.69,0.32,0.23,0.19,3.58,0.23999989,3338.0,95.0,63.22,13.335001,-0.46,0.13000001,-0.04,0.055,3.17,0.08499992,3220.0,84.0,60.86,4.9800014,-0.77,0.19999999,0.28,0.185,3.53,0.21000004,3306.0,70.5,60.88,4.0999985
2M05382060-0113189,05382060-0113189,84.585852,-1.221918,-0.15,0.15,0.05,0.135,4.01,0.20999992,3995.0,230.0,29.88,6.914999,-0.17,0.14999999,0.15,0.19,4.29,0.20499992,4041.0,172.5,28.3,6.245,-0.08,0.08,-0.04,0.04,4.04,0.109999895,3728.0,90.5,23.59,2.3400002
2M05382148-0008438,05382148-0008438,84.589519,-0.145515,0.05,0.044999998,0.05,0.05,4.33,0.14499998,4534.0,93.0,26.92,1.8500004,0.01,0.035,0.02,0.02,4.29,0.06500006,4426.0,50.5,25.77,1.1400003,-0.01,0.02,0.01,0.01,3.88,0.035000086,4334.0,35.0,24.9,0.7699995
2M05382366-0101356,05382366-0101356,84.598613,-1.026561,-0.17,0.11,0.16,0.19500001,3.9,0.22000003,3947.0,244.75,35.47,5.8900003,-0.07,0.065,0.19,0.075,4.52,0.13000011,3987.0,127.5,31.9,3.9099998,0.02,0.04,-0.07,0.024999999,3.9,0.09000015,3646.0,51.0,30.43,1.7849998
2M05382774-0243009,05382774-0243009,84.615597,-2.716937,-0.23,0.2,0.03,0.17999999,3.73,0.22000003,3502.5,132.0,35.55,8.205,0.01,0.12,-0.04,0.055,3.85,0.09500003,3501.0,71.0,41.88,5.9050007,-0.26,0.030000001,-0.06,0.02,3.36,0.09000003,3426.0,28.0,29.28,1.4200001
2M05382782-0107578,05382782-0107578,84.615935,-1.13274,-0.08,0.11,0.11,0.18,4.03,0.15499997,4205.0,110.0,42.11,7.085001,-0.03,0.075,0.26,0.13000001,3.93,0.19499993,4295.0,66.0,47.09,4.3950005,-0.09,0.03,-0.06,0.035,3.93,0.08000004,3973.0,82.5,38.79,1.4049988
2M05382911-0236026,05382911-0236026,84.621331,-2.600743,0.05,0.07,0.07,0.04,3.95,0.06499994,3517.0,60.0,16.91,2.3499994,-0.17,0.18,0.26,0.25,4.32,0.19499993,3870.0,196.5,19.81,4.4700003,0.03,0.035,0.02,0.04,3.91,0.07000005,3532.0,53.0,15.27,1.5249996
2M05383084-0110242,05383084-0110242,84.628539,-1.173408,-0.63,0.165,0.19,0.13499999,3.86,0.16500008,4091.0,131.0,20.36,3.5999994,-0.42,0.099999994,0.15,0.075,4.42,0.109999895,4049.0,94.0,16.74,2.7199998,-0.32,0.07,-0.01,0.04,4.26,0.07500005,3897.0,58.5,16.48,1.6149998
2M05383137-0154030,05383137-0154030,84.630714,-1.900834,-0.16,0.040000003,-0.01,0.035,3.69,0.044999957,4398.0,86.5,44.7,2.1050014,-0.07,0.14500001,0.12,0.125,3.65,0.19499993,4718.0,367.875,50.93,7.0550003,-0.14,0.020000003,0.06,0.030000001,3.56,0.060000062,4421.0,51.0,44.27,0.9699993
2M05383138-0255032,05383138-0255032,84.630752,-2.917559,-0.14,0.08499999,-0.14,0.1,3.97,0.1500001,6674.0,162.5,15.49,1.2600002,-0.14,0.08,0.07,0.065,4.17,0.15999997,6755.0,122.875,15.34,1.4699998,-0.32,0.045,-0.05,0.075,3.69,0.08499992,6398.0,91.5,14.95,0.73
2M05383284-0235392,05383284-0235392,84.636844,-2.594223,-0.12,0.125,0.28,0.175,4.18,0.2800001,4120.0,176.5,18.61,3.7349997,0.07,0.04,-0.08,0.030000001,4.18,0.044999838,3869.0,36.375,14.87,1.815,-0.09,0.050000004,-0.07,0.060000002,3.77,0.13499999,3799.0,81.5,15.94,2.025
2M05383335-0236176,05383335-0236176,84.638995,-2.604898,-0.59,0.14,-0.02,0.055,3.23,0.19499993,3548.0,73.0,15.72,2.1549997,-0.4,0.19999999,0.14,0.14,3.9,0.19499993,3779.0,125.0,19.78,4.6800003,-0.33,0.089999996,-0.04,0.07,3.73,0.100000024,3628.0,75.5,15.67,1.4049997
2M05383360-0157543,05383360-0157543,84.640011,-1.965109,-0.27,0.245,-0.1,0.04,3.52,0.17999995,3251.0,89.0,69.97,12.510002,0.17,0.105,-0.08,0.015000001,4.23,0.08500004,3282.0,37.875,63.32,3.4700012,-0.12,0.21000001,-0.08,0.034999996,3.7,0.18500006,3236.0,98.5,60.86,12.319998
2M05383422-0234160,05383422-0234160,84.642599,-2.571121,-1.41,0.06999999,-0.24,0.07,3.15,0.055000067,5843.0,34.5,171.01,5.9100037,-1.35,0.089999974,-0.57,0.17500001,3.28,0.07000005,5929.0,53.5,120.53,18.54,-1.37,0.055000007,-0.25,0.065000005,3.08,0.04000008,5800.0,26.0,191.13,5.7450027
2M05383431-0235000,05383431-0235000,84.642967,-2.583357,-0.09,0.034999996,0.02,0.030000001,3.71,0.06500006,4140.0,48.0,35.67,1.7250004,-0.06,0.040000003,-0.08,0.045,3.94,0.06500006,3984.0,103.5,34.47,2.58,-0.14,0.040000003,0.06,0.030000001,3.34,0.10500002,4124.0,31.5,35.68,1.5
2M05383479-0234158,05383479-0234158,84.644996,-2.571059,-1.28,0.089999974,0.31,0.07000001,2.96,0.024999976,6184.0,34.0,188.22,7.994995,-1.11,0.155,-0.29,0.21000001,3.14,0.04000008,6300.0,59.5,146.83,20.094997,-0.88,0.044999987,-0.14,0.025000002,2.95,0.024999976,6153.0,24.5,196.56,5.965004
2M05383546-0231516,05383546-0231516,84.647775,-2.531016,-0.08,0.080000006,0.16,0.12,3.91,0.16999996,4246.0,109.5,17.01,1.8650002,-0.04,0.04,-0.04,0.030000001,4.2,0.07000017,4172.5,68.375,15.52,1.5200005,-0.23,0.060000002,-0.03,0.04,3.6,0.110000014,4114.0,35.0,16.05,1.1999998
2M05383654-0233127,05383654-0233127,84.652288,-2.553548,-1.19,0.21000004,-0.09,0.26,2.97,0.11500001,5626.0,71.0,182.98,10.729996,-1.29,0.055000007,0.54,0.125,3.17,0.054999948,5747.0,52.25,198.03,4.760002,-1.09,0.045000017,-0.3,0.065,2.94,0.07999992,5594.0,49.5,195.8,5.4000015
2M05383669-0244136,05383669-0244136,84.652878,-2.737136,-0.16,0.215,0.08,0.125,3.59,0.21000004,3323.0,88.5,22.23,4.865,-0.13,0.155,0.14,0.089999996,3.62,0.26999998,3341.0,71.0,34.65,14.514999,0.09,0.155,0.01,0.07,3.64,0.18499994,3233.0,57.5,19.78,2.2200003
2M05383682-0256584,05383682-0256584,84.653443,-2.949567,0.12,0.125,0.14,0.08,4.16,0.20500016,3559.0,73.5,19.72,2.4299994,-0.01,0.14,0.21,0.155,4.35,0.25499988,3683.0,114.5,22.16,3.75,0.0,0.024999999,-0.04,0.025,3.74,0.059999943,3516.0,42.5,19.31,1.21
2M05383745-0250236,05383745-0250236,84.656056,-2.8399,-0.47,0.10499999,0.11,0.060000002,3.26,0.1049999,3215.0,49.5,26.7,3.0699997,0.5,0.32500002,-0.06,0.065,3.91,0.09500003,3088.0,130.5,29.53,2.8199997,-0.09,0.05,-0.02,0.02,3.42,0.054999948,3135.0,51.5,25.92,1.8850002
2M05383822-0236384,05383822-0236384,84.659273,-2.610675,-0.26,0.060000002,0.14,0.055000003,3.77,0.07999992,4091.0,78.5,23.96,2.1999998,-0.25,0.054999992,-0.1,0.03,3.63,0.08500004,3829.0,60.0,24.65,1.9399996,-0.23,0.029999994,-0.04,0.025,3.62,0.055000067,3831.0,52.0,23.83,1.3800001
2M05383929-0036395,05383929-0036395,84.663737,-0.61098,-0.34,0.065,0.16,0.065,3.58,0.10500002,3843.0,93.0,76.79,6.1850014,-0.13,0.06,0.06,0.05,4.02,0.110000014,3802.0,47.5,83.52,3.4699974,-0.28,0.02000001,0.09,0.02,3.65,0.024999976,3665.0,25.5,80.31,1.8600006
2M05384084-0140416,05384084-0140416,84.670173,-1.678229,-0.11,0.095,-0.0,0.07,4.22,0.11500001,3998.0,109.0,34.82,3.1149998,-0.05,0.055,0.01,0.055,4.33,0.07000017,4077.0,110.5,32.96,2.9849997,0.0,0.04,-0.07,0.024999999,4.35,0.06999993,3913.0,39.0,29.53,1.7749996
2M05384129-0237225,05384129-0237225,84.672049,-2.622937,-0.15,0.06,0.13,0.07,3.96,0.19499993,4100.0,124.0,19.4,2.1499996,-0.08,0.085,0.04,0.089999996,3.82,0.14999998,4071.0,131.0,20.91,3.1499996,-0.14,0.044999998,-0.07,0.03,3.71,0.059999943,3769.0,78.0,16.57,1.7950001
2M05384355-0233253,05384355-0233253,84.681473,-2.557045,0.08,0.11,0.07,0.04,3.89,0.08000004,3356.0,50.5,33.85,3.420001,0.05,0.089999996,0.05,0.06,4.04,0.09000003,3466.0,59.5,33.94,2.67,-0.21,0.04,0.0,0.035,3.33,0.060000062,3336.0,46.0,29.35,1.75
2M05384375-0252427,05384375-0252427,84.682327,-2.878554,-0.56,0.22500001,0.07,0.1,3.71,0.17499995,3295.0,109.0,32.32,8.255,-0.39,0.19,-0.01,0.08,4.08,0.20500004,3305.0,89.5,26.63,7.21,-0.46,0.195,0.19,0.175,3.93,0.23999989,3322.0,90.0,25.88,2.495
2M05384424-0232336,05384424-0232336,84.684345,-2.542674,-0.12,0.06,0.12,0.065000005,3.64,0.09500003,4184.0,85.0,57.34,3.3199997,-0.12,0.040000003,0.15,0.040000003,3.67,0.07000005,4154.0,47.0,55.94,2.67,-0.11,0.024999999,-0.07,0.024999999,3.78,0.049999952,3913.0,40.0,53.01,1.3250008
2M05384443-0129344,05384443-0129344,84.68516,-1.492898,-0.26,0.205,0.17,0.13000001,3.85,0.31000006,3610.5,185.0,17.06,3.7950006,-0.1,0.11,0.2,0.17,4.23,0.20000005,3612.0,97.0,16.03,2.4299998,0.14,0.105,0.08,0.060000002,4.16,0.13500011,3486.0,62.5,14.78,1.2450004
2M05384754-0227119,05384754-0227119,84.698108,-2.453324,-0.68,0.17999999,0.2,0.105,3.06,0.125,3190.0,56.0,77.18,8.555,-0.89,0.35500002,0.35,0.14999999,3.25,0.21500003,3274.0,73.0,87.32,21.440002,-0.25,0.049999997,0.06,0.044999998,3.25,0.06499994,3100.0,54.5,68.05,2.550003
2M05384921-0241251,05384921-0241251,84.705076,-2.690312,-0.32,0.10000001,-0.05,0.099999994,3.66,0.11500001,3532.0,62.0,50.28,5.325001,-0.48,0.08500001,0.17,0.059999995,3.79,0.1049999,3622.0,63.5,44.97,3.8850002,-0.34,0.08500001,-0.02,0.089999996,3.64,0.09500003,3527.0,45.5,43.53,2.9449997
2M05384993-0241228,05384993-0241228,84.708048,-2.689676,-0.26,0.16,0.05,0.120000005,4.29,0.21499991,3734.0,147.5,13.01,2.355,-0.41,0.095,0.14,0.050000004,3.88,0.12500012,3623.0,59.0,14.15,1.8000002,-0.2,0.08,0.05,0.044999998,3.93,0.08500004,3524.0,32.5,11.98,1.46
2M05385317-0243528,05385317-0243528,84.721557,-2.731337,-0.12,0.075,-0.06,0.040000003,3.67,0.09000003,3617.0,87.875,17.77,2.4050002,0.07,0.120000005,-0.02,0.09,4.09,0.16500008,3694.0,114.5,24.77,5.2200003,0.04,0.024999999,-0.06,0.025,3.64,0.07499993,3433.0,60.5,15.86,2.0349994
2M05385337-0233229,05385337-0233229,84.72239,-2.556384,0.02,0.09,0.05,0.115,3.7,0.19499993,4242.0,137.75,52.43,5.755001,0.03,0.085,0.2,0.16,3.78,0.20000005,4327.0,116.0,52.48,6.0550003,0.08,0.015000002,0.0,0.01,3.77,0.024999976,4113.0,19.0,47.97,1.0699997
2M05385410-0249297,05385410-0249297,84.725444,-2.824937,-0.06,0.04,0.12,0.040000003,4.06,0.08499992,4376.0,55.5,31.89,1.7950001,0.0,0.095,0.07,0.099999994,3.99,0.19499993,4721.0,323.0,34.51,3.8700008,-0.16,0.025000002,0.05,0.02,3.61,0.100000024,4334.0,38.0,33.59,0.9849987
2M05385461-0104566,05385461-0104566,84.727544,-1.082394,-0.15,0.065,0.03,0.060000002,3.83,0.110000014,4103.0,99.0,26.99,3.335,-0.11,0.055,0.04,0.04,4.13,0.0849998,4137.0,59.875,25.05,2.3449993,-0.13,0.040000003,-0.08,0.040000003,4.0,0.06999993,3892.0,70.5,23.59,1.7949991
2M05385681-0204544,05385681-0204544,84.736725,-2.081797,-0.09,0.044999998,0.04,0.04,4.16,0.099999905,4551.0,65.5,19.13,1.3649998,0.02,0.09,0.09,0.085,3.98,0.16000009,4715.0,213.5,20.4,2.5749998,-0.14,0.04,0.01,0.024999999,3.73,0.10500002,4430.0,63.5,19.57,0.7399998
2M05385809-0126135,05385809-0126135,84.742062,-1.437093,-0.31,0.14999999,0.03,0.095,3.71,0.20000005,3574.0,86.875,23.86,3.4499998,-0.21,0.095,-0.02,0.049999997,3.84,0.09500003,3651.0,85.0,22.35,2.625,-0.13,0.059999995,-0.04,0.04,3.65,0.07500005,3477.0,49.5,21.12,1.5749998
2M05385948-0138270,05385948-0138270,84.747839,-1.64086,-0.09,0.099999994,0.07,0.035,3.85,0.125,3473.0,53.375,63.98,5.41,-0.16,0.13,0.12,0.125,4.05,0.17499995,3723.0,120.5,87.21,25.134998,-0.22,0.049999997,0.01,0.045,3.41,0.07000005,3377.0,50.5,63.12,3.164999
2M05385955-0245080,05385955-0245080,84.748141,-2.752246,-0.24,0.13,-0.29,0.13999999,4.2,0.2349999,5543.0,205.5,76.84,6.8100014,-0.35,0.034999996,-0.41,0.019999996,4.02,0.045000076,5305.0,47.0,69.52,2.3099976,-0.41,0.015000001,-0.16,0.015000001,3.75,0.08500004,5163.0,42.5,71.55,1.449997
2M05390052-0239390,05390052-0239390,84.752202,-2.660835,0.06,0.089999996,-0.12,0.17999999,4.14,0.19999993,5307.0,222.0,27.96,2.545,0.03,0.060000002,-0.31,0.14500001,4.06,0.09500003,5272.0,90.5,26.48,1.7200003,-0.05,0.07,0.01,0.055,4.1,0.089999914,4930.0,149.0,25.63,0.97000027
2M05390088-0253163,05390088-0253163,84.753671,-2.887877,-0.01,0.120000005,-0.13,0.175,4.41,0.21499991,6084.0,242.5,14.67,0.7950001,0.03,0.03,-0.02,0.025,4.38,0.035000086,6072.0,53.75,14.68,0.6300001,-0.07,0.015000002,0.03,0.015,4.34,0.025000095,5839.0,28.5,14.46,0.48000002
2M05390149-0238564,05390149-0238564,84.756235,-2.649011,-0.96,0.109999985,-0.6,0.14500001,3.72,0.20999992,5660.0,199.75,28.53,5.255001,-1.1,0.04000002,-0.24,0.055,3.44,0.07499993,5470.0,48.5,29.05,3.8200006,-1.13,0.014999986,-0.38,0.019999996,3.12,0.035000086,5230.0,26.0,24.64,1.6300001
2M05390276-0229558,05390276-0229558,84.76153,-2.498842,-0.43,0.245,0.17,0.13499999,3.6,0.25,3469.0,130.0,15.93,3.8949995,0.06,0.074999996,-0.03,0.04,3.96,0.08500004,3433.0,66.375,14.35,2.19,0.0,0.07,-0.04,0.015000001,3.52,0.08000004,3279.0,42.5,14.41,0.84000015
2M05390540-0232303,05390540-0232303,84.772526,-2.54176,0.0,0.060000002,0.01,0.055,3.99,0.09500003,4115.0,47.0,23.78,2.3949995,0.14,0.06,0.07,0.065,4.57,0.2349999,4186.0,71.0,20.78,2.4199991,-0.11,0.060000002,0.07,0.04,3.68,0.109999895,4124.0,40.0,23.52,1.7550001
2M05390759-0228234,05390759-0228234,84.781638,-2.473167,0.08,0.06,0.02,0.04,4.04,0.08000004,3458.0,43.5,12.31,2.0,0.01,0.1,0.22,0.06999999,4.43,0.1400001,3618.0,88.5,15.05,2.5949998,0.06,0.09,0.01,0.044999998,3.92,0.09000015,3423.0,53.5,11.77,1.79
2M05390921-0256347,05390921-0256347,84.788394,-2.942978,-1.34,0.030000031,0.2,0.024999999,3.22,0.029999971,6043.0,28.0,194.37,4.419998,-1.12,0.13000005,-0.15,0.065,3.4,0.049999952,6146.0,59.0,137.21,13.790001,-1.16,0.035000026,-0.02,0.025,3.22,0.024999976,6033.0,23.0,197.52,4.845001
2M05390928-0219130,05390928-0219130,84.788686,-2.32029,0.17,0.19,-0.08,0.089999996,3.93,0.11500013,3523.0,139.5,30.55,3.1350002,-0.12,0.215,0.14,0.13,4.33,0.21000004,3858.0,187.5,34.99,8.165,0.0,0.044999998,-0.07,0.02,3.81,0.059999943,3534.0,50.5,28.68,1.3549995
2M05390988-0108459,05390988-0108459,84.791182,-1.146085,-0.05,0.085,0.05,0.040000003,4.19,0.06499982,3550.0,59.5,17.09,1.9549999,0.09,0.085,-0.04,0.049999997,4.27,0.06000018,3536.0,40.0,17.91,2.46,-0.17,0.1,0.02,0.105000004,3.94,0.17500007,3530.0,46.0,17.46,1.835
2M05391163-0236028,05391163-0236028,84.798461,-2.600797,-0.39,0.095,0.15,0.19000001,3.7,0.22500002,4187.0,152.0,19.1,3.9,-0.25,0.07,0.17,0.08,4.19,0.11500001,4180.0,79.0,16.32,2.1949997,-0.14,0.085,-0.06,0.024999999,4.21,0.18500006,3906.0,67.0,14.76,1.2350006
2M05391232-0230064,05391232-0230064,84.801353,-2.501786,-0.03,0.205,-0.01,0.075,3.67,0.100000024,3138.0,76.5,28.7,4.379999,-0.46,0.060000002,0.12,0.020000003,3.36,0.04000008,3221.0,32.875,34.75,1.9150009,-0.12,0.055,0.01,0.025,3.51,0.03999996,3079.0,57.5,29.24,1.4100008
2M05391419-0128523,05391419-0128523,84.809135,-1.481213,-0.01,0.09,0.11,0.04,4.22,0.11500001,3614.0,46.5,20.21,1.8049994,-0.14,0.215,0.15,0.225,4.23,0.265,3731.0,180.5,23.8,4.455,-0.08,0.07,-0.05,0.065,3.98,0.13,3606.0,71.5,20.76,1.9400005
2M05391453-0219367,05391453-0219367,84.810561,-2.326865,-0.27,0.175,0.13,0.19,3.81,0.29000008,3793.0,224.5,20.19,6.63,-0.12,0.049999997,0.05,0.044999998,4.17,0.08500004,3802.0,63.5,15.43,2.3999996,-0.09,0.035000004,-0.05,0.02,3.69,0.029999971,3552.0,41.0,14.74,1.3200002
2M05391497-0153535,05391497-0153535,84.81241,-1.898196,-0.22,0.065,0.29,0.155,3.84,0.11500001,4644.0,165.75,53.33,4.6500015,-0.21,0.055000007,0.04,0.060000002,4.12,0.20500016,4559.0,149.0,53.7,3.8450012,-0.26,0.020000003,0.07,0.014999999,3.67,0.034999967,4443.0,58.0,48.96,1.0900002
2M05391506-0231376,05391506-0231376,84.81275,-2.527127,-0.28,0.035000004,-0.13,0.025000002,2.89,0.029999971,6283.0,52.0,117.92,3.9199982,-0.25,0.044999994,-0.1,0.034999996,3.03,0.034999967,6340.0,54.5,84.62,4.6100006,-0.25,0.034999996,-0.1,0.034999996,2.88,0.01999998,6188.0,46.0,78.54,4.9350014
2M05391717-0225433,05391717-0225433,84.821565,-2.428711,-0.32,0.17,0.11,0.120000005,3.94,0.18500006,3874.0,244.5,20.05,6.3749995,-0.28,0.07,-0.09,0.04,3.74,0.10500002,3665.0,65.5,12.21,2.415,-0.03,0.040000003,-0.03,0.02,4.2,0.035000086,3661.0,31.0,10.69,2.0299997
2M05391736+0144377,05391736+0144377,84.822369,1.743808,-0.32,0.054999992,-0.49,0.13999999,3.63,0.055000067,6287.0,72.0,72.52,8.309998,-0.24,0.11,-0.34,0.10499999,3.73,0.1400001,6401.0,133.5,96.28,9.215,-0.31,0.02000001,-0.17,0.024999999,3.56,0.04000008,6185.0,35.5,80.59,2.209999
2M05391757-0022393,05391757-0022393,84.823246,-0.377604,-0.14,0.08499999,0.05,0.055,4.1,0.12999988,4160.0,63.5,19.9,2.295,0.01,0.085,0.13,0.099999994,4.24,0.23000002,4237.0,109.5,24.38,5.6949997,0.05,0.04,-0.01,0.024999999,4.62,0.1500001,4124.0,43.0,16.94,1.54
2M05391807-0229284,05391807-0229284,84.825298,-2.491239,0.12,0.07,0.1,0.115,4.07,0.23500001,4922.0,273.5,34.3,3.124999,0.14,0.06999999,0.09,0.055000003,4.09,0.11500001,4919.0,241.0,32.85,2.42,-0.02,0.055,0.08,0.020000001,3.71,0.16500008,4542.0,57.5,32.74,1.3800001
2M05391845+0145001,05391845+0145001,84.82691,1.750042,-0.59,0.055000007,-0.23,0.114999995,3.64,0.060000062,6153.0,72.5,66.67,8.455002,-0.6,0.055000007,0.25,0.12,3.72,0.054999948,6255.0,65.5,86.76,7.164997,-0.52,0.025000006,-0.29,0.04,3.56,0.04000008,6032.0,52.5,74.46,3.0750008
2M05391927-0103580,05391927-0103580,84.830315,-1.066135,-0.45,0.22,0.16,0.23,3.7,0.24000001,3630.0,220.5,45.14,10.355,-0.23,0.035000004,-0.08,0.030000001,3.62,0.055000067,3451.0,43.0,16.86,2.495,-0.3,0.080000006,-0.02,0.035,3.67,0.120000005,3506.0,45.5,16.35,1.835
2M05392044-0227368,05392044-0227368,84.83518,-2.460224,-0.31,0.26500002,0.2,0.215,3.79,0.17500007,3577.0,143.0,22.47,4.55,0.18,0.08499999,-0.06,0.025,4.13,0.0849998,3445.0,74.5,19.37,2.995,-0.03,0.035,-0.04,0.02,3.7,0.044999957,3454.0,32.875,19.29,1.1149998
2M05392286-0233330,05392286-0233330,84.845284,-2.559183,-0.18,0.19,0.18,0.2,3.84,0.24499989,3571.0,125.5,17.89,4.2,-0.1,0.15,0.18,0.095,4.24,0.12999988,3746.0,102.0,16.6,2.815,0.0,0.125,-0.05,0.075,3.88,0.13999999,3537.0,83.5,15.15,1.8549995
2M05392435-0234013,05392435-0234013,84.851491,-2.567052,-0.21,0.245,0.1,0.1,4.05,0.24000001,3593.0,139.0,17.24,5.88,-0.36,0.23,0.3,0.305,4.32,0.2550001,3711.0,146.0,15.49,3.73,0.13,0.07,-0.04,0.03,4.07,0.06999993,3413.0,52.0,10.83,1.855
2M05392456-0220441,05392456-0220441,84.852344,-2.345594,-0.15,0.04,0.05,0.044999998,3.9,0.09000003,4199.0,66.5,53.94,2.5900002,-0.1,0.029999997,-0.08,0.025,4.06,0.045000076,4137.0,64.5,52.98,1.8800011,-0.15,0.015000001,-0.04,0.02,3.79,0.029999971,4125.0,34.5,52.4,0.9399986
2M05392650-0252152,05392650-0252152,84.860425,-2.870904,-0.16,0.095000006,0.29,0.13,3.83,0.23000002,3357.0,53.0,23.93,2.9849997,0.01,0.04,-0.03,0.04,3.56,0.07500005,3254.0,49.0,20.93,3.0650005,-0.03,0.155,0.03,0.105000004,3.72,0.18000007,3331.0,70.0,21.69,2.33
2M05392679-0152420,05392679-0152420,84.861661,-1.878355,0.14,0.120000005,0.05,0.035000004,4.31,0.19999993,3576.0,56.375,15.99,1.9099998,-0.3,0.155,0.26,0.08499999,4.18,0.11500001,3790.0,113.5,19.14,3.7349997,0.01,0.07,-0.04,0.08,3.88,0.09000003,3524.0,45.5,16.4,1.8650002
2M05392686+0033167,05392686+0033167,84.861922,0.554661,-0.37,0.15,-0.02,0.1,3.51,0.17000008,3431.0,125.0,70.09,13.030001,-0.47,0.15500002,0.16,0.105,3.79,0.09500003,3646.0,116.5,96.99,16.185001,-0.37,0.1,-0.05,0.08,3.44,0.20500004,3429.0,60.5,69.88,5.035
2M05392791-0155493,05392791-0155493,84.866314,-1.930381,-0.13,0.06,0.29,0.11,3.77,0.16999996,4228.0,78.5,15.84,1.375,-0.11,0.055000003,0.28,0.08,4.13,0.099999905,4278.0,67.0,15.81,2.0300002,-0.07,0.04,-0.02,0.024999999,4.04,0.09000003,4076.0,71.75,14.56,0.77999973
2M05392883-0217513,05392883-0217513,84.870137,-2.297601,-0.25,0.175,0.1,0.19,3.44,0.19500005,3383.0,110.5,17.39,3.3600001,0.51,0.105000004,-0.08,0.030000001,4.16,0.07999992,3271.0,65.5,16.96,2.3599997,0.07,0.11,-0.06,0.035000004,3.61,0.16499996,3283.0,48.0,14.95,1.2249999
2M05393169-0143070,05393169-0143070,84.882083,-1.718636,-0.58,0.385,0.21,0.235,3.5,0.17000008,3341.0,100.0,13.48,2.665,-0.38,0.175,0.01,0.060000002,3.55,0.10500002,3348.0,73.5,13.15,2.1800003,0.14,0.125,-0.06,0.05,3.67,0.20000005,3189.0,73.5,12.2,1.73
2M05393256-0239440,05393256-0239440,84.885707,-2.662225,-0.14,0.075,0.09,0.07,3.71,0.19999993,4180.0,77.0,43.26,4.0949993,-0.04,0.065000005,-0.05,0.04,4.16,0.16499996,4108.0,56.5,40.56,2.9500008,-0.21,0.020000003,-0.06,0.02,3.66,0.024999976,3945.0,38.0,38.49,1.0200005
2M05393291-0247492,05393291-0247492,84.887151,-2.797001,-0.15,0.114999995,0.1,0.14,3.7,0.265,4083.0,185.375,37.75,5.8449993,-0.15,0.060000002,0.18,0.065,4.11,0.100000024,4117.0,86.5,35.17,3.6750011,-0.2,0.035000004,-0.04,0.02,3.64,0.06500006,3855.0,48.0,33.29,1.7350006
2M05393295-0125308,05393295-0125308,84.887328,-1.425237,-0.42,0.24000001,0.27,0.165,3.62,0.2249999,3643.0,191.5,16.42,2.7600002,-0.42,0.18499999,0.12,0.07000001,3.77,0.17999995,3721.0,141.0,15.68,2.1849995,-0.14,0.065,0.08,0.04,3.76,0.09499991,3464.0,48.5,14.72,1.1349998
2M05393378-0220398,05393378-0220398,84.890783,-2.344415,-0.18,0.155,0.2,0.22999999,3.91,0.24499989,3979.0,191.375,15.03,3.775,-0.16,0.16,0.31,0.17,4.04,0.19999993,4031.0,166.0,15.15,2.3850002,-0.01,0.060000002,-0.05,0.035,3.88,0.120000005,3664.0,63.0,11.15,1.7000003
2M05393511-0247299,05393511-0247299,84.89631,-2.791663,0.05,0.045,-0.02,0.049999997,4.08,0.089999914,4272.0,87.25,49.73,2.584999,0.07,0.065,-0.09,0.07,4.16,0.08500004,4091.0,158.875,48.9,2.1850014,0.02,0.03,0.02,0.030000001,3.9,0.09500003,4165.0,40.5,47.86,0.9399986
2M05393547-0159033,05393547-0159033,84.897805,-1.984272,-0.17,0.034999996,0.03,0.024999999,4.19,0.055000067,4330.0,48.0,33.7,1.3199997,-0.21,0.03999999,0.04,0.03,4.06,0.07000005,4380.0,49.5,34.61,1.5200005,-0.24,0.009999998,0.01,0.015,3.93,0.024999976,4213.0,41.0,33.23,0.6949997
2M05393719-0204090,05393719-0204090,84.90496,-2.069184,0.09,0.03,-0.06,0.055,4.14,0.055000067,3894.0,64.0,78.59,2.5299988,-0.04,0.075,0.31,0.10000001,3.86,0.14499998,4161.0,64.0,72.03,4.7649994,-0.02,0.02,-0.05,0.024999999,3.83,0.05000007,3858.0,47.0,70.52,2.0149994
2M05393719-0205480,05393719-0205480,84.904971,-2.096692,-0.31,0.07000001,-0.06,0.060000002,3.62,0.08000004,3424.0,54.375,95.08,5.2400017,-0.47,0.030000001,0.14,0.02,3.86,0.07500005,3530.0,66.5,95.34,5.5099983,-0.36,0.054999992,-0.03,0.03,3.51,0.08000004,3352.0,61.5,87.18,4.6450005
2M05393729-0226567,05393729-0226567,84.905399,-2.4491,-0.09,0.055,0.01,0.07,3.93,0.14499998,4121.0,94.5,39.21,3.4899998,-0.05,0.08,0.09,0.080000006,4.16,0.1500001,4139.0,79.375,38.41,3.584999,-0.17,0.025000006,-0.05,0.02,3.65,0.044999957,3907.0,39.0,33.71,1.0799999
2M05393814-0144414,05393814-0144414,84.908958,-1.744837,-0.06,0.09,0.19,0.075,3.87,0.13000011,4417.0,114.25,44.53,4.8449993,-0.13,0.029999997,0.12,0.040000003,3.85,0.06500006,4340.0,44.5,42.86,1.7800007,-0.16,0.015000001,0.01,0.02,3.76,0.044999957,4203.0,39.5,39.28,1.0200005
2M05394025-0155236,05394025-0155236,84.917748,-1.923238,-0.25,0.065000005,0.22,0.11500001,4.15,0.14499998,3971.0,111.0,55.29,3.6449986,-0.18,0.065,-0.04,0.045,3.93,0.11500013,3865.0,66.5,61.82,4.9849987,-0.2,0.04,-0.06,0.030000001,3.9,0.08000004,3831.0,46.375,53.06,1.6700001
2M05394325+0054274,05394325+0054274,84.930232,0.90762,-1.14,0.07500005,0.01,0.13,3.04,0.03999996,5952.0,47.5,147.42,14.129997,-1.13,0.024999976,-0.0,0.02,2.98,0.034999967,5935.0,33.5,176.38,1.7800064,-1.05,0.07500002,-0.02,0.099999994,2.99,0.029999971,5904.0,34.0,139.58,17.909996
2M05394619-0240320,05394619-0240320,84.942484,-2.67558,-1.26,0.06999999,0.14,0.07,3.16,0.060000062,5618.0,41.5,116.95,12.215,-1.22,0.03999996,0.18,0.029999994,3.04,0.044999957,5552.0,34.5,125.07,3.9199982,-1.1,0.060000002,0.16,0.085,3.09,0.035000086,5570.0,34.0,150.37,6.6849976
2M05394661-0226313,05394661-0226313,84.944215,-2.442037,-0.58,0.11500001,0.02,0.049999997,3.28,0.120000005,3246.0,88.5,102.77,15.774998,-0.13,0.16,-0.07,0.040000003,3.56,0.060000062,3245.0,97.0,87.62,5.785,-0.32,0.095,-0.01,0.024999999,3.43,0.059999943,3184.0,63.5,72.99,5.41
2M05394784-0232248,05394784-0232248,84.949336,-2.540242,-0.19,0.059999995,0.18,0.099999994,3.76,0.125,4169.0,70.0,58.65,4.3449993,-0.21,0.019999996,0.02,0.025,3.77,0.03999996,4099.0,41.0,58.98,2.1299992,-0.23,0.019999996,-0.05,0.02,3.77,0.044999957,3934.0,38.5,56.57,1.7900009
2M05394799-0240320,05394799-0240320,84.949965,-2.675576,-0.53,0.165,0.27,0.125,3.71,0.15499997,3817.5,176.5,31.96,4.535,-0.39,0.08,0.26,0.074999996,4.0,0.11500013,3744.0,75.5,30.38,2.409999,-0.32,0.045,0.13,0.024999999,3.7,0.06999993,3551.0,36.5,28.46,1.3199997
2M05394900-0138472,05394900-0138472,84.954195,-1.646446,-0.03,0.08,0.1,0.085,4.02,0.23500001,4605.0,195.0,32.87,3.5,0.03,0.09,0.07,0.105000004,4.32,0.20499992,4520.0,138.0,35.19,5.0249996,-0.13,0.024999999,0.03,0.02,3.83,0.045000076,4376.0,36.0,29.75,0.96500015
2M05394906+0129300,05394906+0129300,84.954427,1.491691,-1.13,0.16500002,0.28,0.14,2.87,0.035000086,6039.0,67.5,156.45,28.595001,-1.3,0.06999999,0.3,0.040000007,2.88,0.035000086,6053.0,40.5,161.97,2.9350052,-0.68,0.065,-0.23,0.030000001,2.85,0.025000095,5934.0,36.5,197.22,4.6900024
2M05395236-0236147,05395236-0236147,84.968207,-2.604105,-0.27,0.13999999,0.19,0.08500001,3.83,0.13999999,3494.0,92.5,55.44,8.08,-0.29,0.095,0.1,0.045,3.85,0.10500014,3552.0,59.0,45.67,3.5949993,-0.09,0.105000004,0.25,0.13499999,4.26,0.23500001,3518.0,58.5,42.33,3.3799992
2M05395248-0232023,05395248-0232023,84.968675,-2.533974,0.06,0.105000004,-0.12,0.085,3.95,0.10500002,3797.0,151.0,17.77,2.2050004,-0.12,0.065,0.19,0.095,3.89,0.13499999,4225.0,90.5,17.47,1.9300003,-0.14,0.04,-0.08,0.020000001,3.64,0.07500005,3828.0,72.0,14.94,1.31
2M05395293-0224085,05395293-0224085,84.970564,-2.402377,-0.15,0.045,-0.0,0.03,4.02,0.060000062,5745.0,79.0,97.32,3.4249992,-0.18,0.055000003,-0.02,0.05,4.04,0.07499993,5722.0,100.0,89.84,4.535,-0.2,0.024999999,0.0,0.015,3.76,0.06500006,5557.0,37.5,93.89,2.084999
2M05395395-0019365,05395395-0019365,84.974831,-0.326806,0.45,0.14499998,-0.27,0.125,4.27,0.15499997,6145.0,231.0,10.68,0.9399996,0.1,0.055,0.12,0.07,4.09,0.089999914,5775.0,105.0,10.56,0.7800002,0.14,0.035000004,-0.12,0.040000003,3.83,0.08000004,5647.0,59.5,10.56,0.7000003
2M05395484-0219299,05395484-0219299,84.978524,-2.324978,-0.25,0.099999994,0.24,0.16,4.15,0.18499994,4214.0,116.0,14.15,2.9899998,-0.21,0.115,-0.04,0.075,4.19,0.120000124,4086.0,128.0,11.89,2.87,-0.11,0.030000001,-0.05,0.03,4.15,0.049999952,3905.0,56.0,10.84,1.54
2M05395594-0220366,05395594-0220366,84.983105,-2.343512,-0.23,0.165,0.08,0.095,3.85,0.16499996,3828.0,250.0,47.05,5.4300003,-0.06,0.06,0.01,0.049999997,3.85,0.060000062,3551.0,71.5,45.43,3.3400002,-0.09,0.060000002,-0.05,0.02,3.52,0.07999992,3426.0,60.5,42.4,2.290001
2M05395602-0251228,05395602-0251228,84.983435,-2.856337,-0.42,0.145,0.14,0.13,3.32,0.26999998,3364.5,83.0,42.23,10.285,-0.27,0.26,0.3,0.21000001,4.14,0.19000006,3472.0,113.0,42.69,8.105,-0.32,0.045,0.04,0.024999999,3.26,0.054999948,3264.0,38.0,33.82,1.6000004
2M05395657-0155361,05395657-0155361,84.98572,-1.926707,-1.61,0.034999967,0.57,0.024999976,2.86,0.04000008,5848.0,32.0,188.79,2.859993,-1.68,0.055000007,0.39,0.03999999,2.98,0.049999952,5926.0,36.5,160.89,4.3950043,-1.3,0.035000026,0.05,0.030000001,2.86,0.035000086,5824.0,23.5,198.55,4.790001
2M05395825-0226188,05395825-0226188,84.992733,-2.438566,-0.13,0.28,0.1,0.17500001,3.85,0.23500013,3516.0,135.0,15.3,4.56,-0.08,0.135,0.22,0.085,4.44,0.15499997,3644.0,128.0,15.0,2.5700002,0.01,0.045,-0.02,0.035,3.72,0.08499992,3368.0,51.5,14.47,0.8850002
2M05395930-0222543,05395930-0222543,84.997111,-2.381777,-0.13,0.020000003,0.09,0.020000001,3.59,0.035000086,4636.0,46.5,55.03,1.2749996,-0.15,0.035000004,0.08,0.020000001,3.43,0.054999948,4766.0,73.0,55.81,1.25,-0.18,0.035,0.07,0.020000001,3.44,0.1049999,4790.0,42.5,57.16,0.80000114
2M05395946-0216522,05395946-0216522,84.997787,-2.281183,-0.46,0.114999995,-0.06,0.03,3.16,0.110000014,3165.0,65.5,30.74,3.5549994,0.12,0.114999995,-0.07,0.030000001,4.24,0.10500002,3274.0,38.0,27.35,3.6050005,-0.17,0.125,-0.02,0.04,3.71,0.125,3210.0,66.5,28.57,2.1400003
2M05400332-0142461,05400332-0142461,85.013854,-1.712819,-0.39,0.125,-0.68,0.19500001,3.02,0.049999952,6373.0,66.0,185.69,4.790001,-1.17,0.12500003,0.49,0.09,3.11,0.025000095,6548.0,48.0,175.41,4.0300064,-0.58,0.034999996,-0.33,0.059999995,2.96,0.014999986,6352.0,31.0,173.59,5.669998
2M05400338-0229014,05400338-0229014,85.014094,-2.483735,-0.24,0.075,0.29,0.045,3.42,0.13999999,4113.0,44.0,15.7,1.6999998,0.09,0.055,-0.06,0.03,4.1,0.059999943,3878.0,52.5,16.64,2.0,-0.13,0.035,-0.04,0.030000001,3.63,0.06500006,3838.0,51.5,14.65,0.99000025
2M05400510-0219591,05400510-0219591,85.021285,-2.333086,-0.24,0.075,0.32,0.165,3.63,0.14499998,4079.0,164.5,38.48,5.84,0.0,0.09,-0.08,0.065,3.87,0.13000011,3703.0,137.375,44.73,5.0,-0.24,0.08,-0.06,0.060000002,3.62,0.11500001,3793.0,96.5,34.0,4.96
2M05400696-0228300,05400696-0228300,85.029023,-2.475014,-0.19,0.095,0.01,0.075,4.08,0.17499995,6067.0,167.5,12.58,1.4099998,-0.13,0.065000005,-0.32,0.12499999,3.94,0.18500006,6009.0,159.25,12.05,1.4000001,-0.06,0.055,-0.07,0.04,4.38,0.089999914,6316.0,105.0,11.19,0.8250003
2M05400856-0242167,05400856-0242167,85.035685,-2.70466,-0.15,0.044999998,0.04,0.035,3.69,0.11500001,4264.0,71.0,19.92,1.29,-0.12,0.04,0.07,0.05,3.77,0.09000003,4261.0,80.0,20.53,2.1799994,-0.09,0.024999999,-0.04,0.02,4.09,0.059999943,4122.0,39.5,15.67,1.3499999
2M05400867-0232432,05400867-0232432,85.036136,-2.54534,-0.34,0.18,0.16,0.125,3.29,0.09500003,3187.0,75.0,55.29,6.4449997,-0.39,0.07499999,0.2,0.054999992,3.36,0.07000005,3226.0,32.0,60.34,5.58,-0.65,0.034999996,0.4,0.019999996,3.29,0.034999967,3142.0,50.0,44.88,3.1000004
2M05401048-0236020,05401048-0236020,85.043676,-2.600574,-0.1,0.055000003,-0.02,0.045,4.19,0.08000016,4177.0,66.0,14.95,1.9099998,-0.02,0.06,0.22,0.095,4.45,0.11500001,4357.0,63.75,15.66,1.7299995,0.05,0.035,-0.04,0.04,4.49,0.07500005,4153.0,55.0,14.5,0.78999996
2M05401082-0211264,05401082-0211264,85.045094,-2.190691,-0.18,0.024999999,0.06,0.024999999,3.66,0.049999952,3658.0,44.5,35.45,1.9249992,0.06,0.03,-0.06,0.04,3.87,0.08500004,3541.0,66.5,34.98,2.3050003,-0.03,0.035,-0.05,0.024999999,3.71,0.06999993,3536.0,54.5,34.7,1.8799992
2M05401274-0228199,05401274-0228199,85.053106,-2.472201,-0.23,0.114999995,0.17,0.215,3.71,0.22000003,4097.0,181.0,56.55,12.799999,-0.12,0.045,-0.08,0.030000001,3.78,0.06499994,3848.0,70.5,58.18,3.5349998,-0.3,0.030000001,-0.06,0.02,3.42,0.034999967,3768.0,61.5,52.32,1.2750015
2M05401329-0235419,05401329-0235419,85.055411,-2.594993,-0.03,0.024999999,0.13,0.020000003,4.34,0.044999838,4466.0,38.5,33.11,0.8050003,0.06,0.074999996,0.19,0.07,4.62,0.21999979,4631.0,171.0,33.1,2.4700012,-0.04,0.045,0.11,0.024999999,4.21,0.09500003,4410.0,46.5,32.38,1.3250008
2M05401548+0032191,05401548+0032191,85.064536,0.538663,-0.35,0.019999996,-0.04,0.015,3.86,0.04000008,5122.0,44.0,113.54,1.3850021,-0.42,0.06999999,-0.01,0.049999997,3.91,0.11500013,5011.0,147.5,109.35,4.5149994,-0.34,0.02000001,-0.01,0.015,3.83,0.04000008,5102.0,36.5,112.52,1.2649994
2M05401567-0149489,05401567-0149489,85.065308,-1.83026,-0.16,0.11,-0.0,0.114999995,4.08,0.21499991,4642.0,276.0,92.03,4.8549995,-0.14,0.035000004,0.07,0.045,4.17,0.0849998,4706.0,109.0,90.98,3.8499985,-0.29,0.015000001,0.07,0.014999999,3.63,0.055000067,4486.0,45.0,90.37,1.0349998
2M05401638-0202327,05401638-0202327,85.06826,-2.042422,0.01,0.065,0.13,0.034999996,4.36,0.10000014,3771.0,64.0,17.12,2.2849998,-0.12,0.18,0.14,0.205,4.24,0.255,3858.0,180.5,21.31,6.0299997,-0.07,0.049999997,-0.06,0.055,4.08,0.10500002,3787.0,87.5,19.05,1.4900007
2M05401834-0212446,05401834-0212446,85.076451,-2.212395,-0.14,0.08,0.09,0.065,3.65,0.10500002,3970.0,102.5,63.59,5.8799973,-0.07,0.07,-0.03,0.065,3.9,0.17499995,3905.0,62.0,68.17,3.9750004,-0.2,0.015000001,-0.01,0.024999999,3.4,0.035000086,3898.0,25.5,66.04,1.1899986
2M05402076-0230299,05402076-0230299,85.086534,-2.508313,-0.38,0.019999996,0.1,0.029999997,3.71,0.03999996,4126.0,26.0,148.49,2.274994,-0.35,0.030000001,0.08,0.03,3.79,0.049999952,4098.0,25.875,153.15,2.5699997,-0.4,0.030000001,0.07,0.07,3.63,0.06500006,4074.0,69.0,138.3,3.5650024
2M05402256-0233469,05402256-0233469,85.094019,-2.56303,-0.15,0.044999998,0.27,0.049999997,3.69,0.07500005,4156.0,43.5,34.48,3.1900005,0.09,0.07,-0.07,0.05,4.39,0.120000124,3905.0,114.0,31.17,3.705,-0.16,0.04,-0.02,0.05,3.81,0.10500002,3947.0,94.0,31.32,2.540001
2M05402883-0243138,05402883-0243138,85.120145,-2.720527,-0.41,0.16499999,0.09,0.15,3.53,0.255,3623.0,244.0,77.42,12.92,-0.35,0.034999996,-0.06,0.035,3.41,0.06999993,3528.0,55.5,73.08,3.1399994,-0.17,0.06,0.09,0.024999999,3.68,0.09000003,3364.0,46.0,66.11,3.3500023
2M05402894+0013082,05402894+0013082,85.120584,0.218967,0.08,0.04,0.15,0.060000002,4.33,0.07500005,4625.0,75.5,33.84,1.3150005,-0.03,0.015,0.05,0.01,4.09,0.029999971,4461.0,39.0,33.5,0.6100006,0.02,0.02,0.03,0.025,4.14,0.044999838,4456.0,60.5,33.32,0.625
2M05403239-0142379,05403239-0142379,85.134963,-1.710542,-0.22,0.135,0.06,0.145,3.9,0.24499989,3967.0,161.375,46.11,7.950001,0.04,0.08,-0.05,0.040000003,4.32,0.109999895,3828.0,68.5,38.37,4.7350006,-0.29,0.025000006,-0.07,0.014999999,3.62,0.035000086,3827.0,25.5,38.94,1.664999
2M05403418-0121540,05403418-0121540,85.142426,-1.365004,-0.14,0.065,0.18,0.105000004,3.85,0.13499999,4609.0,108.5,64.78,3.0249996,-0.12,0.044999998,0.04,0.040000003,3.95,0.10500014,4645.0,115.0,63.01,2.5100002,-0.24,0.034999996,0.07,0.020000001,3.49,0.089999914,4469.0,46.0,62.97,1.2449989
2M05403450-0230222,05403450-0230222,85.143759,-2.506181,-0.09,0.11,0.15,0.114999995,3.45,0.18000007,4119.0,103.875,41.31,4.0350018,-0.11,0.065,0.06,0.075,3.73,0.100000024,4150.0,91.0,41.74,3.9750004,-0.17,0.044999998,0.0,0.06,3.41,0.08500004,3961.0,80.0,35.74,1.7549992
2M05403669+0030308,05403669+0030308,85.152892,0.508582,-0.21,0.125,-0.07,0.175,4.09,0.17499995,5873.0,211.5,73.86,5.279999,-0.4,0.16,0.17,0.225,4.03,0.25,5654.0,211.0,73.81,4.154999,-0.24,0.059999995,-0.05,0.049999997,4.15,0.109999895,5865.0,126.5,73.54,2.079998
2M05403873-0233475,05403873-0233475,85.161404,-2.563203,-0.23,0.08500001,0.42,0.16,3.93,0.13499999,4045.0,116.0,23.98,2.915,-0.12,0.09,0.34,0.15,4.19,0.16000009,4090.0,141.5,24.83,2.2399998,-0.1,0.035,0.01,0.04,3.7,0.049999952,3729.0,50.5,23.6,1.5299997
2M05404031-0118331,05404031-0118331,85.167968,-1.309221,-0.16,0.08,-0.02,0.099999994,3.59,0.17999995,4132.0,82.75,36.07,3.75,-0.08,0.044999998,0.11,0.034999996,4.08,0.06499994,4149.0,48.5,34.15,2.1900005,-0.11,0.049999997,0.04,0.044999998,3.81,0.1500001,4092.0,37.0,34.66,1.5150013
2M05404126-0205386,05404126-0205386,85.171934,-2.094073,-0.31,0.165,0.24,0.17,4.09,0.18499994,3557.0,94.0,16.12,3.295,-0.18,0.08,0.12,0.044999998,4.25,0.06500006,3592.0,72.0,14.83,1.7249999,-0.09,0.085,0.0,0.04,3.86,0.09000003,3429.0,60.0,14.39,1.2550001
2M05404281-0147171,05404281-0147171,85.178416,-1.788095,-0.27,0.075,0.26,0.11500001,3.74,0.16000009,4359.0,78.5,23.61,3.1800003,-0.14,0.040000003,-0.07,0.030000001,4.37,0.11500001,4213.0,87.375,20.09,2.1800003,-0.21,0.029999994,-0.02,0.04,3.98,0.120000124,4171.0,43.0,20.2,1.0549994
2M05404289-0147136,05404289-0147136,85.178711,-1.787117,-0.01,0.05,0.2,0.055,3.86,0.07500005,4814.0,122.0,48.84,2.165001,-0.07,0.024999999,0.08,0.025,3.66,0.06499994,4567.0,67.5,47.63,1.0499992,-0.02,0.015,0.09,0.015000001,3.83,0.029999971,4596.0,38.5,47.39,0.64499855
2M05404464-0222440,05404464-0222440,85.186027,-2.3789,-0.36,0.125,0.07,0.115,3.62,0.21500003,3841.0,188.5,69.21,13.654999,-0.29,0.055000007,-0.07,0.025000002,3.63,0.07000005,3697.0,57.0,59.53,3.875002,-0.37,0.034999996,-0.06,0.02,3.38,0.060000062,3542.0,47.0,57.61,2.994999
2M05404607-0131354,05404607-0131354,85.191977,-1.526522,0.21,0.17,-0.06,0.05,3.87,0.110000014,3419.0,70.0,14.89,1.6350002,0.07,0.13,0.14,0.11,4.39,0.18000007,3644.0,121.5,15.69,1.9099998,0.08,0.044999998,0.03,0.03,3.82,0.08500004,3412.0,37.5,14.59,1.04
2M05405249-0200461,05405249-0200461,85.218737,-2.012807,0.04,0.1,0.12,0.14,4.29,0.24000001,4127.0,165.5,22.98,4.3050003,-0.07,0.089999996,0.08,0.049999997,4.27,0.11000013,4095.0,83.5,20.48,2.585,-0.1,0.034999996,-0.05,0.03,3.78,0.06500006,3839.0,47.5,19.61,1.2849998
2M05405447-0219028,05405447-0219028,85.226996,-2.317455,0.11,0.1,-0.05,0.065,3.81,0.13999999,3464.0,146.875,23.57,3.0699997,-0.06,0.025000002,-0.05,0.024999999,4.21,0.029999971,3775.0,30.5,17.79,1.9650002,-0.21,0.085,-0.04,0.030000001,3.77,0.08500004,3671.0,71.0,16.78,2.1450005
2M05405650-0122162,05405650-0122162,85.235444,-1.371168,-0.14,0.095,0.08,0.11,3.78,0.25,4375.0,186.0,41.25,5.16,-0.17,0.024999999,-0.01,0.024999999,3.71,0.034999967,4227.0,59.375,38.83,1.2250004,-0.17,0.015000001,0.01,0.02,3.6,0.035000086,4190.0,33.5,37.92,1.0650005
2M05405804+0033291,05405804+0033291,85.24184,0.558089,-0.1,0.095,0.13,0.08,4.0,0.11000013,3906.0,91.0,16.8,2.37,0.13,0.065000005,0.09,0.080000006,4.37,0.099999905,3857.0,78.0,18.46,3.0500002,0.07,0.06,-0.1,0.03,3.94,0.09000015,3672.0,86.5,15.47,1.7850003
2M05410247-0117380,05410247-0117380,85.260301,-1.293889,-0.56,0.165,0.19,0.114999995,3.83,0.20500016,3650.0,157.5,19.78,3.455,-0.39,0.13999999,0.13,0.095,4.02,0.125,3650.0,92.0,17.32,2.81,-0.15,0.09,-0.05,0.035,3.75,0.09499991,3463.0,44.5,15.91,1.4549999
2M05411852+0027256,05411852+0027256,85.327199,0.457116,0.04,0.060000002,0.07,0.049999997,4.46,0.18499994,4275.0,79.5,23.77,2.0500002,-0.05,0.075,0.31,0.135,4.05,0.18999994,4334.0,89.5,24.49,1.9299994,0.05,0.02,0.01,0.02,4.16,0.029999971,4117.0,34.5,21.52,1.1350002
2M05411918-0152268,05411918-0152268,85.329942,-1.87413,-0.27,0.13999999,0.16,0.185,3.34,0.23000002,4097.0,160.5,19.09,4.1899996,-0.3,0.15,0.07,0.13,3.27,0.23500001,3981.0,151.5,21.47,7.09,-0.24,0.060000002,-0.05,0.030000001,3.7,0.09500003,3848.0,55.5,15.07,1.4949999
2M05411933+0027518,05411933+0027518,85.33056,0.464416,0.08,0.145,0.06,0.065,4.07,0.255,4809.0,334.0,31.48,2.9399996,0.04,0.02,0.12,0.030000001,4.29,0.06500006,4616.0,44.0,30.67,1.2550011,-0.01,0.03,0.03,0.02,3.96,0.07500005,4452.0,32.5,29.96,0.7699995
2M05412068-0158582,05412068-0158582,85.336183,-1.982844,-0.36,0.16499999,0.04,0.074999996,3.8,0.17000008,3731.0,127.375,15.2,2.6699996,-0.13,0.175,0.17,0.16,4.37,0.1500001,3799.0,136.0,16.51,5.095,0.0,0.024999999,-0.04,0.015000001,3.88,0.035000086,3515.0,30.5,11.14,1.7200003
2M05412424-0149348,05412424-0149348,85.351039,-1.826354,-0.72,0.049999982,0.22,0.055000007,3.84,0.07000005,4378.0,38.0,88.05,4.66,-0.68,0.060000002,-0.04,0.07,3.89,0.08500004,4294.0,82.5,104.77,5.674999,-0.79,0.03999999,0.09,0.029999997,3.65,0.044999957,4255.0,76.0,82.57,3.5099983
2M05412611-0232208,05412611-0232208,85.35881,-2.539135,-0.04,0.115,0.08,0.16000001,4.18,0.25,4242.0,173.75,15.5,3.4100003,0.03,0.04,0.0,0.035,4.3,0.049999952,4131.0,67.375,14.87,1.6950002,-0.01,0.04,-0.04,0.045,4.27,0.07999992,4085.0,38.0,14.43,0.7550001
2M05412685-0142461,05412685-0142461,85.361902,-1.712826,-0.73,0.065,-0.17,0.085,3.43,0.21999991,4752.0,113.5,71.45,5.459999,-0.63,0.07500002,-0.27,0.075,3.64,0.100000024,4917.0,116.75,70.27,3.7549973,-0.7,0.03999999,-0.1,0.029999997,3.5,0.09500003,4734.0,73.0,67.49,1.9000015
2M05412702-0142494,05412702-0142494,85.362622,-1.713734,-0.16,0.114999995,0.1,0.09,3.42,0.17999995,4702.0,250.5,83.27,4.8099976,-0.21,0.020000003,0.14,0.02,3.45,0.024999976,4524.0,41.5,78.06,1.7600021,-0.14,0.015000001,0.12,0.015000001,3.66,0.04000008,4612.0,28.25,80.13,1.0699997
2M05412880-0150024,05412880-0150024,85.370034,-1.834003,-0.3,0.040000007,-0.1,0.035,3.27,0.044999957,3650.0,69.5,22.31,2.1449995,-0.19,0.034999996,-0.07,0.030000001,3.61,0.06500006,3830.0,51.5,24.55,1.8550005,-0.27,0.034999996,-0.07,0.024999999,3.46,0.044999957,3730.0,49.5,21.19,1.6750002
2M05412932-0151305,05412932-0151305,85.372198,-1.858489,-0.31,0.13,-0.05,0.085,3.61,0.14499998,3530.0,78.0,31.54,3.6850004,-0.35,0.09,0.02,0.06,3.61,0.17500007,3532.0,68.0,31.03,2.8650007,-0.29,0.08,0.08,0.055,3.74,0.08499992,3510.0,63.0,29.71,1.6600008
2M05412953-0154255,05412953-0154255,85.373066,-1.907092,-0.27,0.11,0.11,0.125,3.26,0.20500004,4180.0,106.5,19.76,2.7699995,-0.21,0.034999996,-0.02,0.035,3.38,0.035000086,4108.0,46.0,19.15,1.1099997,-0.25,0.025000006,-0.05,0.024999999,3.49,0.044999957,3970.0,52.5,16.1,1.355
2M05413053-0124465,05413053-0124465,85.377222,-1.412925,-0.33,0.099999994,0.28,0.085,3.52,0.11500001,4975.0,218.5,24.27,1.4799995,-0.17,0.035000004,-0.04,0.024999999,3.22,0.024999976,5270.0,46.0,24.26,0.8299999,-0.27,0.024999999,0.14,0.025000002,3.16,0.059999943,4947.0,40.0,23.82,1.1549997
2M05413194-0155186,05413194-0155186,85.383091,-1.921837,-0.42,0.08999999,-0.09,0.07,3.21,0.11500001,3703.0,120.0,38.42,3.3999996,-0.36,0.059999987,-0.1,0.03,3.41,0.07500005,3739.0,74.5,37.04,2.8150005,-0.38,0.019999996,-0.06,0.02,3.27,0.029999971,3645.0,45.5,33.76,1.5799999
2M05413275-0157574,05413275-0157574,85.386474,-1.965951,0.09,0.12,0.0,0.065,4.08,0.21000004,3648.0,116.0,32.33,4.959999,0.02,0.120000005,-0.01,0.120000005,4.1,0.18999994,3914.0,148.5,50.35,16.64,-0.04,0.095,-0.05,0.075,3.81,0.13,3789.0,123.5,37.78,3.8500004
2M05413436-0201507,05413436-0201507,85.393168,-2.030756,0.04,0.075,0.05,0.085,4.25,0.17499995,4579.0,215.75,30.53,2.6850004,0.05,0.045,-0.02,0.049999997,4.39,0.13499999,4400.0,67.5,29.15,1.4849997,-0.07,0.045,0.03,0.024999999,3.8,0.12500012,4361.0,46.0,29.09,0.83500004
2M05413472-0217241,05413472-0217241,85.394674,-2.29004,-0.68,0.34999996,0.1,0.22,3.26,0.20500004,3319.0,110.5,19.44,3.88,0.06,0.155,-0.06,0.025,3.79,0.07999992,3248.0,41.0,19.21,2.7300005,-0.12,0.075,-0.03,0.015,3.55,0.06499994,3184.0,42.5,15.61,1.415
2M05413476-0142500,05413476-0142500,85.394839,-1.713906,-0.45,0.13,-0.08,0.095,3.21,0.13499999,3700.0,173.5,19.89,3.6850004,-0.27,0.095,0.25,0.21499999,3.62,0.21000004,4203.0,136.875,25.01,4.665,-0.19,0.044999994,-0.06,0.025,3.8,0.09500003,3832.0,58.5,19.45,1.1700001
2M05413545-0152288,05413545-0152288,85.397742,-1.874687,-0.33,0.14,0.16,0.185,3.67,0.20500004,4072.5,161.0,26.63,5.339999,-0.44,0.034999996,-0.07,0.025000002,3.17,0.044999957,3784.0,54.0,21.65,2.3150005,-0.37,0.024999991,-0.04,0.025,3.39,0.045000076,3774.0,65.5,19.87,1.3699999
2M05413669-0152432,05413669-0152432,85.402908,-1.878684,-0.22,0.054999992,-0.03,0.04,3.45,0.06999993,3865.0,71.0,34.68,3.1399994,-0.15,0.09,-0.01,0.095,3.3,0.15999997,4097.0,167.0,39.36,4.875,-0.2,0.034999996,-0.09,0.02,3.48,0.059999943,3826.0,71.5,30.47,2.0999994
2M05413671-0147381,05413671-0147381,85.40296,-1.793923,-0.69,0.08499998,0.04,0.19500001,3.24,0.25,4291.0,119.75,26.52,5.3199997,-0.71,0.08000001,-0.1,0.1,3.4,0.15499997,4166.0,251.0,22.41,2.7650003,-0.71,0.060000002,-0.01,0.07,3.24,0.13999999,4207.0,69.5,23.15,2.42
2M05413714-0146597,05413714-0146597,85.404756,-1.783268,-0.6,0.10499999,0.14,0.235,3.18,0.18499994,4310.0,145.0,27.95,5.6100006,-0.75,0.060000002,-0.17,0.045,3.22,0.044999957,3793.5,199.0,23.6,3.505,-0.56,0.055000007,-0.14,0.074999996,3.65,0.13,3845.0,181.0,24.31,2.5949993
2M05413744-0149532,05413744-0149532,85.406041,-1.831465,-0.6,0.099999994,0.05,0.14500001,3.36,0.22500002,4391.0,121.0,36.65,4.7400017,-0.71,0.030000001,-0.04,0.02,3.03,0.09500003,4197.0,69.0,30.79,2.0149994,-0.67,0.030000001,-0.01,0.015,3.2,0.07999992,4220.0,40.0,29.99,1.5499992
2M05413789-0153112,05413789-0153112,85.407914,-1.886465,-0.23,0.03999999,0.17,0.035,3.6,0.08500004,4581.0,58.5,54.97,1.9249992,-0.19,0.019999996,0.19,0.029999994,3.62,0.04000008,4544.0,44.5,54.35,1.3449993,-0.17,0.015000001,0.1,0.02,3.75,0.03999996,4471.0,44.5,53.51,0.92499924
2M05413821-0155361,05413821-0155361,85.409236,-1.92672,-0.71,0.034999996,-0.11,0.02,3.36,0.045000076,3902.0,45.0,138.75,3.4350052,-0.83,0.044999987,-0.14,0.020000003,3.35,0.04000008,3681.0,52.5,24.22,4.5150003,-0.75,0.029999971,-0.12,0.019999996,3.24,0.09000003,3850.0,24.5,142.21,2.8649979
2M05413838-0215324,05413838-0215324,85.409923,-2.259013,-1.8,0.07999998,0.24,0.060000002,3.13,0.05000007,5195.0,36.25,188.37,4.380005,-1.99,0.04000002,0.29,0.050000004,2.9,0.054999948,5123.0,26.5,179.55,3.5199966,-1.84,0.030000031,-0.05,0.055,2.86,0.06500006,5094.0,31.5,197.41,6.095001
2M05413908-0153582,05413908-0153582,85.412866,-1.899523,-0.42,0.040000007,-0.13,0.114999995,3.28,0.059999943,5854.0,61.5,178.77,7.5199966,-0.48,0.03999999,-0.15,0.060000002,2.98,0.049999952,5646.0,56.5,147.04,5.345001,-0.51,0.03999999,0.32,0.065,3.11,0.035000086,5654.0,38.0,169.47,3.6149979
2M05414055-0113484,05414055-0113484,85.418989,-1.230115,-1.03,0.055000007,0.04,0.045,3.28,0.06999993,4131.0,47.5,23.85,2.835,-1.01,0.07000002,0.07,0.09,2.84,0.23000002,4198.0,72.0,28.52,3.9900007,-0.64,0.060000002,-0.08,0.015000002,4.13,0.109999895,3839.0,38.5,19.38,1.8850002
2M05414141-0143533,05414141-0143533,85.422543,-1.731499,-0.35,0.13,-0.07,0.25,3.62,0.21000004,4887.0,254.75,77.61,6.4399986,-0.38,0.024999991,-0.02,0.024999999,3.67,0.04000008,4768.0,41.5,77.32,1.8300018,-0.41,0.015000001,0.08,0.025,3.58,0.03999996,4662.0,43.0,76.87,1.0950012
2M05414248-0148013,05414248-0148013,85.427036,-1.800373,-0.51,0.040000007,-0.07,0.025,3.66,0.09000003,4624.0,58.0,31.31,1.8699999,-0.48,0.075,-0.34,0.114999995,3.51,0.09499991,4867.0,135.5,33.29,2.6349993,-0.51,0.00999999,-0.14,0.010000002,3.66,0.01999998,4637.0,18.0,30.11,1.1050005
2M05414309-0210262,05414309-0210262,85.429549,-2.173972,-0.14,0.095,0.19,0.13499999,4.01,0.20000005,4472.0,117.0,19.68,2.63,-0.05,0.030000001,-0.06,0.02,4.23,0.045000076,4340.0,47.5,19.21,1.3450003,-0.08,0.015000002,0.02,0.02,3.78,0.06500006,4324.0,36.0,19.18,0.64500046
2M05414316-0203541,05414316-0203541,85.429847,-2.065031,-0.17,0.095000006,0.09,0.14999999,3.9,0.16000009,4327.0,147.0,26.08,4.5,-0.11,0.04,0.02,0.04,4.41,0.07999992,4344.0,46.0,23.3,1.8550005,-0.2,0.024999999,-0.01,0.024999999,3.88,0.08500004,4234.0,43.5,24.09,0.96000004
2M05414344-0203482,05414344-0203482,85.431025,-2.063408,-0.05,0.17500001,0.06,0.120000005,4.13,0.23500001,3785.0,221.0,24.14,4.865,0.09,0.065000005,0.02,0.06,4.28,0.09000015,3720.0,67.5,20.65,2.6149998,0.01,0.02,-0.07,0.02,3.75,0.054999948,3530.0,33.0,19.58,1.3600006
2M05414380-0146457,05414380-0146457,85.4325,-1.779375,-0.41,0.225,0.13,0.145,3.67,0.19999993,3605.0,175.0,19.36,5.2049994,-0.12,0.080000006,0.06,0.074999996,4.13,0.09500003,3587.0,69.0,17.22,2.4900002,-0.07,0.04,-0.04,0.02,3.74,0.049999952,3440.0,32.0,14.63,1.1799998
2M05414468-0216565,05414468-0216565,85.43619,-2.28238,-0.57,0.31,0.23,0.14999999,3.42,0.22500002,3280.0,93.5,24.59,4.2699995,-0.63,0.07499999,-0.01,0.065,3.12,0.110000014,3240.0,57.0,20.97,3.085,-0.44,0.105000004,0.01,0.04,3.1,0.11500001,3161.0,53.5,21.16,1.7950001
2M05414549-0224162,05414549-0224162,85.439546,-2.404513,-0.41,0.155,-0.1,0.06,3.21,0.18500006,3615.0,128.5,23.93,3.25,-0.41,0.060000002,-0.1,0.024999999,3.27,0.049999952,3617.0,61.5,21.25,2.1499996,-0.24,0.07000001,-0.05,0.02,3.37,0.07000005,3428.0,38.0,19.74,1.46
2M05414641-0150111,05414641-0150111,85.44339,-1.836437,-0.74,0.14500001,-0.08,0.07,3.31,0.125,3642.0,134.0,17.28,3.415,-0.65,0.08500001,0.0,0.08,3.73,0.17499995,3813.0,91.875,18.88,3.9499998,-0.49,0.094999984,-0.09,0.035,3.45,0.100000024,3542.0,40.5,15.36,1.6949997
2M05414690-0149573,05414690-0149573,85.445436,-1.832598,-0.45,0.095,0.2,0.099999994,3.52,0.18499994,4190.0,74.0,14.67,1.2099996,-0.43,0.07499999,-0.05,0.045,3.92,0.17499995,4171.0,91.0,14.64,3.2449994,-0.44,0.045,-0.02,0.05,3.63,0.13999999,4124.0,56.5,14.34,1.5900002
2M05414702-0149265,05414702-0149265,85.445941,-1.824034,-0.29,0.055,0.15,0.065,3.36,0.07500005,4098.0,88.0,20.36,2.5249996,-0.19,0.074999996,0.25,0.114999995,3.87,0.16999996,4188.0,86.5,23.94,3.2250004,-0.28,0.040000007,-0.07,0.024999999,3.49,0.054999948,3789.0,67.5,19.57,1.3100004
2M05414712-0150353,05414712-0150353,85.446346,-1.843154,-0.31,0.13,0.07,0.145,3.57,0.23000002,3961.0,201.75,18.38,4.6900005,-0.37,0.049999997,-0.1,0.03,3.34,0.055000067,3685.0,85.5,15.89,1.9899998,-0.38,0.03999999,-0.04,0.035,3.27,0.06499994,3768.0,75.0,15.04,1.1799998
2M05414780-0159036,05414780-0159036,85.449173,-1.984335,-1.6,0.07499999,-0.16,0.040000003,3.29,0.06999993,3879.0,61.5,22.81,3.8649998,-1.38,0.08500004,-0.16,0.044999998,3.46,0.16499996,4089.0,144.5,43.31,6.1900005,-1.38,0.01999998,-0.16,0.015000001,3.64,0.03000009,3842.0,39.5,20.44,2.4250002
2M05415003-0157306,05415003-0157306,85.458469,-1.958519,-0.43,0.06999999,0.04,0.044999998,3.37,0.07000005,3474.0,52.5,17.8,2.3199997,-0.32,0.11999999,0.11,0.074999996,3.71,0.14499998,3484.0,65.5,18.37,2.6350002,-0.3,0.034999996,0.0,0.015,3.28,0.034999967,3359.0,30.0,15.83,1.4199996
2M05415140-0229512,05415140-0229512,85.464167,-2.497561,-1.04,0.06999999,-0.33,0.074999996,3.59,0.09000003,5782.0,102.25,92.84,11.16,-1.1,0.06999999,-0.53,0.13999999,3.3,0.07500005,5603.0,62.5,172.86,11.43,-1.16,0.055000007,-0.36,0.115,3.13,0.07500005,5494.0,70.0,148.64,18.195
2M05415185-0136304,05415185-0136304,85.46605,-1.60847,0.11,0.080000006,-0.08,0.030000001,3.68,0.049999952,3261.0,50.5,15.23,1.7450004,0.18,0.08,-0.06,0.025,4.16,0.06499982,3350.0,57.0,18.06,2.1850004,0.0,0.060000002,-0.06,0.015000001,3.66,0.07000005,3283.0,34.5,15.09,1.3299999
2M05415209-0155183,05415209-0155183,85.467066,-1.921756,-0.37,0.099999994,0.06,0.085,3.4,0.25,3893.0,215.5,36.19,5.284999,-0.34,0.09499999,0.07,0.06,3.94,0.09500003,3902.0,75.0,30.23,3.2299995,-0.3,0.08,-0.07,0.060000002,3.71,0.08499992,3731.0,78.0,29.49,2.209999
2M05415215-0157174,05415215-0157174,85.467317,-1.954859,-0.53,0.10000001,0.15,0.075,3.82,0.1450001,4167.0,87.5,20.48,2.8150005,-0.56,0.075,0.29,0.13000001,3.34,0.100000024,4283.0,69.5,20.18,2.545,-0.57,0.045000017,-0.06,0.045,3.37,0.09500003,4005.0,123.0,16.06,1.6900005
2M05415257-0203515,05415257-0203515,85.469076,-2.064329,-0.31,0.07000001,0.25,0.10000001,3.26,0.17999995,4420.0,51.5,81.71,3.2549973,-0.28,0.055,0.18,0.049999997,3.17,0.18500006,4368.0,53.5,76.7,4.075001,-0.19,0.014999993,0.1,0.009999998,3.65,0.025000095,4400.0,18.0,80.15,1.0400009
2M05415284-0247548,05415284-0247548,85.470177,-2.798562,-0.97,0.13,-0.35,0.14,3.32,0.19500005,5502.0,133.5,26.17,4.9749994,-0.93,0.10499999,-0.23,0.2,3.53,0.13,5676.0,120.25,28.74,5.5300007,-0.9,0.06999999,-0.5,0.13499999,3.42,0.20000005,5572.0,156.5,24.06,2.5599995
2M05415294-0156351,05415294-0156351,85.470604,-1.94311,-0.18,0.055000003,0.17,0.12,3.56,0.17999995,4391.0,89.5,19.0,1.4949999,-0.21,0.080000006,0.12,0.11,3.38,0.13999999,4490.0,186.0,20.21,2.1800003,-0.21,0.020000003,-0.03,0.02,3.74,0.059999943,4293.0,39.5,18.96,0.8000002
2M05415419-0148017,05415419-0148017,85.475811,-1.80048,-0.63,0.22000001,0.11,0.155,3.38,0.17999995,3410.0,102.5,93.78,15.195,-0.37,0.095,-0.02,0.049999997,3.4,0.08000004,3372.5,76.5,73.77,8.834999,-0.42,0.034999996,0.02,0.030000001,3.35,0.045000076,3266.0,47.0,75.92,2.8149986
2M05415656-0146168,05415656-0146168,85.485703,-1.771339,-0.3,0.13999999,0.19,0.14,3.69,0.23000002,3606.0,159.5,31.03,5.9800005,-0.26,0.08,-0.01,0.055,3.59,0.09500003,3611.0,89.5,26.16,2.8049994,-0.33,0.074999996,-0.04,0.04,3.27,0.125,3453.0,54.0,24.05,1.0900002
2M05420467-0157389,05420467-0157389,85.519488,-1.960821,-0.37,0.16499999,-0.03,0.120000005,3.45,0.23500001,3653.0,221.875,46.65,7.6050014,0.04,0.135,0.04,0.075,4.27,0.19999981,3634.0,107.375,21.43,3.3450003,-0.27,0.120000005,-0.07,0.05,3.54,0.17499995,3486.0,59.5,20.38,2.2299995
2M05420597-0152522,05420597-0152522,85.524878,-1.881183,-0.39,0.16,0.16,0.14,3.36,0.28999996,3935.0,195.0,19.99,4.1850004,-0.43,0.03500001,-0.11,0.03,3.19,0.049999952,3655.0,70.5,15.91,2.04,-0.33,0.034999996,-0.05,0.024999999,3.44,0.059999943,3671.0,53.0,14.89,1.29
2M05421125-0159437,05421125-0159437,85.546896,-1.995491,-0.11,0.1,0.1,0.14,3.98,0.26,4438.0,175.0,21.72,2.6099997,-0.09,0.03,0.13,0.049999997,4.09,0.059999943,4378.0,48.0,20.57,1.79,-0.12,0.014999997,0.0,0.015,3.73,0.03999996,4214.0,44.5,19.97,0.9949999
2M05421241-0205097,05421241-0205097,85.551724,-2.086039,0.01,0.065,-0.07,0.05,3.77,0.07499993,3537.0,53.5,24.6,2.7649994,0.05,0.060000002,0.02,0.05,3.95,0.07000005,3515.0,63.5,24.55,2.6850004,-0.15,0.030000001,-0.04,0.02,3.4,0.044999957,3419.0,25.0,23.63,2.0149994
2M05421620-0156148,05421620-0156148,85.567535,-1.937472,-0.09,0.245,0.1,0.17,3.92,0.2349999,3536.5,174.375,21.51,8.860001,0.08,0.14,0.1,0.105000004,4.28,0.14499998,3542.0,134.75,18.13,3.5800004,0.05,0.06,0.04,0.05,3.8,0.09000003,3349.0,46.0,15.13,1.5050001
2M05422123-0159104,05422123-0159104,85.58849,-1.986231,-0.11,0.080000006,-0.01,0.105000004,4.0,0.14499998,3918.0,136.0,26.32,2.9899998,-0.15,0.045,-0.06,0.035,3.72,0.06999993,3752.0,58.0,23.09,2.3399992,-0.17,0.019999996,-0.03,0.02,3.6,0.03000009,3671.0,38.0,21.53,1.4049997
2M05422620-0120226,05422620-0120226,85.609198,-1.339619,-0.23,0.155,0.13,0.17500001,3.71,0.21500003,3930.0,150.0,51.37,8.325001,-0.29,0.025000006,-0.04,0.02,3.47,0.03999996,3765.0,34.0,45.14,1.9399986,-0.24,0.034999996,0.0,0.03,3.57,0.03999996,3736.0,38.0,43.35,1.3000011
2M05422853-0042057,05422853-0042057,85.618881,-0.701601,-0.33,0.049999997,0.03,0.04,3.41,0.14499998,4111.0,45.0,63.52,2.8399982,-0.28,0.04500001,-0.03,0.055,3.6,0.08500004,3966.0,103.5,64.43,3.5549984,-0.22,0.020000003,-0.07,0.02,3.82,0.03999996,3847.0,54.0,59.04,1.8649998
2M05424017-0211256,05424017-0211256,85.667401,-2.190469,-0.27,0.225,0.05,0.099999994,3.88,0.16499996,3875.0,233.0,13.64,3.7399998,0.08,0.035,-0.06,0.035,4.03,0.059999943,3565.0,68.375,11.15,2.0550003,-0.17,0.095,0.04,0.075,3.8,0.110000014,3657.0,76.0,11.32,1.8200002
2M05425558+0032273,05425558+0032273,85.731601,0.540921,-0.83,0.095,-0.11,0.24,3.43,0.125,5933.0,103.5,80.19,18.779999,-1.09,0.22,0.43,0.3,3.35,0.15999997,5851.0,152.5,107.44,10.73,-0.8,0.07000002,-0.14,0.1,3.47,0.11500001,5927.0,94.5,77.92,5.334999
2M05225294+0055578,05225294+0055578,80.720587,0.932748,-0.47,0.044999987,0.03,0.055,3.58,0.06500006,6340.0,77.5,120.31,8.43,-0.46,0.06499998,-0.03,0.04,3.7,0.059999943,6475.0,69.0,84.06,5.970001,-0.55,0.059999987,0.15,0.065,3.54,0.034999967,6304.0,36.5,71.61,2.4749985
2M05240804+0227468,05240804+0227468,81.033524,2.463003,-1.43,0.045000017,-0.06,0.049999997,3.71,0.07499993,5818.0,65.5,19.05,2.6999998,-1.52,0.029999971,0.59,0.025000006,3.2,0.054999948,5439.0,41.5,174.24,2.5800018,-1.36,0.024999976,-0.18,0.045,3.58,0.07500005,5689.0,59.0,15.65,2.5550003
2M05244279+0143482,05244279+0143482,81.178327,1.730061,-1.21,0.01999998,0.13,0.010000002,3.54,0.05000007,5671.0,38.75,115.34,2.3199997,-1.15,0.045000017,-0.28,0.050000004,3.35,0.055000067,5556.0,43.5,137.59,3.8549957,-1.21,0.02000004,0.11,0.024999999,3.46,0.034999967,5599.0,31.5,130.6,3.6599998
2M05254589+0145500,05254589+0145500,81.441221,1.763914,-0.27,0.020000003,0.02,0.015,3.75,0.034999967,4321.0,55.5,23.88,0.76500034,-0.22,0.015000001,0.07,0.014999999,4.06,0.044999957,4407.0,30.25,23.84,0.6199999,-0.23,0.009999998,0.01,0.015,3.89,0.0200001,4307.0,30.0,20.9,1.0300007
2M05254676+0032538,05254676+0032538,81.444863,0.548295,-0.16,0.049999997,-0.01,0.035,4.04,0.08499992,4282.0,76.875,32.17,2.1900005,-0.09,0.065,0.01,0.065,4.11,0.15499985,4408.0,153.0,36.35,4.76,-0.15,0.020000003,-0.04,0.02,4.0,0.04000008,4195.0,59.5,32.96,1.5349998
2M05255605-0216016,05255605-0216016,81.483542,-2.267113,-0.04,0.04,-0.06,0.04,4.04,0.049999952,4163.0,77.5,20.35,1.9549999,-0.03,0.02,0.03,0.02,4.12,0.024999857,4284.0,47.0,19.39,1.1599998,-0.02,0.04,0.0,0.024999999,4.02,0.08000004,4171.0,36.5,19.1,0.58500004
2M05264162-0040524,05264162-0040524,81.673429,-0.681226,-0.28,0.114999995,0.24,0.19,4.12,0.16999996,4154.0,145.5,19.33,3.87,-0.1,0.07,0.08,0.065,4.57,0.13499999,4086.0,97.0,16.55,2.4000006,-0.19,0.030000001,-0.05,0.02,3.79,0.059999943,3714.0,63.5,15.28,1.52
2M05264210-0041088,05264210-0041088,81.675423,-0.685785,-0.47,0.105000004,0.02,0.105,3.67,0.255,4120.5,201.5,29.2,9.914999,-0.41,0.095,0.09,0.11,4.2,0.125,4145.0,150.0,22.69,3.5749998,-0.35,0.055000007,-0.05,0.025,4.18,0.19000006,3913.0,71.0,17.66,2.5100002
2M05265352-0109022,05265352-0109022,81.723032,-1.150627,-0.59,0.03999999,-0.05,0.045,3.54,0.06499994,4660.0,114.0,43.81,2.2800007,-0.54,0.110000014,0.01,0.095,3.38,0.14499998,4726.0,175.0,50.11,7.2649994,-0.65,0.02000001,0.0,0.015,3.3,0.024999976,4444.0,43.0,39.19,1.2199993
2M05265537+0140224,05265537+0140224,81.730735,1.672914,-0.43,0.07000001,-0.06,0.02,3.88,0.06500006,3728.0,60.5,19.78,2.7349997,-0.53,0.10500002,0.11,0.065,3.99,0.100000024,3748.0,68.5,20.38,3.6899996,-0.37,0.019999996,-0.06,0.015,3.73,0.034999967,3523.0,34.5,15.74,2.0400004
2M05270195-0130533,05270195-0130533,81.75814,-1.514815,-0.3,0.050000004,0.19,0.085,3.9,0.08000004,4681.0,83.5,17.18,1.5950003,-0.29,0.03500001,0.09,0.03,3.82,0.07500005,4691.0,83.0,16.86,1.4799995,-0.31,0.025000006,0.06,0.02,3.69,0.054999948,4555.0,52.0,16.02,1.0050001
2M05270547+0025075,05270547+0025075,81.772809,0.418756,-0.92,0.07999998,-0.15,0.19,3.97,0.23500001,5636.0,131.5,47.88,6.5599995,-1.02,0.07000002,-0.41,0.03999999,3.32,0.08500004,5309.0,81.5,42.8,2.4400005,-0.89,0.025000006,-0.39,0.045,3.68,0.054999948,5500.0,43.5,39.1,1.3649998
2M05270776-0129461,05270776-0129461,81.782334,-1.496144,-0.09,0.034999996,-0.03,0.024999999,4.18,0.044999838,4148.0,59.5,32.91,1.9850006,-0.12,0.05,0.22,0.145,4.28,0.14499998,4320.0,103.0,33.96,3.1350002,-0.14,0.030000001,-0.02,0.024999999,4.0,0.08500004,4106.0,39.0,32.35,1.6599998
2M05273518-0045235,05273518-0045235,81.896593,-0.756541,-0.62,0.025000006,0.06,0.015000001,3.31,0.029999971,4370.0,38.0,39.16,1.0500011,-0.57,0.030000001,0.04,0.035,3.66,0.06500006,4390.0,45.0,39.31,2.1299992,-0.58,0.01999998,0.01,0.02,3.46,0.06499994,4327.0,42.5,38.24,0.8650017
2M05274199-0144217,05274199-0144217,81.924991,-1.739375,-0.13,0.055,0.16,0.045,3.96,0.08499992,4379.0,55.5,23.61,2.0100002,-0.21,0.019999996,0.01,0.015,3.88,0.04000008,4305.0,49.5,21.33,1.0799999,-0.2,0.014999993,-0.01,0.02,3.9,0.045000076,4202.0,42.0,20.26,0.92999935
2M05281531+0127339,05281531+0127339,82.06382,1.459429,-0.18,0.045,0.04,0.07,4.26,0.11000013,6123.0,111.0,17.55,1.375,-0.17,0.024999999,-0.11,0.014999997,4.19,0.03999996,6087.0,50.5,16.57,1.3800001,-0.32,0.02000001,-0.01,0.02,3.74,0.03999996,5627.0,40.0,16.41,0.94000053
2M05291271-0010187,05291271-0010187,82.302961,-0.171881,-0.24,0.08,0.37,0.11,3.93,0.17000008,4211.0,73.5,16.53,2.1900005,-0.07,0.06,0.18,0.065,4.61,0.16499996,4176.0,63.5,14.26,2.62,-0.08,0.06,-0.02,0.035,4.09,0.09500003,3897.0,57.5,14.53,0.88499975
2M05292326-0125153,05292326-0125153,82.346926,-1.42092,-0.68,0.055000007,0.2,0.13,3.66,0.23500001,4296.0,94.0,33.75,3.1150007,-0.59,0.065,-0.06,0.04,4.16,0.07999992,4098.0,123.5,31.18,2.5749998,-0.57,0.025000006,-0.1,0.015000001,3.85,0.025000095,3789.0,58.5,24.72,2.0349998
2M05293176+0251217,05293176+0251217,82.382372,2.856041,0.42,0.21000001,-0.09,0.025,3.96,0.08500016,3194.0,70.5,19.39,3.5200005,0.05,0.11,-0.04,0.05,4.16,0.11500001,3370.0,78.5,18.61,3.2349997,0.09,0.074999996,-0.05,0.02,3.8,0.10500002,3211.0,47.0,15.48,1.5500002
2M05294511+0215396,05294511+0215396,82.437977,2.261001,-0.42,0.025000006,0.04,0.015,3.48,0.059999943,4348.0,51.5,24.74,1.0499992,-0.39,0.040000007,0.09,0.049999997,3.89,0.08500004,4413.0,59.5,23.64,2.2600002,-0.42,0.030000001,-0.01,0.03,3.56,0.10500002,4286.0,55.0,23.53,1.9750004
2M05294805-0023434,05294805-0023434,82.450214,-0.395398,-0.95,0.10499999,-0.13,0.15,3.71,0.11500001,5983.0,84.0,143.63,15.260002,-1.02,0.095,-0.39,0.08500001,3.63,0.100000024,5904.0,96.0,147.04,11.209999,-0.81,0.065,-0.55,0.08499999,3.64,0.03999996,5894.0,36.0,192.77,11.114998
2M05294839+0254474,05294839+0254474,82.451645,2.913183,-0.78,0.044999987,0.12,0.07,3.64,0.07000005,4492.0,55.5,29.74,1.71,-0.73,0.030000001,-0.04,0.030000001,3.96,0.09500003,4420.0,47.25,29.13,1.0450001,-0.79,0.034999996,0.0,0.015,3.6,0.08000004,4381.0,43.5,28.71,0.78999996
2M05295026-0102088,05295026-0102088,82.459423,-1.035795,-0.33,0.085,-0.53,0.15999998,3.85,0.18000007,6066.0,145.0,52.7,7.1399994,-0.42,0.045,-0.18,0.044999994,3.71,0.059999943,5963.0,58.5,43.85,3.4499989,-0.37,0.024999991,-0.32,0.045,3.64,0.060000062,5929.0,54.0,43.93,2.295
2M05300093-0059367,05300093-0059367,82.503899,-0.993539,-0.1,0.080000006,0.05,0.065,4.06,0.12499988,3876.0,84.0,24.37,3.0349998,-0.08,0.215,0.23,0.175,4.28,0.20000005,3991.0,170.0,23.9,4.4700003,-0.01,0.07,-0.05,0.065,3.91,0.15500009,3667.0,86.0,20.77,1.8999996
2M05300369-0155467,05300369-0155467,82.515406,-1.929639,-0.35,0.114999995,0.05,0.065,3.76,0.09500003,3781.0,81.0,17.25,3.1149998,-0.01,0.060000002,-0.05,0.04,3.94,0.09500003,3577.0,69.5,17.2,3.065,-0.08,0.04,-0.05,0.02,3.73,0.06499994,3546.0,40.5,14.61,1.1149998
2M05302823-0153309,05302823-0153309,82.617655,-1.891927,0.11,0.060000002,-0.06,0.03,4.33,0.08500004,3878.0,43.0,32.12,3.08,-0.03,0.08,0.07,0.075,4.34,0.10000014,3929.0,85.0,29.32,2.7699995,0.0,0.024999999,-0.06,0.025,3.87,0.03000009,3655.0,60.5,25.15,1.9650002
2M05303164+0203051,05303164+0203051,82.631874,2.051433,-0.42,0.08,-0.07,0.06,3.82,0.09500003,4118.0,137.0,28.69,3.0950003,-0.4,0.11,0.02,0.125,3.9,0.19999993,4230.0,142.0,30.7,9.6,-0.44,0.060000002,-0.08,0.03,3.7,0.10500002,3832.0,80.75,21.45,2.2650003
2M05305152-0008092,05305152-0008092,82.714675,-0.135898,-0.34,0.045,0.05,0.060000002,3.65,0.05000007,6499.0,74.0,183.5,7.084999,-0.39,0.030000001,0.16,0.035,3.71,0.054999948,6484.0,53.0,155.14,2.1900024,-0.32,0.025000006,-0.02,0.03,3.57,0.03000009,6345.0,29.0,187.42,3.6749954
2M05305785-0040376,05305785-0040376,82.741051,-0.677132,-0.39,0.08,0.37,0.17000002,3.4,0.13,4321.0,87.5,24.6,3.4750004,-0.31,0.095,0.24,0.099999994,3.86,0.16999996,4343.0,93.25,29.2,5.040001,-0.33,0.015000001,0.07,0.020000001,3.81,0.034999967,4131.0,30.5,20.1,1.3649998
2M05310005-0026513,05310005-0026513,82.750223,-0.447611,-0.1,0.045,0.23,0.089999996,4.11,0.099999905,4338.0,66.5,18.89,1.8149996,-0.13,0.04,0.06,0.035,3.85,0.12500012,4224.0,69.875,18.99,1.9349995,-0.07,0.020000001,-0.01,0.02,4.13,0.029999971,4116.0,37.5,15.49,1.2350006
2M05313893-0245026,05313893-0245026,82.912223,-2.750724,-0.2,0.050000004,0.11,0.035,4.08,0.12999988,4283.0,57.5,171.48,6.4000015,-0.24,0.049999997,0.17,0.095,4.1,0.13999999,4288.0,79.0,161.46,5.3099976,-0.31,0.019999996,0.0,0.025,3.65,0.060000062,4147.0,28.0,160.45,3.3199997
2M05320040-0140110,05320040-0140110,83.001683,-1.669735,-0.2,0.035000004,-0.08,0.020000001,4.31,0.045000076,3994.0,81.875,13.85,2.245,-0.28,0.07,0.09,0.07,4.29,0.125,4251.0,105.5,16.2,2.475,-0.2,0.034999996,0.0,0.04,4.21,0.06500006,4073.0,97.5,14.6,1.2800002
2M05320347-0156321,05320347-0156321,83.014476,-1.942253,-0.17,0.045,0.08,0.06,4.28,0.14499998,4434.0,73.0,22.27,2.1499996,-0.19,0.034999996,0.1,0.029999997,4.11,0.055000067,4424.0,48.5,21.53,1.8549995,-0.23,0.019999996,0.0,0.01,3.79,0.06500006,4296.0,36.5,20.15,1.085
2M05320638-0111000,05320638-0111000,83.026606,-1.183349,-0.68,0.120000005,-0.08,0.055,3.39,0.21500003,3796.0,194.0,64.14,15.215002,-0.39,0.165,-0.13,0.055,3.76,0.120000005,3677.0,132.375,73.52,12.755001,-0.41,0.024999991,-0.06,0.01,3.9,0.04000008,3630.0,20.0,33.48,3.495
2M05320641-0126435,05320641-0126435,83.026715,-1.44544,-0.03,0.22999999,-0.07,0.06,3.68,0.15999997,3424.0,108.0,23.16,5.7249994,-0.35,0.22,0.12,0.185,3.88,0.24499989,3670.0,203.0,22.91,11.844999,-0.04,0.030000001,-0.03,0.01,3.72,0.029999971,3355.0,32.5,14.74,1.2749996
2M05320780+0017047,05320780+0017047,83.032541,0.284654,-0.19,0.075,0.17,0.09,4.33,0.10000014,3834.0,76.5,31.32,3.42,-0.14,0.089999996,0.03,0.065,4.08,0.100000024,3743.5,93.0,31.7,3.5150003,-0.27,0.029999994,-0.05,0.015000001,3.72,0.044999957,3648.0,28.0,28.39,1.2699995
2M05320993-0249467,05320993-0249467,83.041401,-2.829663,-0.95,0.09500003,0.18,0.115,3.48,0.089999914,5257.0,125.5,57.52,4.919998,-0.74,0.08500001,-0.26,0.095000006,3.9,0.11500001,5562.0,130.5,51.42,3.244999,-0.92,0.049999982,0.0,0.055,3.47,0.13,5216.0,90.0,48.59,1.3549995
2M05321016-0037124,05321016-0037124,83.042342,-0.620115,-0.05,0.03,0.02,0.035,4.54,0.14999986,4400.0,63.0,12.99,1.9299998,-0.03,0.060000002,-0.03,0.049999997,4.33,0.11500001,4365.0,72.0,15.28,1.8450003,-0.13,0.015000001,-0.02,0.015,4.04,0.029999971,4253.0,39.0,14.44,0.66499996
2M05321496-0158263,05321496-0158263,83.062361,-1.973996,-0.2,0.08500001,-0.06,0.040000003,3.74,0.10500002,3638.0,85.0,14.9,2.815,-0.08,0.135,-0.1,0.05,4.04,0.18000007,3688.0,104.0,14.26,3.2900004,0.01,0.02,-0.06,0.015,3.87,0.025000095,3525.0,30.25,11.36,1.98
2M05321787-0031415,05321787-0031415,83.074493,-0.528197,-0.57,0.11,0.08,0.135,3.26,0.19500005,3972.0,211.0,30.05,5.8100004,-0.12,0.09,-0.1,0.03,3.94,0.08500004,3616.0,71.5,22.12,2.9649992,-0.32,0.025000006,-0.04,0.01,3.82,0.045000076,3648.0,26.5,19.1,1.0999994
2M05322557-0017343,05322557-0017343,83.106552,-0.29287,-0.18,0.255,0.12,0.2,3.97,0.26,3693.0,236.5,24.26,17.33,-0.05,0.060000002,0.07,0.049999997,4.09,0.08500004,3548.0,63.5,16.94,2.6099997,0.07,0.125,-0.03,0.035,3.8,0.15499997,3382.0,56.5,14.51,1.6500001
2M05322569-0157112,05322569-0157112,83.107062,-1.953122,-0.28,0.025000006,-0.0,0.015,3.77,0.029999971,4178.0,48.0,24.13,1.1750002,-0.29,0.04500001,-0.01,0.024999999,3.76,0.059999943,4198.0,66.0,24.02,1.5450001,-0.27,0.024999999,0.0,0.015,3.83,0.045000076,4103.0,38.5,21.0,1.4449997
2M05322578-0036533,05322578-0036533,83.107422,-0.614815,-0.53,0.095,0.01,0.09,3.37,0.10500002,3994.0,145.0,23.62,4.12,-0.48,0.09999998,0.08,0.095,3.41,0.125,4089.0,184.0,23.81,3.875,-0.34,0.040000007,-0.07,0.01,3.68,0.08000004,3630.0,33.0,15.48,2.2150002
2M05324233-0026344,05324233-0026344,83.176391,-0.442893,-0.19,0.055,0.07,0.065,4.21,0.10500002,4175.0,85.0,13.47,2.1800003,-0.21,0.07000001,-0.01,0.05,4.31,0.07500005,4139.0,78.5,13.41,2.38,-0.13,0.075,0.02,0.06,4.25,0.18999982,4065.0,108.0,11.2,1.7800002
2M05324742-0040341,05324742-0040341,83.197621,-0.676152,-0.11,0.115,0.14,0.1,4.13,0.12999988,3897.0,149.0,16.77,3.6100001,-0.22,0.205,0.33,0.17500001,4.2,0.26999998,4133.0,145.5,15.37,2.2749996,-0.03,0.065,-0.04,0.049999997,4.24,0.11000013,3827.0,53.0,11.23,1.7799997
2M05330077-0036208,05330077-0036208,83.253244,-0.605783,-0.15,0.035000004,0.15,0.045,3.81,0.07499993,4286.0,62.5,30.21,1.8249989,-0.06,0.155,0.05,0.175,3.84,0.19500005,4339.0,321.25,35.73,7.33,-0.15,0.020000003,0.01,0.025,3.68,0.055000067,4117.0,36.5,28.9,0.9949999
2M05330623-0042197,05330623-0042197,83.275992,-0.70549,-0.38,0.13,0.34,0.16,3.79,0.17000008,4243.0,113.5,14.5,3.2649994,0.0,0.105,-0.04,0.055,4.36,0.11500001,3947.0,127.5,14.35,2.4450002,-0.15,0.04,-0.04,0.030000001,4.09,0.06499994,3898.0,47.5,10.76,1.6750002
2M05330858-0229252,05330858-0229252,83.285758,-2.490357,-0.23,0.065,-0.1,0.055,3.43,0.11500001,3707.0,122.375,27.18,3.17,-0.13,0.074999996,0.08,0.07,4.0,0.13000011,4103.0,105.5,27.53,3.165,-0.16,0.040000003,-0.07,0.02,3.69,0.03999996,3690.0,65.5,20.63,1.7750006
2M05331867-0036141,05331867-0036141,83.327829,-0.603925,-0.16,0.075,0.16,0.105000004,3.61,0.125,4344.0,85.75,38.28,4.584999,-0.21,0.020000003,0.01,0.02,3.44,0.03999996,4210.0,53.375,33.85,1.1350002,-0.2,0.014999993,0.04,0.015,3.32,0.05000007,4146.0,42.0,30.4,1.5099993
2M05332272-0143421,05332272-0143421,83.344693,-1.728388,-0.14,0.14,0.15,0.14500001,4.09,0.19499993,4138.0,144.5,25.1,4.7649994,-0.09,0.145,0.24,0.265,4.24,0.27999997,4258.0,119.0,25.31,4.8100004,0.11,0.035,-0.06,0.02,4.34,0.06500006,3832.0,52.0,19.69,1.4850006
2M05332472-0135180,05332472-0135180,83.353005,-1.588336,-0.14,0.02,0.03,0.015,4.15,0.035000086,4410.0,38.5,33.37,0.6700001,-0.08,0.055,-0.06,0.075,4.52,0.17499995,4462.0,139.0,33.42,2.6099987,-0.17,0.020000003,0.01,0.015,3.97,0.100000024,4357.0,47.0,33.12,1.0799999
2M05332970-0110420,05332970-0110420,83.373772,-1.178335,-0.29,0.07500001,0.21,0.059999995,4.37,0.11000013,4175.0,85.0,15.52,2.6699996,-0.35,0.1,0.09,0.075,4.1,0.11000013,4113.0,117.5,14.67,2.1999998,-0.16,0.034999996,-0.03,0.024999999,4.19,0.059999943,3887.0,41.0,11.39,1.9200001
2M05333084-0127340,05333084-0127340,83.378506,-1.459461,-0.09,0.06,0.16,0.12,4.17,0.1500001,4198.0,105.25,42.87,3.4900017,-0.01,0.075,0.02,0.089999996,4.23,0.09500003,4080.0,137.5,47.39,5.949999,0.05,0.024999999,-0.06,0.025,4.24,0.035000086,3897.0,50.0,38.82,1.5949993
2M05333959-0025041,05333959-0025041,83.414982,-0.417825,-0.3,0.18,0.13,0.145,4.27,0.1400001,5194.0,368.5,54.47,4.035,-0.06,0.085,-0.17,0.08499999,4.4,0.14499998,5658.0,149.0,54.49,2.6499996,-0.27,0.044999994,0.05,0.035,3.83,0.07500005,5164.0,88.0,52.49,0.94000053
2M05333982-0038541,05333982-0038541,83.415935,-0.648378,-0.47,0.03999999,0.01,0.030000001,3.51,0.06499994,4245.0,73.375,24.56,1.5550003,-0.45,0.030000001,-0.03,0.030000001,3.84,0.06999993,4161.0,71.0,24.17,1.4099998,-0.45,0.019999996,-0.01,0.02,3.64,0.04000008,4128.0,37.5,21.01,1.8850002
2M05334326-0108346,05334326-0108346,83.430252,-1.142967,-0.76,0.050000012,-0.01,0.03,3.35,0.06500006,4279.0,70.0,27.85,1.8649998,-0.61,0.065,-0.03,0.085,3.98,0.21499991,4360.0,217.375,35.33,7.8899994,-0.69,0.024999976,0.0,0.015,3.52,0.07499993,4287.0,42.0,25.77,1.21
2M05340486-0040172,05340486-0040172,83.52026,-0.671465,0.11,0.145,-0.16,0.21000001,4.25,0.24000001,6150.0,287.0,13.42,1.4049997,0.09,0.025,0.04,0.02,4.22,0.0400002,6133.0,49.5,14.2,0.63999987,0.07,0.03,-0.04,0.04,4.2,0.05499983,6050.0,60.0,11.83,0.98
2M05341194-0120547,05341194-0120547,83.54976,-1.34855,0.09,0.135,-0.1,0.205,4.15,0.12999988,5292.0,260.5,15.43,1.3849998,0.01,0.035,0.0,0.024999999,4.21,0.045000076,5045.0,71.5,14.99,0.6949997,-0.06,0.02,-0.05,0.045,4.12,0.06499982,4858.0,58.0,14.7,0.6750002
2M05341543-0214437,05341543-0214437,83.564296,-2.24548,-0.35,0.14,-0.04,0.04,3.55,0.15499997,3428.0,65.0,14.1,2.2899995,-0.24,0.22,0.19,0.125,4.34,0.20499992,3647.0,140.0,14.76,3.2799997,0.1,0.065,-0.05,0.02,4.0,0.09000015,3363.0,42.5,10.65,1.5150003
2M05341714-0109348,05341714-0109348,83.571424,-1.159685,-0.22,0.035000004,-0.07,0.025000002,3.64,0.03000009,3440.0,36.5,15.78,2.2149997,0.16,0.1,-0.06,0.024999999,4.21,0.055000067,3393.0,69.5,16.2,2.1949997,-0.16,0.030000001,-0.03,0.02,3.75,0.034999967,3414.0,29.5,14.83,1.2399998
2M05342044-0130246,05342044-0130246,83.585171,-1.50684,-0.24,0.035000004,0.2,0.04,3.97,0.06500006,4570.0,56.0,48.75,1.6749992,-0.24,0.040000007,0.07,0.035,3.68,0.110000014,4495.0,80.0,52.68,3.2749996,-0.23,0.015000001,0.09,0.015000001,3.78,0.049999952,4448.0,46.5,47.95,0.92500114
2M05342354-0121403,05342354-0121403,83.598103,-1.361211,-0.01,0.035,-0.11,0.024999999,4.31,0.03999996,5612.0,54.5,47.84,0.9049988,-0.15,0.05,0.07,0.045,4.03,0.07500005,5363.0,91.5,48.99,2.1550007,-0.09,0.040000003,0.01,0.02,4.13,0.09500003,5422.0,102.5,47.44,0.75
2M05342581-0121065,05342581-0121065,83.607577,-1.351814,-1.64,0.04000002,-0.07,0.05,3.89,0.08000004,4503.0,53.5,71.9,3.6949997,-1.71,0.065,-0.21,0.075,3.64,0.14499998,4347.0,148.0,89.96,23.955002,-1.64,0.01999998,-0.1,0.014999997,3.95,0.03999996,4463.0,26.5,62.46,1.9749985
2M05342629-0033443,05342629-0033443,83.609565,-0.562324,-0.59,0.145,0.08,0.080000006,3.29,0.11500001,3202.0,38.5,19.57,3.2150002,-0.41,0.16499999,0.1,0.06,3.8,0.13999999,3246.0,60.5,21.23,4.75,-0.21,0.175,0.03,0.075,3.74,0.17500007,3169.0,82.5,15.65,1.6899996
2M05342636-0033512,05342636-0033512,83.609849,-0.56423,0.32,0.17500001,-0.09,0.020000001,4.2,0.10499978,3227.0,72.0,18.38,2.6149998,-0.32,0.185,0.12,0.07,4.17,0.17999983,3472.0,50.5,15.94,2.2649999,0.12,0.080000006,-0.07,0.014999999,3.86,0.120000005,3225.0,70.0,14.84,1.1299996
2M05343729-0020176,05343729-0020176,83.655385,-0.338226,0.01,0.11,-0.05,0.04,4.11,0.125,3659.0,76.5,57.03,3.875,-0.04,0.05,-0.03,0.030000001,4.19,0.07499981,3762.0,57.0,54.4,2.5699997,-0.2,0.045,0.06,0.024999999,3.7,0.044999957,3535.0,37.0,48.54,1.9349995
2M05344097-0122442,05344097-0122442,83.670717,-1.378948,-0.22,0.060000002,-0.07,0.035000004,3.68,0.07499993,3805.0,56.5,60.24,3.5199986,-0.07,0.034999996,-0.08,0.025000002,3.95,0.044999957,3742.0,47.5,51.21,3.0249996,-0.24,0.029999994,-0.06,0.025,3.63,0.055000067,3674.0,54.0,49.0,2.2750015
2M05344890-0037167,05344890-0037167,83.703787,-0.621315,-0.45,0.034999996,0.15,0.04,3.19,0.08499992,4541.0,81.0,25.42,1.5150003,-0.38,0.065,0.01,0.07,3.62,0.11500001,4681.0,198.5,25.48,2.4099998,-0.39,0.015000001,0.06,0.01,3.72,0.024999976,4429.0,37.0,24.48,0.8050003
2M05345278-0032588,05345278-0032588,83.719941,-0.549683,-0.05,0.11,0.07,0.085,4.36,0.14499998,4077.0,122.0,15.66,3.33,-0.29,0.19000001,0.39,0.24000001,4.07,0.22000003,4204.5,121.875,16.87,2.9500003,-0.11,0.060000002,-0.03,0.03,4.06,0.109999895,3851.0,58.0,14.55,1.0600004
2M05352017-0042136,05352017-0042136,83.834044,-0.703805,-0.32,0.07,0.3,0.17,3.5,0.15999997,4336.0,74.5,25.24,3.1849995,-0.25,0.060000002,0.14,0.08,3.78,0.1450001,4318.0,71.25,27.65,4.3200006,-0.28,0.019999996,-0.1,0.020000001,3.81,0.055000067,3929.0,84.5,19.8,1.4849997
2M05352293-0111242,05352293-0111242,83.845555,-1.190074,-0.49,0.030000001,-0.02,0.024999999,3.5,0.054999948,4621.0,75.0,24.99,1.0199995,-0.39,0.10499999,0.08,0.235,3.57,0.2850001,4954.0,181.5,27.01,3.0550003,-0.44,0.03500001,0.04,0.03,3.52,0.08500004,4645.0,98.0,24.56,0.83500004
2M05352522-0043243,05352522-0043243,83.855097,-0.72342,-0.56,0.095,-0.1,0.034999996,3.15,0.09000003,3533.0,93.5,20.95,3.7199993,-0.36,0.225,0.07,0.16,3.8,0.20499992,3708.0,273.5,22.97,6.21,-0.25,0.105,-0.08,0.015000002,3.57,0.15999997,3435.0,54.5,15.39,2.0949998
2M05352853-0125314,05352853-0125314,83.868908,-1.425403,-0.07,0.2,-0.09,0.055,3.7,0.22500002,3323.0,104.0,23.69,14.17,-0.05,0.28500003,-0.02,0.11,4.23,0.2249999,3446.0,109.5,23.18,22.555,-0.12,0.085,-0.07,0.014999999,3.37,0.14499998,3197.0,43.5,14.53,0.98
2M05353178-0023065,05353178-0023065,83.882431,-0.385149,-0.08,0.029999997,-0.08,0.025000002,3.69,0.024999976,3457.0,44.0,15.18,1.9200001,-0.17,0.024999999,-0.09,0.035,3.52,0.09000003,3470.0,56.0,15.09,2.545,-0.04,0.030000001,-0.04,0.01,3.6,0.04000008,3379.0,37.0,14.61,1.1200004
2M05354326-0034367,05354326-0034367,83.930282,-0.576863,-0.41,0.044999987,0.19,0.075,3.47,0.08499992,4571.0,75.5,49.28,2.3500004,-0.39,0.040000007,0.18,0.055000003,3.66,0.08500004,4637.0,78.0,49.07,2.2349987,-0.38,0.019999996,0.03,0.015000001,3.85,0.035000086,4517.0,40.5,48.18,0.7649994
2M05354461-0014263,05354461-0014263,83.935895,-0.240639,0.0,0.044999998,-0.09,0.025000002,3.84,0.035000086,3526.0,45.0,15.1,1.8199997,-0.17,0.1,0.16,0.105000004,4.26,0.11500001,3784.0,77.375,17.02,2.7250004,0.0,0.030000001,-0.05,0.02,3.87,0.04000008,3521.0,31.5,14.71,1.1549997
2M05354600-0057522,05354600-0057522,83.9417,-0.964505,-0.36,0.029999986,-0.02,0.024999999,3.79,0.03999996,4206.0,46.0,18.94,1.7699995,-0.39,0.03999999,0.09,0.044999998,3.71,0.089999914,4279.0,62.0,16.64,2.045,-0.39,0.049999997,0.0,0.045,3.61,0.125,4174.0,61.5,15.98,1.5799999
2M05355543-0113318,05355543-0113318,83.980986,-1.225519,-0.07,0.055,-0.1,0.025,4.04,0.07499993,3827.0,77.0,14.93,1.8699994,-0.12,0.095,0.08,0.085,4.11,0.13499999,4159.0,133.0,17.53,3.1200004,-0.13,0.02,-0.05,0.02,4.16,0.03999996,3899.0,31.5,11.43,1.9699998
2M05355862-0104452,05355862-0104452,83.994287,-1.079246,-0.47,0.095,0.12,0.065,3.69,0.15499997,3625.0,93.5,22.01,4.67,-0.17,0.055,-0.1,0.03,3.44,0.054999948,3373.0,55.5,19.89,2.6100006,-0.12,0.040000003,-0.04,0.015000001,3.56,0.034999967,3360.0,32.0,19.21,1.2249994
2M05362428-0042120,05362428-0042120,84.101194,-0.703339,-1.02,0.095,-0.04,0.065,3.36,0.16499996,4351.0,88.0,34.29,7.250001,-1.08,0.045000017,0.04,0.049999997,3.16,0.119999886,4286.0,66.875,28.71,2.62,-0.97,0.09000003,-0.13,0.035000004,3.85,0.18500006,3990.0,133.5,23.99,2.9499998
2M05362855+0004456,05362855+0004456,84.118963,0.07935,-0.26,0.2,-0.04,0.105,3.89,0.28499985,5630.0,392.0,33.33,2.3950005,-0.18,0.045,0.01,0.065,3.9,0.08500004,5812.0,95.0,32.94,1.5450001,-0.11,0.009999998,-0.1,0.02,4.0,0.025000095,5814.0,26.0,31.3,1.0049992
2M05362868-0017235,05362868-0017235,84.119539,-0.289887,-0.14,0.07,-0.06,0.07,3.46,0.14499998,4624.0,160.0,51.4,3.1999989,-0.17,0.045,0.04,0.04,3.37,0.07000005,4573.0,102.0,49.82,1.9099998,-0.16,0.015000001,-0.03,0.01,3.5,0.024999976,4468.0,36.5,48.75,0.9699993
2M05363068-0018439,05363068-0018439,84.12784,-0.312211,-0.04,0.09,0.0,0.13499999,3.7,0.14499998,4848.0,175.5,28.79,2.7200003,-0.1,0.05,0.04,0.040000003,3.41,0.09000003,4593.0,95.0,28.54,1.1950006,-0.03,0.025,0.1,0.014999997,3.44,0.08499992,4622.0,34.5,26.25,1.1750002
2M05363280-0137071,05363280-0137071,84.136672,-1.618659,-0.34,0.12499999,0.1,0.09,3.48,0.1500001,3300.0,72.0,54.43,10.295002,-0.46,0.275,0.17,0.14500001,3.66,0.25,3422.0,109.0,57.42,23.565002,-0.08,0.025,0.0,0.024999999,3.65,0.06500006,3197.0,41.5,34.52,1.9800014
2M05363515-0102168,05363515-0102168,84.146461,-1.03801,-0.39,0.21499999,0.06,0.125,3.64,0.17999995,3713.0,216.375,24.82,5.9349995,-0.32,0.16,0.1,0.14,3.97,0.17500007,3669.0,107.0,20.61,5.7649994,-0.14,0.12,-0.07,0.014999999,3.55,0.14499998,3384.0,39.0,14.98,1.6049995
2M05364407-0000013,05364407-0000013,84.183665,-3.67E-4,0.09,0.2,-0.05,0.105000004,4.27,0.24000001,5592.0,407.0,15.81,1.5000005,0.12,0.045,-0.18,0.049999997,4.67,0.07999992,5677.0,72.75,15.18,0.79500055,0.0,0.024999999,-0.01,0.02,4.31,0.03999996,5342.0,43.5,15.15,0.70999956
2M05365088-0024062,05365088-0024062,84.212024,-0.401748,-0.18,0.085,-0.04,0.05,3.8,0.09500003,3894.0,79.0,30.94,3.4749994,0.07,0.12,0.06,0.085,4.4,0.18499994,3913.0,114.5,34.96,6.6849995,0.1,0.055,-0.04,0.025,4.15,0.045000076,3711.0,58.0,24.81,1.7250004
2M05365231-0121246,05365231-0121246,84.217977,-1.356854,-0.1,0.044999998,0.19,0.089999996,4.02,0.09500003,4359.0,74.5,21.41,2.1149998,-0.04,0.030000001,-0.06,0.024999999,4.24,0.06500006,4255.0,80.5,20.08,1.71,-0.08,0.020000001,-0.03,0.02,3.99,0.03999996,4151.0,51.0,19.41,0.94000053
2M05365409-0253155,05365409-0253155,84.225408,-2.88766,-0.14,0.030000005,-0.04,0.04,4.11,0.089999914,4411.0,50.25,21.14,1.4850006,-0.15,0.049999997,0.2,0.080000006,4.08,0.13999999,4574.0,77.25,22.18,1.8950005,-0.18,0.020000003,0.02,0.015,3.73,0.049999952,4364.0,34.0,20.52,1.0249996
2M05365851-0029593,05365851-0029593,84.243826,-0.499829,-0.56,0.325,0.39,0.265,3.8,0.22000003,3373.5,76.0,28.77,5.7800007,-0.53,0.165,0.07,0.07,3.37,0.13499999,3336.0,75.375,25.25,4.3149996,-0.01,0.04,-0.04,0.02,3.36,0.08000004,3125.0,51.0,21.3,1.7400007
2M05365983-0120245,05365983-0120245,84.249299,-1.340147,-1.03,0.045000017,-0.16,0.015000001,3.28,0.034999967,3352.0,35.375,20.54,4.1800003,-1.28,0.32500002,-0.08,0.08,3.81,0.16500008,3442.0,71.5,22.2,13.285,-0.89,0.119999975,-0.12,0.014999997,3.54,0.16500008,3335.0,41.0,21.07,4.79
2M05370299-0250490,05370299-0250490,84.262488,-2.846954,-0.3,0.22,0.2,0.16,4.07,0.2750001,3575.0,157.875,24.8,9.789999,-0.14,0.15,0.2,0.1,4.13,0.17000008,3507.0,90.875,25.65,5.46,0.06,0.060000002,-0.01,0.04,3.77,0.11500001,3313.0,53.0,16.48,2.1899996
2M05370624+0008550,05370624+0008550,84.276025,0.148629,-0.18,0.020000003,0.02,0.015,3.86,0.035000086,4367.0,35.5,18.93,1.5,-0.24,0.035000004,0.01,0.025,3.63,0.055000067,4342.0,57.5,16.39,1.5749998,-0.17,0.015000001,0.03,0.015000001,3.75,0.01999998,4322.0,29.5,15.53,1.0550003
2M05371465-0101504,05371465-0101504,84.31108,-1.030694,-1.46,0.39999998,0.56,0.25,3.34,0.120000005,3455.0,48.5,174.36,20.159996,-0.41,0.29000002,-0.01,0.099999994,3.61,0.07500005,3385.0,95.875,146.65,6.475006,-0.8,0.03999999,0.21,0.024999999,3.62,0.060000062,3322.0,47.5,132.49,3.2200012
2M05371478-0049317,05371478-0049317,84.311598,-0.825494,-0.46,0.08499998,-0.05,0.035,3.33,0.08000004,3515.0,95.5,61.17,5.220001,-0.2,0.065,-0.04,0.035,3.66,0.060000062,3480.0,54.5,66.24,3.249998,-0.11,0.029999997,0.03,0.02,3.66,0.024999976,3316.0,39.0,61.73,1.1449986
2M05371885-0020416,05371885-0020416,84.328543,-0.344906,-0.47,0.045,0.1,0.075,3.81,0.08500004,4574.0,77.0,29.31,1.5349998,-0.42,0.065,-0.07,0.045,3.75,0.110000014,4794.0,170.0,29.3,2.0949993,-0.49,0.015000001,0.0,0.01,3.67,0.024999976,4403.0,27.0,26.32,1.1799994
2M05372168-0040399,05372168-0040399,84.340367,-0.677764,-0.14,0.025000002,-0.07,0.02,3.76,0.049999952,3462.0,36.5,14.6,1.8750005,-0.35,0.215,0.13,0.09,4.02,0.13,3637.0,120.5,15.38,2.92,-0.07,0.065,-0.05,0.015,3.77,0.089999914,3414.0,43.5,12.25,2.33
2M05372254-0259363,05372254-0259363,84.343953,-2.993428,-0.37,0.065,0.16,0.13499999,3.61,0.13,4106.0,159.5,19.52,2.6750002,-0.32,0.07500001,-0.01,0.049999997,3.96,0.089999914,3925.0,70.5,15.56,1.8849998,-0.23,0.025000006,-0.05,0.02,3.72,0.029999971,3675.0,57.0,14.7,1.2799997
2M05372434-0117056,05372434-0117056,84.35143,-1.284891,-0.28,0.165,0.07,0.095,3.93,0.17000008,3822.0,159.0,23.79,5.87,0.02,0.11,-0.03,0.075,4.52,0.17499995,3811.0,116.0,15.48,2.5200005,-0.08,0.03,-0.03,0.03,3.67,0.07999992,3449.0,54.5,14.91,1.2650003
2M05375904-0105527,05375904-0105527,84.496018,-1.097993,-0.46,0.045,0.16,0.060000002,3.26,0.07999992,4582.0,78.0,34.57,1.5299988,-0.41,0.060000002,-0.01,0.055,3.51,0.110000014,4677.0,156.0,34.53,2.4099998,-0.43,0.019999996,0.02,0.015,3.5,0.024999976,4454.0,40.5,33.24,0.625
2M05380097-0226079,05380097-0226079,84.504056,-2.435533,-0.28,0.105000004,0.26,0.06999999,4.27,0.13000011,3686.0,65.5,21.28,2.4299994,-0.08,0.105,0.26,0.080000006,4.49,0.109999895,3673.0,70.0,22.21,3.085,-0.04,0.044999998,-0.01,0.035,3.81,0.08500004,3427.0,47.5,19.66,1.2049999
2M05380107-0245379,05380107-0245379,84.504478,-2.760544,-1.1,0.09500003,0.07,0.055,2.97,0.14499998,3307.0,66.0,177.04,39.019997,-0.34,0.185,0.08,0.060000002,4.26,0.10500002,3403.0,107.5,92.18,9.169998,-0.78,0.050000012,0.01,0.03,3.14,0.07500005,3201.0,43.0,74.7,3.540001
2M05380477-0117187,05380477-0117187,84.519889,-1.288551,-0.2,0.054999992,-0.1,0.034999996,3.86,0.08500004,3580.0,59.5,14.7,2.7150002,0.2,0.155,-0.09,0.035,4.33,0.08500004,3560.0,57.5,15.92,2.2300005,-0.09,0.04,-0.05,0.024999999,3.89,0.07500005,3522.0,32.5,14.7,1.3199997
2M05380648-0011037,05380648-0011037,84.527,-0.184388,-2.1,0.23000002,0.61,0.285,2.96,0.13499999,5709.0,97.5,160.82,20.259995,-1.74,0.100000024,0.17,0.105,2.92,0.07499993,5683.0,55.5,155.97,16.415,-1.62,0.03999996,-0.15,0.09,2.86,0.03000009,5646.0,26.0,198.82,5.169998
2M05380674-0230227,05380674-0230227,84.528101,-2.506324,-0.48,0.045,0.25,0.08,3.05,0.14499998,4196.0,47.0,24.93,1.7200003,-0.49,0.08,-0.1,0.034999996,3.56,0.060000062,3844.0,124.375,21.58,2.5800009,-0.35,0.044999987,-0.07,0.030000001,3.73,0.06999993,3835.0,89.0,20.24,1.9099998
2M05380826-0235562,05380826-0235562,84.534448,-2.598967,-0.78,0.10500002,0.07,0.085,3.53,0.109999895,3640.0,84.0,18.58,3.1800003,-0.6,0.14500001,0.12,0.07,3.93,0.14499998,3746.0,81.5,18.09,3.29,-0.41,0.030000001,-0.03,0.015,3.74,0.054999948,3516.0,25.5,14.5,1.1150002
2M05381315-0245509,05381315-0245509,84.554814,-2.764166,-0.7,0.120000005,0.01,0.07,4.08,0.15999997,3914.0,153.375,14.39,3.9700003,-0.67,0.109999985,0.04,0.07,4.09,0.10500002,3868.0,74.0,14.93,2.4450002,-0.52,0.049999997,-0.05,0.015,3.84,0.04000008,3671.0,30.5,11.22,1.9749999
2M05381319-0226088,05381319-0226088,84.554988,-2.435786,-0.56,0.110000014,0.15,0.09,3.58,0.18500006,3454.0,88.0,14.16,3.6100001,-0.14,0.105000004,0.07,0.065,3.96,0.1450001,3355.0,73.0,11.29,2.0,0.02,0.049999997,-0.02,0.02,3.9,0.045000076,3299.0,36.0,10.0,1.0749998
2M05381412-0215597,05381412-0215597,84.558841,-2.266595,-0.36,0.065,-0.03,0.030000001,3.6,0.09500003,5577.0,101.5,30.18,1.7700005,-0.34,0.045,-0.16,0.07,3.55,0.11500001,5515.0,109.0,31.73,2.040001,-0.13,0.065,-0.02,0.035,4.0,0.11000013,5936.0,126.0,29.52,0.9549999
2M05381886-0251388,05381886-0251388,84.578585,-2.860789,-0.44,0.08499999,0.11,0.040000003,3.8,0.10500002,3631.0,72.0,12.61,2.3199997,-0.28,0.065,-0.06,0.04,3.81,0.08000004,3565.0,63.5,10.92,2.1,-0.16,0.08,0.05,0.05,3.87,0.110000014,3472.0,49.0,10.18,1.2149997
2M05382050-0234089,05382050-0234089,84.585431,-2.569156,-0.63,0.14499998,0.07,0.09,3.13,0.16999996,3399.0,77.0,98.6,42.625004,-0.45,0.055000007,0.14,0.04,3.47,0.044999957,3337.0,51.5,28.78,3.4300003,-0.35,0.08499999,0.09,0.065,3.55,0.14499998,3291.0,49.5,24.88,2.1900005
2M05382119-0254110,05382119-0254110,84.588299,-2.903081,-0.64,0.16999999,0.3,0.125,3.58,0.21000004,3280.0,79.5,15.64,2.705,-0.04,0.060000002,-0.03,0.03,3.73,0.034999967,3174.0,43.5,13.51,2.0549994,-0.17,0.07,-0.02,0.02,3.38,0.08000004,3105.0,52.0,14.36,1.5149999
2M05382725-0245096,05382725-0245096,84.613569,-2.752692,-0.77,0.054999977,-0.03,0.04,3.57,0.09000003,4208.5,81.0,27.28,3.455,-0.79,0.07499999,0.07,0.095,3.11,0.24000001,4287.0,94.75,29.45,4.0949993,-0.85,0.055000007,-0.11,0.024999999,3.39,0.120000005,3869.0,124.0,24.44,1.6599998
2M05382750-0235041,05382750-0235041,84.614614,-2.584495,0.01,0.114999995,-0.05,0.044999998,3.88,0.125,3435.0,84.0,28.18,3.6750002,-0.08,0.125,0.14,0.095,4.4,0.21000004,3579.0,132.0,28.39,5.045,0.04,0.095,-0.06,0.035,3.74,0.14499998,3320.0,60.0,24.59,2.0499992
2M05382915-0216156,05382915-0216156,84.621498,-2.271024,-0.22,0.054999992,0.28,0.15,4.09,0.19000006,4304.0,97.0,19.11,2.2200003,-0.22,0.06999999,0.3,0.105000004,4.0,0.16500008,4320.0,76.5,20.45,2.4750004,-0.27,0.024999999,-0.06,0.025,3.74,0.049999952,3921.0,57.5,15.13,1.3849998
2M05383405-0236375,05383405-0236375,84.6419,-2.610427,-0.59,0.060000002,0.03,0.035,3.03,0.059999943,3282.0,56.375,71.03,3.920002,-0.39,0.040000007,0.16,0.024999999,3.5,0.07500005,3285.0,73.5,59.18,3.4850006,-0.41,0.02000001,0.09,0.02,3.29,0.05000007,3234.0,29.5,57.64,2.005001
2M05383576-0115455,05383576-0115455,84.64904,-1.262646,-0.14,0.05,-0.09,0.035,3.68,0.07499993,3702.0,85.0,14.35,2.0250006,-0.14,0.075,0.14,0.045,4.37,0.13499999,4109.0,91.5,13.51,2.4099998,-0.11,0.030000001,-0.02,0.035,3.85,0.08500004,3789.0,60.5,14.32,1.665
2M05383587-0243512,05383587-0243512,84.649472,-2.730894,-0.5,0.06999999,0.2,0.135,3.45,0.13,4609.0,127.0,41.0,3.4850006,-0.47,0.06500001,0.0,0.049999997,3.54,0.07499993,4619.0,127.0,39.62,2.8850002,-0.55,0.0150000155,0.01,0.01,3.22,0.06499994,4390.0,40.5,34.48,1.1049995
2M05383848-0234550,05383848-0234550,84.660359,-2.58195,-0.04,0.060000002,0.08,0.065,3.67,0.09500003,4319.0,77.5,33.88,3.7800007,-0.06,0.065,0.08,0.055,3.76,0.09499991,4326.0,83.0,33.0,3.3200006,-0.09,0.015000001,-0.01,0.02,3.55,0.049999952,4152.0,41.5,28.93,0.9750004
2M05383902-0245321,05383902-0245321,84.662613,-2.758936,-0.48,0.10499999,0.16,0.08,3.75,0.11500001,3590.0,90.0,21.79,3.58,-0.14,0.215,0.02,0.13,4.25,0.21000004,3714.0,178.5,22.28,8.96,-0.22,0.07000001,-0.02,0.060000002,3.68,0.11500001,3428.0,45.5,19.0,2.1899996
2M05383981-0256462,05383981-0256462,84.665901,-2.946179,-0.3,0.04500001,-0.07,0.025000002,3.85,0.055000067,3867.0,53.0,13.12,2.2250004,-0.26,0.04500001,-0.09,0.035,3.78,0.09500003,3782.0,81.0,14.95,1.8650002,-0.29,0.060000002,-0.06,0.030000001,3.76,0.120000005,3827.0,60.5,13.7,2.04
2M05384027-0230185,05384027-0230185,84.667807,-2.505151,-0.21,0.055,-0.12,0.030000001,3.7,0.049999952,3773.0,77.5,24.25,2.2849998,-0.17,0.075,-0.07,0.030000001,4.0,0.120000124,3865.0,69.0,26.4,3.3250008,-0.27,0.044999994,-0.08,0.020000001,3.66,0.05000007,3721.0,66.5,20.37,1.9349995
2M05384053-0233275,05384053-0233275,84.668899,-2.557656,-0.65,0.08500001,0.09,0.04,3.02,0.07500005,3278.0,49.0,25.01,2.5700006,-0.09,0.074999996,0.09,0.034999996,3.71,0.049999952,3263.0,45.0,26.82,2.83,-0.12,0.1,0.07,0.060000002,3.55,0.09500003,3239.0,51.5,23.88,2.1849995
2M05384159-0230289,05384159-0230289,84.673323,-2.508034,-0.52,0.25,0.21,0.14,3.76,0.15500009,3586.0,99.5,21.4,4.325001,-0.08,0.120000005,0.22,0.095,4.53,0.22000003,3629.0,80.0,19.12,3.3599997,-0.05,0.099999994,0.01,0.055,3.84,0.12500012,3424.0,47.5,16.18,1.9050002
2M05384227-0237147,05384227-0237147,84.676159,-2.620765,-0.29,0.035000004,-0.04,0.025,3.49,0.03999996,3864.0,36.0,20.42,1.6700001,-0.29,0.09,0.09,0.060000002,3.85,0.10500002,3965.0,96.0,20.88,2.6999998,-0.21,0.024999999,-0.02,0.03,3.54,0.034999967,3788.0,44.5,19.62,1.2150002
2M05384333-0232008,05384333-0232008,84.68057,-2.533557,-0.35,0.19,0.08,0.1,3.43,0.15499997,3259.0,68.5,26.18,7.255,-0.96,0.29999998,0.5,0.28000003,3.83,0.15500009,3457.0,80.0,21.31,3.4499998,-0.33,0.07000001,-0.02,0.035,3.24,0.07999992,3154.0,54.5,16.21,1.5450006
2M05384386-0237068,05384386-0237068,84.682783,-2.618568,-0.09,0.095,0.02,0.060000002,3.77,0.059999943,3233.0,55.5,12.46,2.0900002,-0.04,0.215,0.14,0.14,4.31,0.25499988,3381.5,76.875,13.15,3.4450002,-0.02,0.05,-0.05,0.02,3.63,0.08500004,3146.0,54.5,10.32,1.2350001
2M05384423-0240197,05384423-0240197,84.684299,-2.672143,-0.13,0.06,-0.02,0.06,3.71,0.09499991,4167.0,81.0,22.08,3.3100004,-0.14,0.065,0.12,0.060000002,3.92,0.14499998,4265.0,92.0,19.61,2.495,-0.23,0.030000001,-0.08,0.025000002,3.69,0.06999993,3915.0,82.0,15.5,1.6399999
2M05384719-0235405,05384719-0235405,84.696659,-2.594594,-2.25,0.16999996,0.45,0.21,2.87,0.045000076,4835.0,34.0,176.59,5.8799973,-1.96,0.029999971,-0.06,0.04,2.91,0.044999957,4822.0,33.5,88.89,6.595001,-1.94,0.125,-0.1,0.29,2.86,0.03000009,4825.0,33.5,170.24,19.144997
2M05384724-0050419,05384724-0050419,84.696838,-0.844989,-0.59,0.185,0.07,0.105,3.11,0.19000006,3215.0,62.0,25.78,6.3049994,-0.84,0.41000003,0.32,0.17999999,3.64,0.22000003,3360.0,72.5,22.96,3.5299997,0.05,0.125,-0.04,0.02,3.71,0.16499996,3120.0,60.25,19.37,1.2350006
2M05384791-0237192,05384791-0237192,84.699652,-2.62201,-0.42,0.099999994,-0.07,0.040000003,3.62,0.09500003,3719.0,77.5,14.84,2.0900002,-0.34,0.085,-0.02,0.055,3.85,0.11500001,3794.0,79.0,16.68,2.6200004,-0.38,0.025000006,-0.05,0.02,3.4,0.06999993,3548.0,50.5,14.62,1.1800003
2M05384803-0227141,05384803-0227141,84.700149,-2.453943,-0.05,0.07,0.08,0.06,3.58,0.13,4109.0,86.0,48.47,3.5300007,-0.08,0.045,0.17,0.055,3.4,0.06500006,4133.0,43.5,44.64,2.7199993,-0.18,0.019999996,-0.04,0.024999999,3.28,0.054999948,3851.0,54.0,38.85,2.2199993
2M05384917-0238222,05384917-0238222,84.704888,-2.639512,-0.18,0.115,-0.02,0.07,3.9,0.19500005,3815.0,140.5,14.75,3.9350004,-0.34,0.155,0.19,0.065,3.87,0.14999998,4075.0,120.0,15.39,2.21,-0.19,0.089999996,-0.06,0.02,3.34,0.13,3433.0,58.0,12.23,2.0099998
2M05385003-0237354,05385003-0237354,84.708464,-2.626515,-0.62,0.205,0.07,0.08,3.08,0.21000004,3212.0,56.0,12.21,2.9249997,-0.03,0.28,0.09,0.155,4.33,0.28499985,3335.0,129.5,15.4,13.655001,0.13,0.125,-0.06,0.02,3.7,0.10500002,3103.0,65.5,10.34,1.3400002
2M05385145-0236205,05385145-0236205,84.714381,-2.605712,-0.37,0.505,0.03,0.095,3.52,0.125,3244.0,76.0,61.94,23.830002,-0.82,0.31,0.19,0.105000004,4.29,0.20499992,3347.0,71.5,14.65,4.065,-0.48,0.065,0.0,0.024999999,3.36,0.08500004,3178.0,42.5,14.79,1.2000003
2M05385200-0246436,05385200-0246436,84.716695,-2.778798,-0.23,0.074999996,-0.04,0.06,3.8,0.11500001,3797.0,111.875,19.59,3.6400003,-0.07,0.055,-0.1,0.025,3.98,0.03999996,3687.0,76.0,15.07,2.08,-0.28,0.04,-0.07,0.015000001,3.66,0.06500006,3643.0,49.5,14.82,1.52
2M05385831-0216101,05385831-0216101,84.742991,-2.269484,-0.15,0.035,0.06,0.030000001,4.09,0.05499983,4111.0,49.875,14.87,1.4500003,-0.24,0.085,0.26,0.09,3.75,0.15999997,4179.0,53.5,15.64,1.7549996,-0.06,0.08,-0.04,0.030000001,4.16,0.125,3892.0,54.0,12.27,1.815
2M05385911-0247133,05385911-0247133,84.746295,-2.78704,-0.5,0.050000012,0.05,0.040000003,3.14,0.05000007,4303.0,57.25,30.19,2.4449987,-0.51,0.03500001,0.23,0.040000007,3.06,0.060000062,4367.0,37.0,29.25,1.0099993,-0.49,0.034999996,0.03,0.04,3.28,0.08000004,4220.0,78.5,24.92,1.6450005
2M05385922-0233514,05385922-0233514,84.746781,-2.564279,-0.77,0.265,-0.04,0.19,3.49,0.18500006,3609.0,202.875,22.75,7.4399996,-0.64,0.3,-0.03,0.07,3.81,0.23500001,3562.0,108.5,17.32,4.8500004,-0.47,0.060000002,-0.07,0.015000001,3.49,0.125,3415.0,27.0,15.02,1.4099998
2M05390136-0218274,05390136-0218274,84.755695,-2.307638,-0.65,0.07500002,0.12,0.105000004,3.25,0.13999999,4118.0,127.875,16.38,2.3949995,-0.6,0.065,-0.06,0.040000003,3.5,0.07999992,3775.0,104.875,15.6,2.54,-0.43,0.049999997,-0.05,0.02,3.76,0.044999957,3721.0,63.5,14.34,1.1450005
2M05390177-0037446,05390177-0037446,84.757388,-0.629065,-0.7,0.03999999,-0.36,0.010000005,3.83,0.054999948,3305.0,52.5,190.92,7.2700043,0.09,0.1,-0.04,0.02,3.58,0.055000067,3056.0,68.5,20.36,3.5199995,-0.04,0.06,0.02,0.030000001,3.53,0.06500006,3063.0,58.5,19.35,1.4350004
2M05390257-0120323,05390257-0120323,84.760722,-1.342309,-0.34,0.1,-0.05,0.105000004,3.82,0.16500008,4454.0,266.75,25.63,3.3199997,-0.37,0.034999996,0.04,0.035,3.98,0.08500016,4346.0,46.0,24.44,1.2799997,-0.43,0.019999996,-0.03,0.01,3.6,0.03000009,4173.0,46.5,23.67,0.6750002
2M05390297-0241272,05390297-0241272,84.762406,-2.690889,-0.52,0.18500002,0.03,0.15,3.54,0.22000003,3670.0,190.0,42.76,17.545,-0.34,0.16,0.07,0.114999995,4.04,0.15499997,3693.0,154.5,33.63,10.115,-0.41,0.030000001,-0.05,0.015,3.36,0.045000076,3422.0,26.0,20.9,1.9849997
2M05390357-0246269,05390357-0246269,84.764879,-2.774162,0.2,0.19999999,-0.07,0.024999999,4.18,0.17999995,3337.0,64.5,16.82,2.94,-0.21,0.325,0.19,0.17999999,4.29,0.21000004,3511.0,84.0,22.89,4.875,-0.16,0.055,-0.03,0.015,3.64,0.09500003,3327.0,28.0,15.38,1.5699997
2M05390760-0232391,05390760-0232391,84.78169,-2.544208,-0.34,0.08499999,0.16,0.11,3.73,0.15499997,4666.0,265.5,19.44,2.6149998,-0.33,0.054999992,0.18,0.135,4.27,0.1400001,4496.0,116.75,19.49,3.0900002,-0.38,0.03999999,-0.05,0.035,3.98,0.16000009,4155.0,84.5,16.16,1.6199999
2M05390853-0251465,05390853-0251465,84.785542,-2.862931,0.01,0.099999994,-0.09,0.030000001,4.0,0.120000005,3743.0,80.375,14.49,2.21,-0.2,0.095,0.28,0.17999999,4.28,0.30000007,4162.0,195.0,15.49,2.705,-0.17,0.04,-0.04,0.02,3.71,0.059999943,3713.0,70.5,12.07,1.7549996
2M05390878-0231115,05390878-0231115,84.786584,-2.519867,-0.66,0.21000001,0.12,0.125,3.43,0.15499997,3495.0,111.875,25.18,5.0,-0.17,0.11500001,-0.04,0.030000001,4.0,0.120000124,3464.0,40.875,18.89,2.67,-0.32,0.054999992,-0.02,0.045,3.64,0.13,3409.0,50.5,16.11,1.815
2M05391151-0231065,05391151-0231065,84.797978,-2.518485,-0.4,0.09,-0.03,0.065,3.37,0.09000003,3876.0,131.0,24.3,2.9449997,-0.24,0.075,0.07,0.08499999,3.8,0.13499999,3909.0,129.5,26.91,3.835,-0.37,0.060000002,-0.07,0.014999999,3.38,0.125,3630.0,63.0,19.47,1.4750004
2M05391300-0127211,05391300-0127211,84.804203,-1.455884,-0.45,0.10000001,-0.05,0.145,3.6,0.23500001,4444.0,241.5,26.05,3.7149992,-0.44,0.045,0.16,0.1,3.5,0.11500001,4397.0,71.5,24.89,1.8850002,-0.46,0.015000001,-0.05,0.005000001,3.69,0.024999976,4176.0,48.0,21.17,1.3800001
2M05391883-0230531,05391883-0230531,84.828477,-2.514762,-0.32,0.065,0.18,0.22,3.56,0.1500001,4209.0,121.0,51.33,4.5,-0.32,0.060000002,-0.07,0.04,3.63,0.09000003,4094.0,110.0,48.59,3.6950016,-0.34,0.03999999,-0.09,0.025,3.6,0.07500005,3917.0,57.5,48.64,1.7450008
2M05392030-0118253,05392030-0118253,84.834584,-1.307035,-0.28,0.19,0.09,0.19,3.56,0.17500007,3396.0,86.5,21.83,6.920001,0.18,0.095,-0.1,0.065000005,3.83,0.13500011,3609.0,113.5,176.15,31.794998,0.0,0.024999999,-0.06,0.01,3.31,0.055000067,3224.0,29.5,15.35,1.7649994
2M05392519-0238220,05392519-0238220,84.854997,-2.639453,-0.46,0.12500001,0.14,0.095,3.33,0.100000024,4165.0,86.5,22.05,4.1900005,-0.57,0.060000002,0.2,0.065,3.33,0.08000004,4173.0,48.0,19.72,1.9699993,-0.38,0.045,-0.06,0.040000003,3.73,0.059999943,3774.0,79.75,15.13,1.7350001
2M05392543-0124409,05392543-0124409,84.855988,-1.411374,-0.16,0.024999999,-0.07,0.025,3.62,0.03000009,3811.0,45.5,29.04,1.4399996,-0.17,0.09,0.17,0.275,3.37,0.245,4072.0,127.0,32.07,3.4349995,-0.2,0.019999996,-0.03,0.024999999,3.43,0.024999976,3827.0,26.5,28.68,0.8899994
2M05392639-0215034,05392639-0215034,84.859992,-2.250968,-0.41,0.049999997,0.13,0.065000005,3.84,0.08500004,4283.0,64.0,20.59,2.3200006,-0.45,0.060000002,0.25,0.14,3.79,0.10500002,4327.0,69.5,20.91,2.6899996,-0.41,0.025000006,-0.09,0.010000002,3.75,0.049999952,3846.0,83.0,15.74,2.0700006
2M05392677-0242583,05392677-0242583,84.861548,-2.716204,-0.41,0.114999995,-0.04,0.04,3.33,0.100000024,3411.0,57.5,28.44,3.5349998,-0.51,0.17,0.13,0.055,3.58,0.13,3565.0,81.0,30.55,3.375001,-0.1,0.050000004,0.0,0.025,3.67,0.07999992,3376.0,42.5,27.47,1.7000008
2M05392927+0003390,05392927+0003390,84.871983,0.060852,-0.23,0.024999999,0.01,0.02,4.0,0.049999952,4297.0,57.5,19.79,1.165,-0.13,0.06999999,-0.09,0.08,4.24,0.10000014,4167.0,193.0,20.46,2.959999,-0.24,0.014999993,-0.04,0.02,3.98,0.024999976,4151.0,59.5,19.05,0.76500034
2M05393560-0023479,05393560-0023479,84.898339,-0.396658,-0.81,0.045000017,0.29,0.035000004,3.56,0.04000008,6238.0,36.5,168.12,3.199997,-0.7,0.055000007,0.03,0.04,3.7,0.03999996,6298.0,69.5,172.34,3.0250015,-0.68,0.01999998,-0.02,0.024999999,3.54,0.024999976,6180.0,30.5,162.81,2.9050064
2M05393938-0217045,05393938-0217045,84.914089,-2.28459,-0.37,0.024999991,-0.05,0.024999999,3.41,0.035000086,3879.0,41.375,19.45,1.4700003,-0.29,0.04500001,-0.04,0.030000001,3.77,0.06499994,3929.0,76.0,19.2,1.915,-0.34,0.034999996,-0.04,0.025,3.49,0.08499992,3839.0,48.5,17.01,1.8399992
2M05393982-0231217,05393982-0231217,84.915928,-2.522721,-1.21,0.025000036,-0.15,0.015000001,3.67,0.029999971,4438.0,61.5,15.49,1.29,-1.23,0.029999971,-0.14,0.040000003,3.34,0.06500006,4476.0,87.0,16.58,1.5800004,-1.36,0.035000026,-0.16,0.034999996,3.23,0.10500002,4250.0,71.0,15.86,0.99500036
2M05393998-0243097,05393998-0243097,84.916613,-2.719371,-0.2,0.024999999,0.1,0.02,3.43,0.029999971,4387.0,29.75,33.33,1.1000004,-0.17,0.035000004,0.17,0.024999999,3.83,0.054999948,4444.0,41.0,33.82,1.25,-0.19,0.015000001,0.1,0.014999997,3.49,0.024999976,4293.0,32.5,29.47,1.0999994
2M05394017-0220480,05394017-0220480,84.917388,-2.346677,-0.4,0.025000006,-0.0,0.02,3.81,0.06499994,4339.0,44.0,24.01,0.67999935,-0.39,0.08,0.03,0.08499999,3.4,0.15500009,4395.0,115.75,27.42,4.55,-0.45,0.019999996,0.01,0.02,3.37,0.07500005,4232.0,42.0,20.92,1.4250002
2M05394097-0216243,05394097-0216243,84.920745,-2.273438,-0.46,0.13000001,0.04,0.07,3.35,0.10500002,3256.0,71.0,20.91,4.4450006,-0.62,0.17,0.01,0.04,3.38,0.17000008,3327.0,54.5,17.57,2.5349998,-0.2,0.14500001,-0.04,0.035,3.54,0.19500005,3164.0,68.5,15.83,1.7200003
2M05394318-0232433,05394318-0232433,84.929942,-2.545369,-0.6,0.25,-0.03,0.125,3.46,0.255,3411.0,128.5,24.25,12.150001,-0.26,0.16,0.14,0.08499999,4.41,0.17500019,3568.0,128.0,22.9,4.865,-0.11,0.07,-0.05,0.024999999,3.76,0.07499993,3295.0,55.0,19.03,1.915
2M05395172-0222472,05395172-0222472,84.965538,-2.379785,-1.44,0.475,0.56,0.25,3.03,0.16999996,3299.0,60.5,20.15,6.0649996,-0.46,0.065,0.25,0.035000004,3.56,0.13,3201.0,48.0,53.16,4.575001,-0.5,0.065,0.07,0.049999997,3.38,0.07000005,3140.0,54.0,15.7,2.1450005
2M05395362-0233426,05395362-0233426,84.973447,-2.561852,-0.56,0.15499999,-0.0,0.06,3.73,0.13500011,3491.0,73.0,15.59,3.505,-0.26,0.055,-0.1,0.02,3.8,0.055000067,3342.0,48.875,11.8,2.06,-0.4,0.03999999,-0.08,0.014999999,3.51,0.09500003,3323.0,41.0,10.7,1.7049999
2M05395465-0246341,05395465-0246341,84.977732,-2.776139,-0.28,0.089999996,0.15,0.11,3.56,0.11500001,4177.5,74.375,20.03,2.6850004,-0.24,0.07,-0.01,0.055,3.46,0.09499991,4100.0,128.0,19.81,2.2349997,-0.27,0.075,-0.09,0.020000001,3.53,0.19000006,3717.0,91.0,15.46,1.9850001
2M05395796-0131553,05395796-0131553,84.991528,-1.532052,-0.49,0.08499999,0.06,0.08,3.77,0.13,3866.0,87.5,21.21,3.67,-0.39,0.15999998,0.21,0.215,4.03,0.21000004,4046.0,192.5,21.0,6.5299997,-0.37,0.034999996,-0.06,0.02,3.68,0.08000004,3625.0,43.0,15.94,2.4499993
2M05400195-0221325,05400195-0221325,85.008155,-2.359045,-0.54,0.17500001,-0.02,0.095,3.22,0.19500005,3442.5,109.5,20.7,8.429999,-0.54,0.22500001,0.08,0.120000005,3.73,0.17000008,3619.0,144.0,15.51,4.305,-0.33,0.034999996,-0.04,0.02,3.34,0.08500004,3348.0,41.5,14.65,1.1700001
2M05400365-0216461,05400365-0216461,85.015228,-2.279474,-0.27,0.050000004,-0.09,0.035,3.52,0.07499993,3860.0,71.5,38.2,1.8400002,-0.17,0.049999997,0.02,0.055,3.93,0.100000024,4083.0,100.0,38.36,2.0749989,-0.27,0.019999996,-0.04,0.02,3.51,0.044999957,3879.0,36.0,35.58,1.4249992
2M05400592-0203271,05400592-0203271,85.024706,-2.057542,-0.08,0.035,-0.03,0.030000001,3.96,0.059999943,4118.5,45.0,43.52,1.6499996,-0.05,0.08499999,0.04,0.09,3.95,0.17500007,4276.0,142.0,46.2,5.4349995,-0.1,0.02,-0.01,0.02,3.7,0.06999993,4088.0,36.5,42.79,0.96500015
2M05400668+0103099,05400668+0103099,85.02787,1.052767,-0.09,0.09,-0.09,0.044999998,3.98,0.120000005,3618.0,84.5,15.53,3.7549996,0.17,0.045,-0.1,0.025,4.16,0.05499983,3490.0,62.875,12.03,2.585,0.06,0.095,-0.07,0.025,3.89,0.13,3452.0,56.5,11.79,2.005
2M05400889-0233336,05400889-0233336,85.037043,-2.559357,-0.68,0.100000024,-0.07,0.085,3.47,0.13499999,3957.0,173.0,19.05,3.9500003,-0.55,0.034999996,-0.12,0.019999996,3.67,0.04000008,3912.0,96.5,19.74,1.7650003,-0.55,0.02000001,-0.08,0.014999999,3.72,0.024999976,3910.0,52.0,16.48,1.7399998
2M05401286-0222020,05401286-0222020,85.053605,-2.367234,-0.47,0.06499998,-0.09,0.044999998,3.68,0.110000014,4096.0,127.5,23.24,3.3450003,-0.48,0.03999999,-0.11,0.029999997,3.69,0.054999948,3932.0,124.0,20.72,2.335,-0.51,0.045,0.0,0.035,3.27,0.125,4136.0,44.0,19.94,1.3299999
2M05401352-0127452,05401352-0127452,85.056373,-1.462579,-1.67,0.26999998,-0.05,0.17,3.0,0.14999998,5361.0,79.0,171.02,11.494995,-1.25,0.04000002,-0.49,0.025000006,3.08,0.045000076,5378.0,29.0,194.94,3.625,-1.43,0.13499999,-0.22,0.27,2.88,0.07000005,5302.0,30.5,194.06,6.015007
2M05401513-0057266,05401513-0057266,85.063077,-0.957402,-0.02,0.044999998,-0.04,0.035,3.81,0.060000062,3532.0,52.0,15.9,2.105,0.04,0.15,0.05,0.08,4.04,0.18000007,3613.0,128.5,21.43,5.825001,0.0,0.035,-0.05,0.024999999,3.77,0.054999948,3522.0,34.75,15.22,1.4449997
2M05401702-0218111,05401702-0218111,85.07092,-2.303111,-0.37,0.065,0.1,0.075,3.9,0.14499998,3937.0,62.0,30.79,2.6549997,-0.3,0.025000006,-0.07,0.02,3.72,0.034999967,3808.0,39.0,30.28,2.1049995,-0.34,0.025000006,-0.04,0.024999999,3.68,0.03999996,3827.0,36.5,29.66,1.6149998
2M05402018-0226082,05402018-0226082,85.084123,-2.435633,-1.58,0.10500002,-0.41,0.205,2.9,0.08000004,5276.0,40.5,141.98,17.910004,-1.26,0.049999952,-0.59,0.075,3.06,0.05000007,5375.0,39.0,195.0,5.0250015,-1.53,0.08000004,-0.06,0.089999996,2.86,0.03000009,5279.0,33.5,196.83,7.625
2M05402243-0215399,05402243-0215399,85.09348,-2.261094,-0.62,0.060000002,-0.11,0.029999997,3.13,0.07500005,3531.0,84.0,18.86,2.9449997,-0.63,0.13,0.12,0.120000005,3.66,0.19500005,3967.0,180.0,19.54,3.96,-0.43,0.054999992,-0.06,0.015000001,3.57,0.14499998,3613.0,50.5,14.94,1.5900002
2M05402461-0152309,05402461-0152309,85.102544,-1.875273,-0.34,0.11000001,0.21,0.27999997,3.81,0.18500006,4178.0,206.0,23.77,3.7349997,-0.25,0.059999995,0.02,0.055,4.19,0.099999905,4075.0,117.0,19.3,2.6549997,-0.17,0.054999992,-0.04,0.024999999,4.15,0.110000014,3885.0,51.5,16.25,1.9399996
2M05402650-0146510,05402650-0146510,85.110457,-1.780835,-0.84,0.10500002,0.37,0.13,3.52,0.06999993,6101.0,74.5,191.64,6.614998,-0.67,0.055000007,0.04,0.065,3.44,0.059999943,6039.0,57.0,173.72,5.415001,-0.55,0.025000006,-0.21,0.030000001,3.44,0.029999971,6003.0,28.0,198.12,5.0
2M05403931-0226460,05403931-0226460,85.163823,-2.446134,-0.27,0.114999995,0.22,0.145,3.58,0.13,3958.0,153.0,20.39,3.2649994,-0.29,0.089999996,0.05,0.08,3.53,0.10500002,3847.0,102.5,19.19,2.2249994,-0.34,0.025000006,-0.06,0.02,3.2,0.029999971,3603.0,38.0,15.27,1.4200001
2M05404482-0211500,05404482-0211500,85.186767,-2.197247,-0.17,0.024999999,0.02,0.025,3.54,0.03999996,4191.0,47.0,56.56,2.459999,-0.1,0.049999997,0.24,0.095,3.97,0.18999994,4359.0,61.0,57.81,3.875,-0.15,0.020000003,0.01,0.02,3.61,0.08500004,4145.0,31.0,52.61,1.0949993
2M05404676-0210499,05404676-0210499,85.194862,-2.180552,-0.77,0.109999985,-0.08,0.030000001,3.26,0.089999914,3484.0,67.0,17.71,2.46,-0.81,0.13000003,-0.06,0.030000001,3.27,0.09499991,3473.0,60.5,17.64,3.4450002,-0.59,0.034999996,-0.04,0.015000001,3.25,0.029999971,3334.0,35.0,15.64,1.7050004
2M05405172-0226489,05405172-0226489,85.21552,-2.44692,-0.28,0.030000009,-0.01,0.024999999,3.02,0.06500006,4116.0,45.0,20.91,1.8700008,-0.31,0.075,0.02,0.044999998,3.25,0.089999914,4144.0,63.5,20.8,2.5100002,-0.28,0.029999994,-0.09,0.015000002,3.42,0.07500005,3842.0,54.0,19.45,1.1800003
2M05405259-0259469,05405259-0259469,85.219146,-2.996365,-0.9,0.08499998,-0.02,0.03,3.3,0.060000062,3227.0,38.0,10.95,1.7949996,-1.12,0.35,0.24,0.16499999,4.47,0.26499987,3287.0,79.0,9.59,1.895,-0.6,0.060000002,0.01,0.03,3.58,0.09500003,3181.0,49.5,10.2,1.0099998
2M05405605-0147261,05405605-0147261,85.233578,-1.790604,-0.56,0.11,0.18,0.235,3.46,0.23000002,4092.0,255.5,20.92,3.6149998,-0.54,0.049999982,-0.09,0.020000001,3.41,0.055000067,3675.0,62.0,17.18,2.5600004,-0.37,0.030000001,-0.06,0.015000001,3.68,0.055000067,3624.0,21.0,14.81,1.4999995
2M05405637-0130257,05405637-0130257,85.234892,-1.507144,-2.09,0.06500006,0.01,0.095,3.41,0.10500002,5208.0,62.5,132.3,23.485,-2.02,0.06999993,-0.5,0.215,3.35,0.16999996,5203.0,81.5,159.29,12.965004,-2.06,0.044999957,0.08,0.055,3.46,0.07500005,5243.0,70.5,196.46,8.1349945
2M05405824-0117047,05405824-0117047,85.2427,-1.284653,-0.37,0.040000007,-0.1,0.02,3.49,0.024999976,3543.0,50.875,61.78,3.0499992,-0.56,0.065,0.14,0.095,3.43,0.08500004,4081.5,135.0,74.98,7.25,-0.44,0.099999994,-0.06,0.02,3.41,0.11500001,3486.0,62.0,54.02,3.3600006
2M05412450-0222362,05412450-0222362,85.352111,-2.376744,-0.35,0.059999987,-0.03,0.07,3.54,0.099999905,4765.0,127.0,76.64,3.2999992,-0.47,0.045,0.02,0.05,3.18,0.07999992,4517.0,78.5,75.34,3.1599998,-0.41,0.015000001,0.13,0.010000002,3.38,0.035000086,4513.0,35.0,71.64,1.0499992
2M05412833-0213596,05412833-0213596,85.368077,-2.233236,-0.35,0.06999999,0.09,0.06,3.3,0.09500003,3532.0,84.5,43.23,3.5,-0.21,0.055,0.06,0.035,3.36,0.06500006,3460.0,53.5,44.92,2.2350006,-0.2,0.019999996,0.08,0.015000001,3.26,0.03999996,3365.0,38.5,39.56,1.3450012
2M05412863-0113521,05412863-0113521,85.369297,-1.231164,-0.09,0.07,-0.1,0.02,3.53,0.054999948,3307.0,49.0,29.64,2.6299992,-0.26,0.1,-0.05,0.040000003,3.8,0.100000024,3469.0,69.0,32.06,4.120001,-0.18,0.030000001,-0.07,0.01,3.48,0.03999996,3277.0,37.0,25.89,2.37
2M05412982-0141378,05412982-0141378,85.374275,-1.693842,-1.0,0.09500003,-0.09,0.045,2.84,0.16999996,3955.0,175.5,33.63,5.58,-0.8,0.10499999,-0.05,0.06,3.8,0.18500006,3872.0,93.0,30.37,5.575001,-0.88,0.025000006,-0.09,0.015000001,3.3,0.024999976,3638.0,27.0,24.45,1.7749996
2M05413501-0138549,05413501-0138549,85.395905,-1.64859,-0.5,0.08500001,0.24,0.145,3.51,0.08499992,4087.0,176.875,19.65,3.585,-0.25,0.185,0.15,0.14999999,4.13,0.20500004,3917.0,198.5,22.47,9.2,-0.35,0.024999991,-0.07,0.015000001,3.41,0.034999967,3552.0,40.5,14.91,1.5349998
2M05413638-0216463,05413638-0216463,85.401613,-2.279554,-1.24,0.034999967,-0.17,0.020000003,3.22,0.07000005,4292.0,50.0,53.78,3.5699997,-1.18,0.035000026,-0.15,0.030000005,3.68,0.09500003,4312.0,70.5,54.0,4.129999,-1.2,0.025000036,-0.14,0.015000004,3.15,0.07000005,4350.0,34.5,52.9,2.4449997
2M05413972-0202242,05413972-0202242,85.415527,-2.040062,-0.55,0.08000001,-0.14,0.04,3.28,0.08500004,3813.0,180.5,21.76,2.5300007,-0.4,0.095,0.1,0.19500001,3.3,0.26999998,4236.0,191.5,27.76,5.4399996,-0.4,0.07499999,-0.11,0.034999996,3.56,0.125,3809.0,112.5,20.03,2.0900002
2M05414703-0216378,05414703-0216378,85.445991,-2.277174,-0.18,0.145,0.0,0.085,3.83,0.20000005,5209.0,255.0,24.03,3.375,-0.37,0.07499999,-0.14,0.18,3.27,0.20499992,4942.0,182.5,21.93,2.3150005,-0.49,0.044999987,0.1,0.024999999,3.08,0.125,4492.0,71.5,20.54,1.0500002
2M05414714-0200190,05414714-0200190,85.446431,-2.005281,-1.14,0.120000005,0.01,0.06,3.19,0.21000004,3519.0,75.5,86.93,25.12,-0.96,0.14499998,0.03,0.06,3.4,0.11500001,3500.0,57.0,105.05,14.990002,-0.83,0.08500001,0.07,0.1,3.59,0.13999999,3523.0,50.5,81.55,34.66
2M05415220-0201211,05415220-0201211,85.467504,-2.022553,-0.46,0.07000001,0.13,0.09,3.09,0.120000005,4401.0,96.0,33.46,2.8200006,-0.32,0.074999996,0.01,0.07,3.59,0.14999998,4493.0,123.0,38.12,4.2700005,-0.37,0.024999991,0.01,0.015,3.37,0.08500004,4365.0,42.5,33.13,1.6299992
2M05415319-0157441,05415319-0157441,85.47164,-1.962254,-0.7,0.04000002,-0.05,0.025,3.08,0.060000062,4319.0,93.0,24.79,1.5550003,-0.63,0.024999976,-0.03,0.024999999,3.67,0.13,4396.0,60.5,24.86,1.1700001,-0.63,0.01999998,-0.01,0.015,3.21,0.059999943,4374.0,39.0,23.96,0.6850004
2M05415489-0141379,05415489-0141379,85.478741,-1.693877,-1.08,0.3,0.03,0.12,3.23,0.18000007,3469.0,99.5,16.48,3.4450002,-0.61,0.060000002,-0.03,0.035,3.77,0.049999952,3440.0,57.0,15.52,2.12,-0.64,0.109999985,-0.03,0.049999997,3.57,0.17000008,3425.0,53.5,14.7,1.1749997
2M05415556-0223404,05415556-0223404,85.481533,-2.394569,-0.43,0.20500001,0.09,0.2,3.39,0.18999994,3622.0,203.0,18.96,4.5800004,-0.59,0.305,-0.01,0.09,3.0,0.255,3460.0,90.5,16.1,3.6599998,-0.33,0.019999996,-0.05,0.02,3.16,0.049999952,3322.0,38.0,11.95,1.8850002
2M05415845-0115486,05415845-0115486,85.49356,-1.263519,-0.54,0.030000001,-0.0,0.015,3.06,0.03999996,4154.0,44.0,24.65,1.9350004,-0.4,0.060000002,0.09,0.08,3.77,0.125,4241.0,83.0,29.68,4.095001,-0.34,0.065,-0.1,0.025,3.88,0.120000005,3846.0,79.5,20.26,2.2650003
2M05415868-0203418,05415868-0203418,85.494503,-2.061624,-0.26,0.13499999,0.03,0.11,3.33,0.18499994,3770.0,206.0,21.02,3.4099998,-0.45,0.13499999,0.27,0.21000001,3.21,0.20500004,3930.0,165.0,21.67,4.005,-0.35,0.019999996,-0.04,0.015000001,3.21,0.024999976,3518.0,28.0,15.53,1.4499998
2M05415920+0103361,05415920+0103361,85.496683,1.060045,-0.17,0.13,-0.06,0.065,3.71,0.17500007,3771.0,171.0,26.32,9.170001,0.17,0.175,-0.09,0.03,4.16,0.20500004,3632.5,100.0,22.74,3.75,-0.07,0.034999996,-0.06,0.015000001,3.73,0.029999971,3553.0,41.0,16.47,1.9799995
2M05415930-0159108,05415930-0159108,85.497112,-1.986346,-0.49,0.13999999,0.05,0.060000002,3.75,0.13,3367.0,70.0,15.71,2.7750006,-0.16,0.08500001,-0.06,0.03,3.36,0.060000062,3193.0,63.5,18.16,2.2150002,-0.28,0.07,-0.01,0.02,3.38,0.08500004,3207.0,37.0,14.71,1.0099998
2M05415976-0147363,05415976-0147363,85.499013,-1.79343,-0.7,0.16499999,-0.06,0.16,3.51,0.23000002,3660.0,230.875,26.26,7.9449997,-0.52,0.13999999,-0.06,0.075,3.65,0.20500004,3557.0,99.5,20.83,4.55,-0.6,0.060000002,-0.08,0.015000002,3.34,0.06500006,3446.0,41.5,15.68,2.085
2M05415980+0035270,05415980+0035270,85.499189,0.59086,-0.42,0.045,-0.09,0.035,3.15,0.10500002,4820.0,66.0,43.26,2.1949997,-0.29,0.065000005,-0.07,0.044999998,3.81,0.07999992,5062.0,131.0,45.96,2.5699997,-0.4,0.015000001,0.03,0.024999999,3.48,0.034999967,4694.0,40.0,42.65,0.6700001
2M05420580-0159289,05420580-0159289,85.524179,-1.991372,-0.98,0.17499998,-0.05,0.099999994,3.44,0.16499996,3748.0,141.5,21.51,5.5599995,-0.76,0.095,-0.1,0.03,3.59,0.100000024,3707.0,80.0,17.45,2.67,-0.59,0.034999996,-0.06,0.01,3.76,0.03999996,3626.0,22.5,15.41,1.8049998
2M05420934-0158048,05420934-0158048,85.538958,-1.96801,-0.13,0.035000004,-0.12,0.024999999,3.71,0.08000004,3709.0,39.5,29.1,2.1599998,-0.37,0.06999999,-0.08,0.030000001,3.43,0.07499993,3774.0,66.5,30.25,2.9900007,-0.33,0.025000006,-0.08,0.015000002,3.32,0.07500005,3562.0,60.5,25.31,2.1850004
2M05421319-0158336,05421319-0158336,85.554967,-1.976004,-0.19,0.030000001,0.1,0.03,3.81,0.07499993,4600.0,56.5,53.05,1.2600002,-0.19,0.08,0.09,0.060000002,3.52,0.06999993,4696.0,157.5,52.66,3.5599995,-0.22,0.015000001,0.03,0.01,3.69,0.024999976,4433.0,37.0,49.31,1.0750008
2M05421842-0219463,05421842-0219463,85.57675,-2.329546,0.12,0.065,-0.05,0.024999999,3.99,0.09500003,3544.0,60.0,19.25,2.165,-0.06,0.14,0.23,0.145,4.21,0.17499995,3775.0,152.375,21.46,3.6050005,0.07,0.024999999,-0.03,0.024999999,3.7,0.049999952,3426.0,43.0,18.97,1.8450003
2M05421948-0215409,05421948-0215409,85.581199,-2.261371,-0.42,0.21000001,0.07,0.125,3.98,0.23000002,3683.0,175.0,37.45,17.574999,-0.21,0.075,0.11,0.055000003,4.38,0.10500002,3714.0,84.0,24.74,3.505,-0.23,0.04,-0.04,0.015,3.72,0.049999952,3467.0,34.0,20.48,1.5900002
2M05423101-0051202,05423101-0051202,85.629238,-0.855624,0.09,0.03,0.05,0.02,4.0,0.07499993,4979.0,72.0,11.58,0.98499966,0.18,0.045,-0.15,0.09,4.53,0.14499998,5322.0,111.5,10.88,1.25,0.13,0.035,0.06,0.02,4.18,0.07999992,5033.0,69.0,10.63,0.8499999
2M05423258-0138123,05423258-0138123,85.635754,-1.636774,-0.42,0.10000001,-0.0,0.075,3.21,0.13999999,4105.0,116.5,24.66,2.7250004,-0.42,0.075,0.22,0.155,3.65,0.13499999,4193.0,132.0,24.56,3.125,-0.32,0.065,-0.07,0.04,3.81,0.11500001,3825.0,107.0,19.45,1.96
2M05423334-0025505,05423334-0025505,85.638942,-0.430699,-1.08,0.265,0.09,0.050000004,3.65,0.18500006,3446.0,46.5,13.15,2.25,-0.5,0.125,0.09,0.05,4.36,0.10500002,3509.0,73.875,12.97,2.3249998,-0.32,0.21000001,0.04,0.105,3.97,0.19999993,3374.0,82.5,11.4,1.6399999
2M05423868-0154224,05423868-0154224,85.661172,-1.906224,-0.53,0.099999994,0.08,0.06,3.21,0.07499993,3180.0,33.375,15.47,2.7749996,-0.5,0.14500001,-0.01,0.095,3.19,0.125,3208.0,55.5,21.06,6.1299996,-0.24,0.09,-0.04,0.025,3.24,0.09500003,3069.0,67.0,12.93,2.4900002
2M05424105-0033264,05424105-0033264,85.671066,-0.557353,-0.56,0.21000001,0.28,0.17,3.82,0.17999995,3749.0,191.75,39.96,6.754999,-0.28,0.099999994,0.1,0.060000002,3.96,0.09000003,3575.0,52.0,31.93,3.0199995,-0.16,0.024999999,-0.05,0.02,3.54,0.07500005,3363.0,47.0,25.4,2.1400003
2M05424581-0215232,05424581-0215232,85.690893,-2.256465,-0.5,0.10499999,-0.09,0.085,3.32,0.17499995,4109.0,184.5,22.95,4.125,-0.4,0.044999987,0.06,0.040000003,3.46,0.08499992,4156.0,54.5,24.82,2.6050005,-0.39,0.024999991,-0.07,0.02,3.7,0.044999957,3858.0,69.0,19.26,1.1449995
2M05425225-0105146,05425225-0105146,85.717718,-1.087403,-0.34,0.065,0.21,0.095000006,3.28,0.110000014,4227.0,75.0,21.82,2.545,-0.19,0.075,-0.06,0.055,4.29,0.125,4108.0,112.5,20.86,2.9250002,-0.28,0.030000001,-0.05,0.044999998,3.75,0.07499993,3930.0,87.0,19.49,1.29
2M05425881-0218370,05425881-0218370,85.745055,-2.310302,-0.12,0.13,-0.14,0.07,3.6,0.11500001,5309.0,199.5,26.1,2.2699995,-0.41,0.095,0.07,0.065,3.58,0.08500004,4795.0,195.75,25.92,2.1899996,-0.28,0.035000004,0.03,0.025,3.31,0.07000005,4853.0,58.0,24.36,0.9000006
2M05430805-0234249,05430805-0234249,85.783582,-2.573597,-0.23,0.055,-0.03,0.04,3.56,0.08499992,3761.0,67.5,25.33,2.3949995,-0.15,0.06999999,-0.06,0.035,3.71,0.06499994,3701.0,69.5,22.91,2.5200005,-0.31,0.024999991,-0.04,0.02,3.28,0.034999967,3548.0,33.5,21.05,1.7649994
2M05432925+0004589,05432925+0004589,85.871884,0.083038,-1.29,0.024999976,0.04,0.025,3.18,0.049999952,4989.0,39.75,174.54,2.4449997,-1.34,0.089999974,0.16,0.115,3.19,0.06499994,4995.0,64.5,148.3,10.014999,-1.45,0.050000012,0.49,0.050000012,3.12,0.045000076,4915.0,37.0,180.06,6.6900024
2M05433899-0141157,05433899-0141157,85.912485,-1.687706,-0.41,0.08,-0.02,0.065,3.08,0.10500002,3826.0,106.375,21.35,2.9700003,0.06,0.105000004,-0.05,0.045,4.15,0.17999995,3781.0,79.5,21.01,3.46,-0.31,0.055000007,-0.07,0.02,3.3,0.09000003,3561.0,50.5,16.37,2.295
